,ages_ranges,genders,behavior,scholarities,audience,topic,location
9180,18-24,1.0,Expats,Graduated,1500,War,Alabama
9181,25-44,1.0,Expats,Graduated,4400,War,Alabama
9182,45+,1.0,Expats,Graduated,1100,War,Alabama
9183,18-24,2.0,Expats,Graduated,320,War,Alabama
9184,25-44,2.0,Expats,Graduated,1400,War,Alabama
9185,45+,2.0,Expats,Graduated,570,War,Alabama
9186,18-24,1.0,Expats,No Degree,2100,War,Alabama
9187,25-44,1.0,Expats,No Degree,4100,War,Alabama
9188,45+,1.0,Expats,No Degree,880,War,Alabama
9189,18-24,2.0,Expats,No Degree,420,War,Alabama
9190,25-44,2.0,Expats,No Degree,1100,War,Alabama
9191,45+,2.0,Expats,No Degree,490,War,Alabama
9192,18-24,1.0,Expats,High School,1400,War,Alabama
9193,25-44,1.0,Expats,High School,2300,War,Alabama
9194,45+,1.0,Expats,High School,510,War,Alabama
9195,18-24,2.0,Expats,High School,450,War,Alabama
9196,25-44,2.0,Expats,High School,900,War,Alabama
9197,45+,2.0,Expats,High School,310,War,Alabama
9198,18-24,1.0,Locals,Graduated,16000,War,Alabama
9199,25-44,1.0,Locals,Graduated,51000,War,Alabama
9200,45+,1.0,Locals,Graduated,33000,War,Alabama
9201,18-24,2.0,Locals,Graduated,4800,War,Alabama
9202,25-44,2.0,Locals,Graduated,29000,War,Alabama
9203,45+,2.0,Locals,Graduated,27000,War,Alabama
9204,18-24,1.0,Locals,No Degree,9400,War,Alabama
9205,25-44,1.0,Locals,No Degree,16000,War,Alabama
9206,45+,1.0,Locals,No Degree,13000,War,Alabama
9207,18-24,2.0,Locals,No Degree,3500,War,Alabama
9208,25-44,2.0,Locals,No Degree,6200,War,Alabama
9209,45+,2.0,Locals,No Degree,9700,War,Alabama
9210,18-24,1.0,Locals,High School,22000,War,Alabama
9211,25-44,1.0,Locals,High School,40000,War,Alabama
9212,45+,1.0,Locals,High School,22000,War,Alabama
9213,18-24,2.0,Locals,High School,8500,War,Alabama
9214,25-44,2.0,Locals,High School,19000,War,Alabama
9215,45+,2.0,Locals,High School,19000,War,Alabama
9216,18-24,1.0,Expats,Graduated,320,War,Alaska
9217,25-44,1.0,Expats,Graduated,1200,War,Alaska
9218,45+,1.0,Expats,Graduated,400,War,Alaska
9219,18-24,2.0,Expats,Graduated,70,War,Alaska
9220,25-44,2.0,Expats,Graduated,470,War,Alaska
9221,45+,2.0,Expats,Graduated,220,War,Alaska
9222,18-24,1.0,Expats,No Degree,240,War,Alaska
9223,25-44,1.0,Expats,No Degree,390,War,Alaska
9224,45+,1.0,Expats,No Degree,280,War,Alaska
9225,18-24,2.0,Expats,No Degree,100,War,Alaska
9226,25-44,2.0,Expats,No Degree,190,War,Alaska
9227,45+,2.0,Expats,No Degree,100,War,Alaska
9228,18-24,1.0,Expats,High School,320,War,Alaska
9229,25-44,1.0,Expats,High School,670,War,Alaska
9230,45+,1.0,Expats,High School,250,War,Alaska
9231,18-24,2.0,Expats,High School,170,War,Alaska
9232,25-44,2.0,Expats,High School,230,War,Alaska
9233,45+,2.0,Expats,High School,90,War,Alaska
9234,18-24,1.0,Locals,Graduated,2500,War,Alaska
9235,25-44,1.0,Locals,Graduated,9500,War,Alaska
9236,45+,1.0,Locals,Graduated,5200,War,Alaska
9237,18-24,2.0,Locals,Graduated,620,War,Alaska
9238,25-44,2.0,Locals,Graduated,4300,War,Alaska
9239,45+,2.0,Locals,Graduated,3100,War,Alaska
9240,18-24,1.0,Locals,No Degree,1900,War,Alaska
9241,25-44,1.0,Locals,No Degree,3400,War,Alaska
9242,45+,1.0,Locals,No Degree,2000,War,Alaska
9243,18-24,2.0,Locals,No Degree,490,War,Alaska
9244,25-44,2.0,Locals,No Degree,1200,War,Alaska
9245,45+,2.0,Locals,No Degree,1500,War,Alaska
9246,18-24,1.0,Locals,High School,5200,War,Alaska
9247,25-44,1.0,Locals,High School,8500,War,Alaska
9248,45+,1.0,Locals,High School,3600,War,Alaska
9249,18-24,2.0,Locals,High School,1500,War,Alaska
9250,25-44,2.0,Locals,High School,3400,War,Alaska
9251,45+,2.0,Locals,High School,2100,War,Alaska
9252,18-24,1.0,Expats,Graduated,4400,War,Arizona
9253,25-44,1.0,Expats,Graduated,13000,War,Arizona
9254,45+,1.0,Expats,Graduated,4600,War,Arizona
9255,18-24,2.0,Expats,Graduated,1400,War,Arizona
9256,25-44,2.0,Expats,Graduated,7500,War,Arizona
9257,45+,2.0,Expats,Graduated,3600,War,Arizona
9258,18-24,1.0,Expats,No Degree,3600,War,Arizona
9259,25-44,1.0,Expats,No Degree,10000,War,Arizona
9260,45+,1.0,Expats,No Degree,5200,War,Arizona
9261,18-24,2.0,Expats,No Degree,1900,War,Arizona
9262,25-44,2.0,Expats,No Degree,6000,War,Arizona
9263,45+,2.0,Expats,No Degree,4100,War,Arizona
9264,18-24,1.0,Expats,High School,4300,War,Arizona
9265,25-44,1.0,Expats,High School,7600,War,Arizona
9266,45+,1.0,Expats,High School,2200,War,Arizona
9267,18-24,2.0,Expats,High School,2200,War,Arizona
9268,25-44,2.0,Expats,High School,4800,War,Arizona
9269,45+,2.0,Expats,High School,1800,War,Arizona
9270,18-24,1.0,Locals,Graduated,20000,War,Arizona
9271,25-44,1.0,Locals,Graduated,59000,War,Arizona
9272,45+,1.0,Locals,Graduated,40000,War,Arizona
9273,18-24,2.0,Locals,Graduated,6400,War,Arizona
9274,25-44,2.0,Locals,Graduated,33000,War,Arizona
9275,45+,2.0,Locals,Graduated,33000,War,Arizona
9276,18-24,1.0,Locals,No Degree,16000,War,Arizona
9277,25-44,1.0,Locals,No Degree,23000,War,Arizona
9278,45+,1.0,Locals,No Degree,15000,War,Arizona
9279,18-24,2.0,Locals,No Degree,6500,War,Arizona
9280,25-44,2.0,Locals,No Degree,9800,War,Arizona
9281,45+,2.0,Locals,No Degree,13000,War,Arizona
9282,18-24,1.0,Locals,High School,30000,War,Arizona
9283,25-44,1.0,Locals,High School,45000,War,Arizona
9284,45+,1.0,Locals,High School,23000,War,Arizona
9285,18-24,2.0,Locals,High School,12000,War,Arizona
9286,25-44,2.0,Locals,High School,23000,War,Arizona
9287,45+,2.0,Locals,High School,20000,War,Arizona
9288,18-24,1.0,Expats,Graduated,990,War,Arkansas
9289,25-44,1.0,Expats,Graduated,3100,War,Arkansas
9290,45+,1.0,Expats,Graduated,830,War,Arkansas
9291,18-24,2.0,Expats,Graduated,390,War,Arkansas
9292,25-44,2.0,Expats,Graduated,1200,War,Arkansas
9293,45+,2.0,Expats,Graduated,430,War,Arkansas
9294,18-24,1.0,Expats,No Degree,1000,War,Arkansas
9295,25-44,1.0,Expats,No Degree,3100,War,Arkansas
9296,45+,1.0,Expats,No Degree,810,War,Arkansas
9297,18-24,2.0,Expats,No Degree,290,War,Arkansas
9298,25-44,2.0,Expats,No Degree,1200,War,Arkansas
9299,45+,2.0,Expats,No Degree,420,War,Arkansas
9300,18-24,1.0,Expats,High School,960,War,Arkansas
9301,25-44,1.0,Expats,High School,1600,War,Arkansas
9302,45+,1.0,Expats,High School,400,War,Arkansas
9303,18-24,2.0,Expats,High School,360,War,Arkansas
9304,25-44,2.0,Expats,High School,850,War,Arkansas
9305,45+,2.0,Expats,High School,280,War,Arkansas
9306,18-24,1.0,Locals,Graduated,8900,War,Arkansas
9307,25-44,1.0,Locals,Graduated,32000,War,Arkansas
9308,45+,1.0,Locals,Graduated,19000,War,Arkansas
9309,18-24,2.0,Locals,Graduated,2900,War,Arkansas
9310,25-44,2.0,Locals,Graduated,16000,War,Arkansas
9311,45+,2.0,Locals,Graduated,15000,War,Arkansas
9312,18-24,1.0,Locals,No Degree,5600,War,Arkansas
9313,25-44,1.0,Locals,No Degree,10000,War,Arkansas
9314,45+,1.0,Locals,No Degree,8400,War,Arkansas
9315,18-24,2.0,Locals,No Degree,1900,War,Arkansas
9316,25-44,2.0,Locals,No Degree,3400,War,Arkansas
9317,45+,2.0,Locals,No Degree,5400,War,Arkansas
9318,18-24,1.0,Locals,High School,12000,War,Arkansas
9319,25-44,1.0,Locals,High School,27000,War,Arkansas
9320,45+,1.0,Locals,High School,15000,War,Arkansas
9321,18-24,2.0,Locals,High School,4900,War,Arkansas
9322,25-44,2.0,Locals,High School,11000,War,Arkansas
9323,45+,2.0,Locals,High School,12000,War,Arkansas
9324,18-24,1.0,Expats,Graduated,29000,War,California
9325,25-44,1.0,Expats,Graduated,120000,War,California
9326,45+,1.0,Expats,Graduated,45000,War,California
9327,18-24,2.0,Expats,Graduated,9500,War,California
9328,25-44,2.0,Expats,Graduated,54000,War,California
9329,45+,2.0,Expats,Graduated,26000,War,California
9330,18-24,1.0,Expats,No Degree,30000,War,California
9331,25-44,1.0,Expats,No Degree,110000,War,California
9332,45+,1.0,Expats,No Degree,62000,War,California
9333,18-24,2.0,Expats,No Degree,10000,War,California
9334,25-44,2.0,Expats,No Degree,53000,War,California
9335,45+,2.0,Expats,No Degree,38000,War,California
9336,18-24,1.0,Expats,High School,28000,War,California
9337,25-44,1.0,Expats,High School,66000,War,California
9338,45+,1.0,Expats,High School,22000,War,California
9339,18-24,2.0,Expats,High School,12000,War,California
9340,25-44,2.0,Expats,High School,34000,War,California
9341,45+,2.0,Expats,High School,13000,War,California
9342,18-24,1.0,Locals,Graduated,78000,War,California
9343,25-44,1.0,Locals,Graduated,260000,War,California
9344,45+,1.0,Locals,Graduated,140000,War,California
9345,18-24,2.0,Locals,Graduated,26000,War,California
9346,25-44,2.0,Locals,Graduated,150000,War,California
9347,45+,2.0,Locals,Graduated,110000,War,California
9348,18-24,1.0,Locals,No Degree,67000,War,California
9349,25-44,1.0,Locals,No Degree,110000,War,California
9350,45+,1.0,Locals,No Degree,67000,War,California
9351,18-24,2.0,Locals,No Degree,23000,War,California
9352,25-44,2.0,Locals,No Degree,47000,War,California
9353,45+,2.0,Locals,No Degree,52000,War,California
9354,18-24,1.0,Locals,High School,120000,War,California
9355,25-44,1.0,Locals,High School,190000,War,California
9356,45+,1.0,Locals,High School,84000,War,California
9357,18-24,2.0,Locals,High School,46000,War,California
9358,25-44,2.0,Locals,High School,90000,War,California
9359,45+,2.0,Locals,High School,67000,War,California
9360,18-24,1.0,Expats,Graduated,3500,War,Colorado
9361,25-44,1.0,Expats,Graduated,9500,War,Colorado
9362,45+,1.0,Expats,Graduated,2900,War,Colorado
9363,18-24,2.0,Expats,Graduated,1100,War,Colorado
9364,25-44,2.0,Expats,Graduated,4500,War,Colorado
9365,45+,2.0,Expats,Graduated,1600,War,Colorado
9366,18-24,1.0,Expats,No Degree,3300,War,Colorado
9367,25-44,1.0,Expats,No Degree,9100,War,Colorado
9368,45+,1.0,Expats,No Degree,3000,War,Colorado
9369,18-24,2.0,Expats,No Degree,1300,War,Colorado
9370,25-44,2.0,Expats,No Degree,3800,War,Colorado
9371,45+,2.0,Expats,No Degree,1700,War,Colorado
9372,18-24,1.0,Expats,High School,3400,War,Colorado
9373,25-44,1.0,Expats,High School,5400,War,Colorado
9374,45+,1.0,Expats,High School,1100,War,Colorado
9375,18-24,2.0,Expats,High School,1700,War,Colorado
9376,25-44,2.0,Expats,High School,3000,War,Colorado
9377,45+,2.0,Expats,High School,790,War,Colorado
9378,18-24,1.0,Locals,Graduated,17000,War,Colorado
9379,25-44,1.0,Locals,Graduated,58000,War,Colorado
9380,45+,1.0,Locals,Graduated,30000,War,Colorado
9381,18-24,2.0,Locals,Graduated,4800,War,Colorado
9382,25-44,2.0,Locals,Graduated,32000,War,Colorado
9383,45+,2.0,Locals,Graduated,24000,War,Colorado
9384,18-24,1.0,Locals,No Degree,15000,War,Colorado
9385,25-44,1.0,Locals,No Degree,19000,War,Colorado
9386,45+,1.0,Locals,No Degree,10000,War,Colorado
9387,18-24,2.0,Locals,No Degree,5000,War,Colorado
9388,25-44,2.0,Locals,No Degree,7200,War,Colorado
9389,45+,2.0,Locals,No Degree,8300,War,Colorado
9390,18-24,1.0,Locals,High School,28000,War,Colorado
9391,25-44,1.0,Locals,High School,42000,War,Colorado
9392,45+,1.0,Locals,High School,17000,War,Colorado
9393,18-24,2.0,Locals,High School,9700,War,Colorado
9394,25-44,2.0,Locals,High School,18000,War,Colorado
9395,45+,2.0,Locals,High School,13000,War,Colorado
9396,18-24,1.0,Expats,Graduated,2400,War,Connecticut
9397,25-44,1.0,Expats,Graduated,9600,War,Connecticut
9398,45+,1.0,Expats,Graduated,3100,War,Connecticut
9399,18-24,2.0,Expats,Graduated,630,War,Connecticut
9400,25-44,2.0,Expats,Graduated,3800,War,Connecticut
9401,45+,2.0,Expats,Graduated,2100,War,Connecticut
9402,18-24,1.0,Expats,No Degree,2200,War,Connecticut
9403,25-44,1.0,Expats,No Degree,7100,War,Connecticut
9404,45+,1.0,Expats,No Degree,3000,War,Connecticut
9405,18-24,2.0,Expats,No Degree,520,War,Connecticut
9406,25-44,2.0,Expats,No Degree,2100,War,Connecticut
9407,45+,2.0,Expats,No Degree,1700,War,Connecticut
9408,18-24,1.0,Expats,High School,2200,War,Connecticut
9409,25-44,1.0,Expats,High School,5100,War,Connecticut
9410,45+,1.0,Expats,High School,1700,War,Connecticut
9411,18-24,2.0,Expats,High School,860,War,Connecticut
9412,25-44,2.0,Expats,High School,2200,War,Connecticut
9413,45+,2.0,Expats,High School,1100,War,Connecticut
9414,18-24,1.0,Locals,Graduated,6700,War,Connecticut
9415,25-44,1.0,Locals,Graduated,25000,War,Connecticut
9416,45+,1.0,Locals,Graduated,16000,War,Connecticut
9417,18-24,2.0,Locals,Graduated,2000,War,Connecticut
9418,25-44,2.0,Locals,Graduated,14000,War,Connecticut
9419,45+,2.0,Locals,Graduated,13000,War,Connecticut
9420,18-24,1.0,Locals,No Degree,4500,War,Connecticut
9421,25-44,1.0,Locals,No Degree,7900,War,Connecticut
9422,45+,1.0,Locals,No Degree,6600,War,Connecticut
9423,18-24,2.0,Locals,No Degree,1200,War,Connecticut
9424,25-44,2.0,Locals,No Degree,3100,War,Connecticut
9425,45+,2.0,Locals,No Degree,4600,War,Connecticut
9426,18-24,1.0,Locals,High School,10000,War,Connecticut
9427,25-44,1.0,Locals,High School,18000,War,Connecticut
9428,45+,1.0,Locals,High School,10000,War,Connecticut
9429,18-24,2.0,Locals,High School,4600,War,Connecticut
9430,25-44,2.0,Locals,High School,7100,War,Connecticut
9431,45+,2.0,Locals,High School,7900,War,Connecticut
9432,18-24,1.0,Expats,Graduated,590,War,Delaware
9433,25-44,1.0,Expats,Graduated,1900,War,Delaware
9434,45+,1.0,Expats,Graduated,500,War,Delaware
9435,18-24,2.0,Expats,Graduated,160,War,Delaware
9436,25-44,2.0,Expats,Graduated,710,War,Delaware
9437,45+,2.0,Expats,Graduated,270,War,Delaware
9438,18-24,1.0,Expats,No Degree,450,War,Delaware
9439,25-44,1.0,Expats,No Degree,1400,War,Delaware
9440,45+,1.0,Expats,No Degree,380,War,Delaware
9441,18-24,2.0,Expats,No Degree,90,War,Delaware
9442,25-44,2.0,Expats,No Degree,550,War,Delaware
9443,45+,2.0,Expats,No Degree,210,War,Delaware
9444,18-24,1.0,Expats,High School,470,War,Delaware
9445,25-44,1.0,Expats,High School,990,War,Delaware
9446,45+,1.0,Expats,High School,180,War,Delaware
9447,18-24,2.0,Expats,High School,150,War,Delaware
9448,25-44,2.0,Expats,High School,480,War,Delaware
9449,45+,2.0,Expats,High School,190,War,Delaware
9450,18-24,1.0,Locals,Graduated,2100,War,Delaware
9451,25-44,1.0,Locals,Graduated,8500,War,Delaware
9452,45+,1.0,Locals,Graduated,5100,War,Delaware
9453,18-24,2.0,Locals,Graduated,630,War,Delaware
9454,25-44,2.0,Locals,Graduated,5300,War,Delaware
9455,45+,2.0,Locals,Graduated,4300,War,Delaware
9456,18-24,1.0,Locals,No Degree,1300,War,Delaware
9457,25-44,1.0,Locals,No Degree,2500,War,Delaware
9458,45+,1.0,Locals,No Degree,2000,War,Delaware
9459,18-24,2.0,Locals,No Degree,570,War,Delaware
9460,25-44,2.0,Locals,No Degree,1000,War,Delaware
9461,45+,2.0,Locals,No Degree,1700,War,Delaware
9462,18-24,1.0,Locals,High School,3100,War,Delaware
9463,25-44,1.0,Locals,High School,7000,War,Delaware
9464,45+,1.0,Locals,High School,4100,War,Delaware
9465,18-24,2.0,Locals,High School,1300,War,Delaware
9466,25-44,2.0,Locals,High School,3600,War,Delaware
9467,45+,2.0,Locals,High School,3200,War,Delaware
9468,18-24,1.0,Expats,Graduated,640,War,District of Columbia
9469,25-44,1.0,Expats,Graduated,2400,War,District of Columbia
9470,45+,1.0,Expats,Graduated,720,War,District of Columbia
9471,18-24,2.0,Expats,Graduated,260,War,District of Columbia
9472,25-44,2.0,Expats,Graduated,1100,War,District of Columbia
9473,45+,2.0,Expats,Graduated,360,War,District of Columbia
9474,18-24,1.0,Expats,No Degree,690,War,District of Columbia
9475,25-44,1.0,Expats,No Degree,2000,War,District of Columbia
9476,45+,1.0,Expats,No Degree,590,War,District of Columbia
9477,18-24,2.0,Expats,No Degree,150,War,District of Columbia
9478,25-44,2.0,Expats,No Degree,460,War,District of Columbia
9479,45+,2.0,Expats,No Degree,180,War,District of Columbia
9480,18-24,1.0,Expats,High School,610,War,District of Columbia
9481,25-44,1.0,Expats,High School,1000,War,District of Columbia
9482,45+,1.0,Expats,High School,170,War,District of Columbia
9483,18-24,2.0,Expats,High School,250,War,District of Columbia
9484,25-44,2.0,Expats,High School,400,War,District of Columbia
9485,45+,2.0,Expats,High School,70,War,District of Columbia
9486,18-24,1.0,Locals,Graduated,1400,War,District of Columbia
9487,25-44,1.0,Locals,Graduated,7000,War,District of Columbia
9488,45+,1.0,Locals,Graduated,2400,War,District of Columbia
9489,18-24,2.0,Locals,Graduated,1000,War,District of Columbia
9490,25-44,2.0,Locals,Graduated,5100,War,District of Columbia
9491,45+,2.0,Locals,Graduated,1700,War,District of Columbia
9492,18-24,1.0,Locals,No Degree,690,War,District of Columbia
9493,25-44,1.0,Locals,No Degree,1800,War,District of Columbia
9494,45+,1.0,Locals,No Degree,1300,War,District of Columbia
9495,18-24,2.0,Locals,No Degree,200,War,District of Columbia
9496,25-44,2.0,Locals,No Degree,750,War,District of Columbia
9497,45+,2.0,Locals,No Degree,800,War,District of Columbia
9498,18-24,1.0,Locals,High School,2100,War,District of Columbia
9499,25-44,1.0,Locals,High School,3200,War,District of Columbia
9500,45+,1.0,Locals,High School,1200,War,District of Columbia
9501,18-24,2.0,Locals,High School,1100,War,District of Columbia
9502,25-44,2.0,Locals,High School,1700,War,District of Columbia
9503,45+,2.0,Locals,High School,790,War,District of Columbia
9504,18-24,1.0,Expats,Graduated,18000,War,Florida
9505,25-44,1.0,Expats,Graduated,73000,War,Florida
9506,45+,1.0,Expats,Graduated,33000,War,Florida
9507,18-24,2.0,Expats,Graduated,5100,War,Florida
9508,25-44,2.0,Expats,Graduated,31000,War,Florida
9509,45+,2.0,Expats,Graduated,23000,War,Florida
9510,18-24,1.0,Expats,No Degree,18000,War,Florida
9511,25-44,1.0,Expats,No Degree,51000,War,Florida
9512,45+,1.0,Expats,No Degree,28000,War,Florida
9513,18-24,2.0,Expats,No Degree,4700,War,Florida
9514,25-44,2.0,Expats,No Degree,16000,War,Florida
9515,45+,2.0,Expats,No Degree,17000,War,Florida
9516,18-24,1.0,Expats,High School,17000,War,Florida
9517,25-44,1.0,Expats,High School,37000,War,Florida
9518,45+,1.0,Expats,High School,14000,War,Florida
9519,18-24,2.0,Expats,High School,6600,War,Florida
9520,25-44,2.0,Expats,High School,15000,War,Florida
9521,45+,2.0,Expats,High School,11000,War,Florida
9522,18-24,1.0,Locals,Graduated,42000,War,Florida
9523,25-44,1.0,Locals,Graduated,160000,War,Florida
9524,45+,1.0,Locals,Graduated,110000,War,Florida
9525,18-24,2.0,Locals,Graduated,14000,War,Florida
9526,25-44,2.0,Locals,Graduated,84000,War,Florida
9527,45+,2.0,Locals,Graduated,93000,War,Florida
9528,18-24,1.0,Locals,No Degree,30000,War,Florida
9529,25-44,1.0,Locals,No Degree,55000,War,Florida
9530,45+,1.0,Locals,No Degree,48000,War,Florida
9531,18-24,2.0,Locals,No Degree,11000,War,Florida
9532,25-44,2.0,Locals,No Degree,21000,War,Florida
9533,45+,2.0,Locals,No Degree,34000,War,Florida
9534,18-24,1.0,Locals,High School,58000,War,Florida
9535,25-44,1.0,Locals,High School,110000,War,Florida
9536,45+,1.0,Locals,High School,70000,War,Florida
9537,18-24,2.0,Locals,High School,24000,War,Florida
9538,25-44,2.0,Locals,High School,51000,War,Florida
9539,45+,2.0,Locals,High School,60000,War,Florida
9540,18-24,1.0,Expats,Graduated,6000,War,Georgia
9541,25-44,1.0,Expats,Graduated,22000,War,Georgia
9542,45+,1.0,Expats,Graduated,6300,War,Georgia
9543,18-24,2.0,Expats,Graduated,1500,War,Georgia
9544,25-44,2.0,Expats,Graduated,9100,War,Georgia
9545,45+,2.0,Expats,Graduated,3700,War,Georgia
9546,18-24,1.0,Expats,No Degree,6800,War,Georgia
9547,25-44,1.0,Expats,No Degree,20000,War,Georgia
9548,45+,1.0,Expats,No Degree,6100,War,Georgia
9549,18-24,2.0,Expats,No Degree,1600,War,Georgia
9550,25-44,2.0,Expats,No Degree,6800,War,Georgia
9551,45+,2.0,Expats,No Degree,3100,War,Georgia
9552,18-24,1.0,Expats,High School,5200,War,Georgia
9553,25-44,1.0,Expats,High School,11000,War,Georgia
9554,45+,1.0,Expats,High School,2900,War,Georgia
9555,18-24,2.0,Expats,High School,2200,War,Georgia
9556,25-44,2.0,Expats,High School,4500,War,Georgia
9557,45+,2.0,Expats,High School,1600,War,Georgia
9558,18-24,1.0,Locals,Graduated,27000,War,Georgia
9559,25-44,1.0,Locals,Graduated,98000,War,Georgia
9560,45+,1.0,Locals,Graduated,59000,War,Georgia
9561,18-24,2.0,Locals,Graduated,8300,War,Georgia
9562,25-44,2.0,Locals,Graduated,53000,War,Georgia
9563,45+,2.0,Locals,Graduated,46000,War,Georgia
9564,18-24,1.0,Locals,No Degree,18000,War,Georgia
9565,25-44,1.0,Locals,No Degree,33000,War,Georgia
9566,45+,1.0,Locals,No Degree,24000,War,Georgia
9567,18-24,2.0,Locals,No Degree,6000,War,Georgia
9568,25-44,2.0,Locals,No Degree,12000,War,Georgia
9569,45+,2.0,Locals,No Degree,18000,War,Georgia
9570,18-24,1.0,Locals,High School,37000,War,Georgia
9571,25-44,1.0,Locals,High School,71000,War,Georgia
9572,45+,1.0,Locals,High School,37000,War,Georgia
9573,18-24,2.0,Locals,High School,15000,War,Georgia
9574,25-44,2.0,Locals,High School,32000,War,Georgia
9575,45+,2.0,Locals,High School,30000,War,Georgia
9576,18-24,1.0,Expats,Graduated,1300,War,Hawaii
9577,25-44,1.0,Expats,Graduated,3800,War,Hawaii
9578,45+,1.0,Expats,Graduated,2100,War,Hawaii
9579,18-24,2.0,Expats,Graduated,330,War,Hawaii
9580,25-44,2.0,Expats,Graduated,1700,War,Hawaii
9581,45+,2.0,Expats,Graduated,1000,War,Hawaii
9582,18-24,1.0,Expats,No Degree,1000,War,Hawaii
9583,25-44,1.0,Expats,No Degree,2300,War,Hawaii
9584,45+,1.0,Expats,No Degree,1500,War,Hawaii
9585,18-24,2.0,Expats,No Degree,210,War,Hawaii
9586,25-44,2.0,Expats,No Degree,620,War,Hawaii
9587,45+,2.0,Expats,No Degree,860,War,Hawaii
9588,18-24,1.0,Expats,High School,1200,War,Hawaii
9589,25-44,1.0,Expats,High School,2200,War,Hawaii
9590,45+,1.0,Expats,High School,810,War,Hawaii
9591,18-24,2.0,Expats,High School,430,War,Hawaii
9592,25-44,2.0,Expats,High School,680,War,Hawaii
9593,45+,2.0,Expats,High School,550,War,Hawaii
9594,18-24,1.0,Locals,Graduated,3700,War,Hawaii
9595,25-44,1.0,Locals,Graduated,14000,War,Hawaii
9596,45+,1.0,Locals,Graduated,7000,War,Hawaii
9597,18-24,2.0,Locals,Graduated,850,War,Hawaii
9598,25-44,2.0,Locals,Graduated,5300,War,Hawaii
9599,45+,2.0,Locals,Graduated,4600,War,Hawaii
9600,18-24,1.0,Locals,No Degree,2100,War,Hawaii
9601,25-44,1.0,Locals,No Degree,4700,War,Hawaii
9602,45+,1.0,Locals,No Degree,2600,War,Hawaii
9603,18-24,2.0,Locals,No Degree,420,War,Hawaii
9604,25-44,2.0,Locals,No Degree,1500,War,Hawaii
9605,45+,2.0,Locals,No Degree,1900,War,Hawaii
9606,18-24,1.0,Locals,High School,5700,War,Hawaii
9607,25-44,1.0,Locals,High School,10000,War,Hawaii
9608,45+,1.0,Locals,High School,4200,War,Hawaii
9609,18-24,2.0,Locals,High School,1400,War,Hawaii
9610,25-44,2.0,Locals,High School,3300,War,Hawaii
9611,45+,2.0,Locals,High School,2400,War,Hawaii
9612,18-24,1.0,Expats,Graduated,610,War,Idaho
9613,25-44,1.0,Expats,Graduated,1500,War,Idaho
9614,45+,1.0,Expats,Graduated,420,War,Idaho
9615,18-24,2.0,Expats,Graduated,180,War,Idaho
9616,25-44,2.0,Expats,Graduated,690,War,Idaho
9617,45+,2.0,Expats,Graduated,270,War,Idaho
9618,18-24,1.0,Expats,No Degree,440,War,Idaho
9619,25-44,1.0,Expats,No Degree,1400,War,Idaho
9620,45+,1.0,Expats,No Degree,560,War,Idaho
9621,18-24,2.0,Expats,No Degree,210,War,Idaho
9622,25-44,2.0,Expats,No Degree,610,War,Idaho
9623,45+,2.0,Expats,No Degree,270,War,Idaho
9624,18-24,1.0,Expats,High School,540,War,Idaho
9625,25-44,1.0,Expats,High School,1000,War,Idaho
9626,45+,1.0,Expats,High School,130,War,Idaho
9627,18-24,2.0,Expats,High School,190,War,Idaho
9628,25-44,2.0,Expats,High School,390,War,Idaho
9629,45+,2.0,Expats,High School,140,War,Idaho
9630,18-24,1.0,Locals,Graduated,5600,War,Idaho
9631,25-44,1.0,Locals,Graduated,17000,War,Idaho
9632,45+,1.0,Locals,Graduated,11000,War,Idaho
9633,18-24,2.0,Locals,Graduated,1500,War,Idaho
9634,25-44,2.0,Locals,Graduated,9200,War,Idaho
9635,45+,2.0,Locals,Graduated,9200,War,Idaho
9636,18-24,1.0,Locals,No Degree,3700,War,Idaho
9637,25-44,1.0,Locals,No Degree,5200,War,Idaho
9638,45+,1.0,Locals,No Degree,3800,War,Idaho
9639,18-24,2.0,Locals,No Degree,1500,War,Idaho
9640,25-44,2.0,Locals,No Degree,2100,War,Idaho
9641,45+,2.0,Locals,No Degree,2900,War,Idaho
9642,18-24,1.0,Locals,High School,9200,War,Idaho
9643,25-44,1.0,Locals,High School,13000,War,Idaho
9644,45+,1.0,Locals,High School,6400,War,Idaho
9645,18-24,2.0,Locals,High School,3500,War,Idaho
9646,25-44,2.0,Locals,High School,6300,War,Idaho
9647,45+,2.0,Locals,High School,5600,War,Idaho
9648,18-24,1.0,Expats,Graduated,6600,War,Illinois
9649,25-44,1.0,Expats,Graduated,32000,War,Illinois
9650,45+,1.0,Expats,Graduated,10000,War,Illinois
9651,18-24,2.0,Expats,Graduated,2100,War,Illinois
9652,25-44,2.0,Expats,Graduated,13000,War,Illinois
9653,45+,2.0,Expats,Graduated,4800,War,Illinois
9654,18-24,1.0,Expats,No Degree,5900,War,Illinois
9655,25-44,1.0,Expats,No Degree,26000,War,Illinois
9656,45+,1.0,Expats,No Degree,11000,War,Illinois
9657,18-24,2.0,Expats,No Degree,1900,War,Illinois
9658,25-44,2.0,Expats,No Degree,10000,War,Illinois
9659,45+,2.0,Expats,No Degree,5300,War,Illinois
9660,18-24,1.0,Expats,High School,6500,War,Illinois
9661,25-44,1.0,Expats,High School,16000,War,Illinois
9662,45+,1.0,Expats,High School,4200,War,Illinois
9663,18-24,2.0,Expats,High School,2900,War,Illinois
9664,25-44,2.0,Expats,High School,6900,War,Illinois
9665,45+,2.0,Expats,High School,2200,War,Illinois
9666,18-24,1.0,Locals,Graduated,39000,War,Illinois
9667,25-44,1.0,Locals,Graduated,120000,War,Illinois
9668,45+,1.0,Locals,Graduated,63000,War,Illinois
9669,18-24,2.0,Locals,Graduated,11000,War,Illinois
9670,25-44,2.0,Locals,Graduated,64000,War,Illinois
9671,45+,2.0,Locals,Graduated,51000,War,Illinois
9672,18-24,1.0,Locals,No Degree,26000,War,Illinois
9673,25-44,1.0,Locals,No Degree,39000,War,Illinois
9674,45+,1.0,Locals,No Degree,26000,War,Illinois
9675,18-24,2.0,Locals,No Degree,8200,War,Illinois
9676,25-44,2.0,Locals,No Degree,14000,War,Illinois
9677,45+,2.0,Locals,No Degree,18000,War,Illinois
9678,18-24,1.0,Locals,High School,51000,War,Illinois
9679,25-44,1.0,Locals,High School,77000,War,Illinois
9680,45+,1.0,Locals,High School,40000,War,Illinois
9681,18-24,2.0,Locals,High School,20000,War,Illinois
9682,25-44,2.0,Locals,High School,33000,War,Illinois
9683,45+,2.0,Locals,High School,30000,War,Illinois
9684,18-24,1.0,Expats,Graduated,2400,War,Indiana
9685,25-44,1.0,Expats,Graduated,7500,War,Indiana
9686,45+,1.0,Expats,Graduated,2000,War,Indiana
9687,18-24,2.0,Expats,Graduated,580,War,Indiana
9688,25-44,2.0,Expats,Graduated,2600,War,Indiana
9689,45+,2.0,Expats,Graduated,1100,War,Indiana
9690,18-24,1.0,Expats,No Degree,2000,War,Indiana
9691,25-44,1.0,Expats,No Degree,6800,War,Indiana
9692,45+,1.0,Expats,No Degree,2000,War,Indiana
9693,18-24,2.0,Expats,No Degree,600,War,Indiana
9694,25-44,2.0,Expats,No Degree,2200,War,Indiana
9695,45+,2.0,Expats,No Degree,940,War,Indiana
9696,18-24,1.0,Expats,High School,2400,War,Indiana
9697,25-44,1.0,Expats,High School,4000,War,Indiana
9698,45+,1.0,Expats,High School,780,War,Indiana
9699,18-24,2.0,Expats,High School,810,War,Indiana
9700,25-44,2.0,Expats,High School,1700,War,Indiana
9701,45+,2.0,Expats,High School,340,War,Indiana
9702,18-24,1.0,Locals,Graduated,20000,War,Indiana
9703,25-44,1.0,Locals,Graduated,69000,War,Indiana
9704,45+,1.0,Locals,Graduated,42000,War,Indiana
9705,18-24,2.0,Locals,Graduated,5600,War,Indiana
9706,25-44,2.0,Locals,Graduated,36000,War,Indiana
9707,45+,2.0,Locals,Graduated,32000,War,Indiana
9708,18-24,1.0,Locals,No Degree,13000,War,Indiana
9709,25-44,1.0,Locals,No Degree,20000,War,Indiana
9710,45+,1.0,Locals,No Degree,16000,War,Indiana
9711,18-24,2.0,Locals,No Degree,4600,War,Indiana
9712,25-44,2.0,Locals,No Degree,7300,War,Indiana
9713,45+,2.0,Locals,No Degree,11000,War,Indiana
9714,18-24,1.0,Locals,High School,31000,War,Indiana
9715,25-44,1.0,Locals,High School,57000,War,Indiana
9716,45+,1.0,Locals,High School,32000,War,Indiana
9717,18-24,2.0,Locals,High School,11000,War,Indiana
9718,25-44,2.0,Locals,High School,25000,War,Indiana
9719,45+,2.0,Locals,High School,26000,War,Indiana
9720,18-24,1.0,Expats,Graduated,1300,War,Iowa
9721,25-44,1.0,Expats,Graduated,3500,War,Iowa
9722,45+,1.0,Expats,Graduated,820,War,Iowa
9723,18-24,2.0,Expats,Graduated,300,War,Iowa
9724,25-44,2.0,Expats,Graduated,1000,War,Iowa
9725,45+,2.0,Expats,Graduated,380,War,Iowa
9726,18-24,1.0,Expats,No Degree,1100,War,Iowa
9727,25-44,1.0,Expats,No Degree,2800,War,Iowa
9728,45+,1.0,Expats,No Degree,970,War,Iowa
9729,18-24,2.0,Expats,No Degree,260,War,Iowa
9730,25-44,2.0,Expats,No Degree,890,War,Iowa
9731,45+,2.0,Expats,No Degree,360,War,Iowa
9732,18-24,1.0,Expats,High School,1100,War,Iowa
9733,25-44,1.0,Expats,High School,1600,War,Iowa
9734,45+,1.0,Expats,High School,390,War,Iowa
9735,18-24,2.0,Expats,High School,540,War,Iowa
9736,25-44,2.0,Expats,High School,560,War,Iowa
9737,45+,2.0,Expats,High School,250,War,Iowa
9738,18-24,1.0,Locals,Graduated,11000,War,Iowa
9739,25-44,1.0,Locals,Graduated,34000,War,Iowa
9740,45+,1.0,Locals,Graduated,18000,War,Iowa
9741,18-24,2.0,Locals,Graduated,3000,War,Iowa
9742,25-44,2.0,Locals,Graduated,17000,War,Iowa
9743,45+,2.0,Locals,Graduated,15000,War,Iowa
9744,18-24,1.0,Locals,No Degree,5300,War,Iowa
9745,25-44,1.0,Locals,No Degree,8400,War,Iowa
9746,45+,1.0,Locals,No Degree,6700,War,Iowa
9747,18-24,2.0,Locals,No Degree,1900,War,Iowa
9748,25-44,2.0,Locals,No Degree,2900,War,Iowa
9749,45+,2.0,Locals,No Degree,4500,War,Iowa
9750,18-24,1.0,Locals,High School,16000,War,Iowa
9751,25-44,1.0,Locals,High School,24000,War,Iowa
9752,45+,1.0,Locals,High School,13000,War,Iowa
9753,18-24,2.0,Locals,High School,5500,War,Iowa
9754,25-44,2.0,Locals,High School,9300,War,Iowa
9755,45+,2.0,Locals,High School,9900,War,Iowa
9756,18-24,1.0,Expats,Graduated,1200,War,Kansas
9757,25-44,1.0,Expats,Graduated,3900,War,Kansas
9758,45+,1.0,Expats,Graduated,1200,War,Kansas
9759,18-24,2.0,Expats,Graduated,380,War,Kansas
9760,25-44,2.0,Expats,Graduated,1500,War,Kansas
9761,45+,2.0,Expats,Graduated,580,War,Kansas
9762,18-24,1.0,Expats,No Degree,1200,War,Kansas
9763,25-44,1.0,Expats,No Degree,3700,War,Kansas
9764,45+,1.0,Expats,No Degree,1300,War,Kansas
9765,18-24,2.0,Expats,No Degree,400,War,Kansas
9766,25-44,2.0,Expats,No Degree,1600,War,Kansas
9767,45+,2.0,Expats,No Degree,680,War,Kansas
9768,18-24,1.0,Expats,High School,1300,War,Kansas
9769,25-44,1.0,Expats,High School,2300,War,Kansas
9770,45+,1.0,Expats,High School,390,War,Kansas
9771,18-24,2.0,Expats,High School,590,War,Kansas
9772,25-44,2.0,Expats,High School,1200,War,Kansas
9773,45+,2.0,Expats,High School,330,War,Kansas
9774,18-24,1.0,Locals,Graduated,10000,War,Kansas
9775,25-44,1.0,Locals,Graduated,32000,War,Kansas
9776,45+,1.0,Locals,Graduated,20000,War,Kansas
9777,18-24,2.0,Locals,Graduated,2500,War,Kansas
9778,25-44,2.0,Locals,Graduated,17000,War,Kansas
9779,45+,2.0,Locals,Graduated,15000,War,Kansas
9780,18-24,1.0,Locals,No Degree,5900,War,Kansas
9781,25-44,1.0,Locals,No Degree,8900,War,Kansas
9782,45+,1.0,Locals,No Degree,7000,War,Kansas
9783,18-24,2.0,Locals,No Degree,1900,War,Kansas
9784,25-44,2.0,Locals,No Degree,3000,War,Kansas
9785,45+,2.0,Locals,No Degree,4500,War,Kansas
9786,18-24,1.0,Locals,High School,15000,War,Kansas
9787,25-44,1.0,Locals,High School,23000,War,Kansas
9788,45+,1.0,Locals,High School,12000,War,Kansas
9789,18-24,2.0,Locals,High School,5100,War,Kansas
9790,25-44,2.0,Locals,High School,10000,War,Kansas
9791,45+,2.0,Locals,High School,9700,War,Kansas
9792,18-24,1.0,Expats,Graduated,1300,War,Kentucky
9793,25-44,1.0,Expats,Graduated,4800,War,Kentucky
9794,45+,1.0,Expats,Graduated,1100,War,Kentucky
9795,18-24,2.0,Expats,Graduated,360,War,Kentucky
9796,25-44,2.0,Expats,Graduated,1400,War,Kentucky
9797,45+,2.0,Expats,Graduated,480,War,Kentucky
9798,18-24,1.0,Expats,No Degree,1400,War,Kentucky
9799,25-44,1.0,Expats,No Degree,3800,War,Kentucky
9800,45+,1.0,Expats,No Degree,1100,War,Kentucky
9801,18-24,2.0,Expats,No Degree,270,War,Kentucky
9802,25-44,2.0,Expats,No Degree,1200,War,Kentucky
9803,45+,2.0,Expats,No Degree,480,War,Kentucky
9804,18-24,1.0,Expats,High School,1300,War,Kentucky
9805,25-44,1.0,Expats,High School,2300,War,Kentucky
9806,45+,1.0,Expats,High School,510,War,Kentucky
9807,18-24,2.0,Expats,High School,490,War,Kentucky
9808,25-44,2.0,Expats,High School,800,War,Kentucky
9809,45+,2.0,Expats,High School,260,War,Kentucky
9810,18-24,1.0,Locals,Graduated,13000,War,Kentucky
9811,25-44,1.0,Locals,Graduated,49000,War,Kentucky
9812,45+,1.0,Locals,Graduated,30000,War,Kentucky
9813,18-24,2.0,Locals,Graduated,4000,War,Kentucky
9814,25-44,2.0,Locals,Graduated,26000,War,Kentucky
9815,45+,2.0,Locals,Graduated,25000,War,Kentucky
9816,18-24,1.0,Locals,No Degree,8700,War,Kentucky
9817,25-44,1.0,Locals,No Degree,15000,War,Kentucky
9818,45+,1.0,Locals,No Degree,12000,War,Kentucky
9819,18-24,2.0,Locals,No Degree,3000,War,Kentucky
9820,25-44,2.0,Locals,No Degree,5400,War,Kentucky
9821,45+,2.0,Locals,No Degree,8800,War,Kentucky
9822,18-24,1.0,Locals,High School,20000,War,Kentucky
9823,25-44,1.0,Locals,High School,41000,War,Kentucky
9824,45+,1.0,Locals,High School,22000,War,Kentucky
9825,18-24,2.0,Locals,High School,8100,War,Kentucky
9826,25-44,2.0,Locals,High School,19000,War,Kentucky
9827,45+,2.0,Locals,High School,18000,War,Kentucky
9828,18-24,1.0,Expats,Graduated,1900,War,Louisiana
9829,25-44,1.0,Expats,Graduated,5700,War,Louisiana
9830,45+,1.0,Expats,Graduated,1400,War,Louisiana
9831,18-24,2.0,Expats,Graduated,470,War,Louisiana
9832,25-44,2.0,Expats,Graduated,2000,War,Louisiana
9833,45+,2.0,Expats,Graduated,720,War,Louisiana
9834,18-24,1.0,Expats,No Degree,2200,War,Louisiana
9835,25-44,1.0,Expats,No Degree,5200,War,Louisiana
9836,45+,1.0,Expats,No Degree,1100,War,Louisiana
9837,18-24,2.0,Expats,No Degree,550,War,Louisiana
9838,25-44,2.0,Expats,No Degree,1200,War,Louisiana
9839,45+,2.0,Expats,No Degree,430,War,Louisiana
9840,18-24,1.0,Expats,High School,1500,War,Louisiana
9841,25-44,1.0,Expats,High School,3000,War,Louisiana
9842,45+,1.0,Expats,High School,590,War,Louisiana
9843,18-24,2.0,Expats,High School,540,War,Louisiana
9844,25-44,2.0,Expats,High School,960,War,Louisiana
9845,45+,2.0,Expats,High School,360,War,Louisiana
9846,18-24,1.0,Locals,Graduated,12000,War,Louisiana
9847,25-44,1.0,Locals,Graduated,48000,War,Louisiana
9848,45+,1.0,Locals,Graduated,26000,War,Louisiana
9849,18-24,2.0,Locals,Graduated,3900,War,Louisiana
9850,25-44,2.0,Locals,Graduated,25000,War,Louisiana
9851,45+,2.0,Locals,Graduated,19000,War,Louisiana
9852,18-24,1.0,Locals,No Degree,7300,War,Louisiana
9853,25-44,1.0,Locals,No Degree,18000,War,Louisiana
9854,45+,1.0,Locals,No Degree,12000,War,Louisiana
9855,18-24,2.0,Locals,No Degree,2800,War,Louisiana
9856,25-44,2.0,Locals,No Degree,6200,War,Louisiana
9857,45+,2.0,Locals,No Degree,9400,War,Louisiana
9858,18-24,1.0,Locals,High School,18000,War,Louisiana
9859,25-44,1.0,Locals,High School,39000,War,Louisiana
9860,45+,1.0,Locals,High School,21000,War,Louisiana
9861,18-24,2.0,Locals,High School,7100,War,Louisiana
9862,25-44,2.0,Locals,High School,17000,War,Louisiana
9863,45+,2.0,Locals,High School,16000,War,Louisiana
9864,18-24,1.0,Expats,Graduated,240,War,Maine
9865,25-44,1.0,Expats,Graduated,880,War,Maine
9866,45+,1.0,Expats,Graduated,370,War,Maine
9867,18-24,2.0,Expats,Graduated,80,War,Maine
9868,25-44,2.0,Expats,Graduated,330,War,Maine
9869,45+,2.0,Expats,Graduated,260,War,Maine
9870,18-24,1.0,Expats,No Degree,190,War,Maine
9871,25-44,1.0,Expats,No Degree,340,War,Maine
9872,45+,1.0,Expats,No Degree,210,War,Maine
9873,18-24,2.0,Expats,No Degree,20,War,Maine
9874,25-44,2.0,Expats,No Degree,120,War,Maine
9875,45+,2.0,Expats,No Degree,180,War,Maine
9876,18-24,1.0,Expats,High School,230,War,Maine
9877,25-44,1.0,Expats,High School,350,War,Maine
9878,45+,1.0,Expats,High School,90,War,Maine
9879,18-24,2.0,Expats,High School,170,War,Maine
9880,25-44,2.0,Expats,High School,90,War,Maine
9881,45+,2.0,Expats,High School,90,War,Maine
9882,18-24,1.0,Locals,Graduated,3400,War,Maine
9883,25-44,1.0,Locals,Graduated,13000,War,Maine
9884,45+,1.0,Locals,Graduated,9100,War,Maine
9885,18-24,2.0,Locals,Graduated,1200,War,Maine
9886,25-44,2.0,Locals,Graduated,6900,War,Maine
9887,45+,2.0,Locals,Graduated,7700,War,Maine
9888,18-24,1.0,Locals,No Degree,2200,War,Maine
9889,25-44,1.0,Locals,No Degree,3500,War,Maine
9890,45+,1.0,Locals,No Degree,3400,War,Maine
9891,18-24,2.0,Locals,No Degree,880,War,Maine
9892,25-44,2.0,Locals,No Degree,1200,War,Maine
9893,45+,2.0,Locals,No Degree,2600,War,Maine
9894,18-24,1.0,Locals,High School,6400,War,Maine
9895,25-44,1.0,Locals,High School,11000,War,Maine
9896,45+,1.0,Locals,High School,6600,War,Maine
9897,18-24,2.0,Locals,High School,2100,War,Maine
9898,25-44,2.0,Locals,High School,4700,War,Maine
9899,45+,2.0,Locals,High School,4900,War,Maine
9900,18-24,1.0,Expats,Graduated,4600,War,Maryland
9901,25-44,1.0,Expats,Graduated,18000,War,Maryland
9902,45+,1.0,Expats,Graduated,5300,War,Maryland
9903,18-24,2.0,Expats,Graduated,1400,War,Maryland
9904,25-44,2.0,Expats,Graduated,6900,War,Maryland
9905,45+,2.0,Expats,Graduated,3000,War,Maryland
9906,18-24,1.0,Expats,No Degree,5800,War,Maryland
9907,25-44,1.0,Expats,No Degree,15000,War,Maryland
9908,45+,1.0,Expats,No Degree,5000,War,Maryland
9909,18-24,2.0,Expats,No Degree,1600,War,Maryland
9910,25-44,2.0,Expats,No Degree,4900,War,Maryland
9911,45+,2.0,Expats,No Degree,2100,War,Maryland
9912,18-24,1.0,Expats,High School,4100,War,Maryland
9913,25-44,1.0,Expats,High School,8700,War,Maryland
9914,45+,1.0,Expats,High School,2300,War,Maryland
9915,18-24,2.0,Expats,High School,1700,War,Maryland
9916,25-44,2.0,Expats,High School,3400,War,Maryland
9917,45+,2.0,Expats,High School,1100,War,Maryland
9918,18-24,1.0,Locals,Graduated,13000,War,Maryland
9919,25-44,1.0,Locals,Graduated,51000,War,Maryland
9920,45+,1.0,Locals,Graduated,29000,War,Maryland
9921,18-24,2.0,Locals,Graduated,4200,War,Maryland
9922,25-44,2.0,Locals,Graduated,29000,War,Maryland
9923,45+,2.0,Locals,Graduated,25000,War,Maryland
9924,18-24,1.0,Locals,No Degree,7700,War,Maryland
9925,25-44,1.0,Locals,No Degree,15000,War,Maryland
9926,45+,1.0,Locals,No Degree,12000,War,Maryland
9927,18-24,2.0,Locals,No Degree,2300,War,Maryland
9928,25-44,2.0,Locals,No Degree,5200,War,Maryland
9929,45+,2.0,Locals,No Degree,8600,War,Maryland
9930,18-24,1.0,Locals,High School,16000,War,Maryland
9931,25-44,1.0,Locals,High School,35000,War,Maryland
9932,45+,1.0,Locals,High School,19000,War,Maryland
9933,18-24,2.0,Locals,High School,7000,War,Maryland
9934,25-44,2.0,Locals,High School,15000,War,Maryland
9935,45+,2.0,Locals,High School,14000,War,Maryland
9936,18-24,1.0,Expats,Graduated,5700,War,Massachusetts
9937,25-44,1.0,Expats,Graduated,22000,War,Massachusetts
9938,45+,1.0,Expats,Graduated,6200,War,Massachusetts
9939,18-24,2.0,Expats,Graduated,1500,War,Massachusetts
9940,25-44,2.0,Expats,Graduated,10000,War,Massachusetts
9941,45+,2.0,Expats,Graduated,4000,War,Massachusetts
9942,18-24,1.0,Expats,No Degree,4500,War,Massachusetts
9943,25-44,1.0,Expats,No Degree,13000,War,Massachusetts
9944,45+,1.0,Expats,No Degree,6800,War,Massachusetts
9945,18-24,2.0,Expats,No Degree,1400,War,Massachusetts
9946,25-44,2.0,Expats,No Degree,4600,War,Massachusetts
9947,45+,2.0,Expats,No Degree,3400,War,Massachusetts
9948,18-24,1.0,Expats,High School,5300,War,Massachusetts
9949,25-44,1.0,Expats,High School,9700,War,Massachusetts
9950,45+,1.0,Expats,High School,3000,War,Massachusetts
9951,18-24,2.0,Expats,High School,2100,War,Massachusetts
9952,25-44,2.0,Expats,High School,4100,War,Massachusetts
9953,45+,2.0,Expats,High School,1900,War,Massachusetts
9954,18-24,1.0,Locals,Graduated,14000,War,Massachusetts
9955,25-44,1.0,Locals,Graduated,55000,War,Massachusetts
9956,45+,1.0,Locals,Graduated,31000,War,Massachusetts
9957,18-24,2.0,Locals,Graduated,4700,War,Massachusetts
9958,25-44,2.0,Locals,Graduated,38000,War,Massachusetts
9959,45+,2.0,Locals,Graduated,28000,War,Massachusetts
9960,18-24,1.0,Locals,No Degree,9200,War,Massachusetts
9961,25-44,1.0,Locals,No Degree,16000,War,Massachusetts
9962,45+,1.0,Locals,No Degree,12000,War,Massachusetts
9963,18-24,2.0,Locals,No Degree,2700,War,Massachusetts
9964,25-44,2.0,Locals,No Degree,6400,War,Massachusetts
9965,45+,2.0,Locals,No Degree,10000,War,Massachusetts
9966,18-24,1.0,Locals,High School,22000,War,Massachusetts
9967,25-44,1.0,Locals,High School,35000,War,Massachusetts
9968,45+,1.0,Locals,High School,19000,War,Massachusetts
9969,18-24,2.0,Locals,High School,9900,War,Massachusetts
9970,25-44,2.0,Locals,High School,17000,War,Massachusetts
9971,45+,2.0,Locals,High School,15000,War,Massachusetts
9972,18-24,1.0,Expats,Graduated,3100,War,Michigan
9973,25-44,1.0,Expats,Graduated,11000,War,Michigan
9974,45+,1.0,Expats,Graduated,3600,War,Michigan
9975,18-24,2.0,Expats,Graduated,630,War,Michigan
9976,25-44,2.0,Expats,Graduated,3100,War,Michigan
9977,45+,2.0,Expats,Graduated,2000,War,Michigan
9978,18-24,1.0,Expats,No Degree,2300,War,Michigan
9979,25-44,1.0,Expats,No Degree,6700,War,Michigan
9980,45+,1.0,Expats,No Degree,3500,War,Michigan
9981,18-24,2.0,Expats,No Degree,620,War,Michigan
9982,25-44,2.0,Expats,No Degree,2000,War,Michigan
9983,45+,2.0,Expats,No Degree,1400,War,Michigan
9984,18-24,1.0,Expats,High School,2900,War,Michigan
9985,25-44,1.0,Expats,High School,5000,War,Michigan
9986,45+,1.0,Expats,High School,1300,War,Michigan
9987,18-24,2.0,Expats,High School,1200,War,Michigan
9988,25-44,2.0,Expats,High School,1600,War,Michigan
9989,45+,2.0,Expats,High School,480,War,Michigan
9990,18-24,1.0,Locals,Graduated,29000,War,Michigan
9991,25-44,1.0,Locals,Graduated,98000,War,Michigan
9992,45+,1.0,Locals,Graduated,59000,War,Michigan
9993,18-24,2.0,Locals,Graduated,8700,War,Michigan
9994,25-44,2.0,Locals,Graduated,51000,War,Michigan
9995,45+,2.0,Locals,Graduated,48000,War,Michigan
9996,18-24,1.0,Locals,No Degree,18000,War,Michigan
9997,25-44,1.0,Locals,No Degree,30000,War,Michigan
9998,45+,1.0,Locals,No Degree,23000,War,Michigan
9999,18-24,2.0,Locals,No Degree,6400,War,Michigan
10000,25-44,2.0,Locals,No Degree,12000,War,Michigan
10001,45+,2.0,Locals,No Degree,17000,War,Michigan
10002,18-24,1.0,Locals,High School,43000,War,Michigan
10003,25-44,1.0,Locals,High School,75000,War,Michigan
10004,45+,1.0,Locals,High School,40000,War,Michigan
10005,18-24,2.0,Locals,High School,16000,War,Michigan
10006,25-44,2.0,Locals,High School,33000,War,Michigan
10007,45+,2.0,Locals,High School,33000,War,Michigan
10008,18-24,1.0,Expats,Graduated,2000,War,Minnesota
10009,25-44,1.0,Expats,Graduated,8300,War,Minnesota
10010,45+,1.0,Expats,Graduated,2100,War,Minnesota
10011,18-24,2.0,Expats,Graduated,650,War,Minnesota
10012,25-44,2.0,Expats,Graduated,2700,War,Minnesota
10013,45+,2.0,Expats,Graduated,820,War,Minnesota
10014,18-24,1.0,Expats,No Degree,2200,War,Minnesota
10015,25-44,1.0,Expats,No Degree,5600,War,Minnesota
10016,45+,1.0,Expats,No Degree,1900,War,Minnesota
10017,18-24,2.0,Expats,No Degree,690,War,Minnesota
10018,25-44,2.0,Expats,No Degree,1900,War,Minnesota
10019,45+,2.0,Expats,No Degree,820,War,Minnesota
10020,18-24,1.0,Expats,High School,2100,War,Minnesota
10021,25-44,1.0,Expats,High School,3900,War,Minnesota
10022,45+,1.0,Expats,High School,780,War,Minnesota
10023,18-24,2.0,Expats,High School,880,War,Minnesota
10024,25-44,2.0,Expats,High School,1100,War,Minnesota
10025,45+,2.0,Expats,High School,340,War,Minnesota
10026,18-24,1.0,Locals,Graduated,14000,War,Minnesota
10027,25-44,1.0,Locals,Graduated,51000,War,Minnesota
10028,45+,1.0,Locals,Graduated,27000,War,Minnesota
10029,18-24,2.0,Locals,Graduated,3600,War,Minnesota
10030,25-44,2.0,Locals,Graduated,26000,War,Minnesota
10031,45+,2.0,Locals,Graduated,23000,War,Minnesota
10032,18-24,1.0,Locals,No Degree,8800,War,Minnesota
10033,25-44,1.0,Locals,No Degree,14000,War,Minnesota
10034,45+,1.0,Locals,No Degree,9700,War,Minnesota
10035,18-24,2.0,Locals,No Degree,3000,War,Minnesota
10036,25-44,2.0,Locals,No Degree,4900,War,Minnesota
10037,45+,2.0,Locals,No Degree,7200,War,Minnesota
10038,18-24,1.0,Locals,High School,21000,War,Minnesota
10039,25-44,1.0,Locals,High School,33000,War,Minnesota
10040,45+,1.0,Locals,High School,16000,War,Minnesota
10041,18-24,2.0,Locals,High School,7600,War,Minnesota
10042,25-44,2.0,Locals,High School,13000,War,Minnesota
10043,45+,2.0,Locals,High School,13000,War,Minnesota
10044,18-24,1.0,Expats,Graduated,550,War,Mississippi
10045,25-44,1.0,Expats,Graduated,2100,War,Mississippi
10046,45+,1.0,Expats,Graduated,410,War,Mississippi
10047,18-24,2.0,Expats,Graduated,170,War,Mississippi
10048,25-44,2.0,Expats,Graduated,590,War,Mississippi
10049,45+,2.0,Expats,Graduated,300,War,Mississippi
10050,18-24,1.0,Expats,No Degree,790,War,Mississippi
10051,25-44,1.0,Expats,No Degree,1900,War,Mississippi
10052,45+,1.0,Expats,No Degree,500,War,Mississippi
10053,18-24,2.0,Expats,No Degree,140,War,Mississippi
10054,25-44,2.0,Expats,No Degree,520,War,Mississippi
10055,45+,2.0,Expats,No Degree,270,War,Mississippi
10056,18-24,1.0,Expats,High School,750,War,Mississippi
10057,25-44,1.0,Expats,High School,1100,War,Mississippi
10058,45+,1.0,Expats,High School,210,War,Mississippi
10059,18-24,2.0,Expats,High School,200,War,Mississippi
10060,25-44,2.0,Expats,High School,370,War,Mississippi
10061,45+,2.0,Expats,High School,140,War,Mississippi
10062,18-24,1.0,Locals,Graduated,11000,War,Mississippi
10063,25-44,1.0,Locals,Graduated,34000,War,Mississippi
10064,45+,1.0,Locals,Graduated,19000,War,Mississippi
10065,18-24,2.0,Locals,Graduated,3500,War,Mississippi
10066,25-44,2.0,Locals,Graduated,19000,War,Mississippi
10067,45+,2.0,Locals,Graduated,16000,War,Mississippi
10068,18-24,1.0,Locals,No Degree,5500,War,Mississippi
10069,25-44,1.0,Locals,No Degree,10000,War,Mississippi
10070,45+,1.0,Locals,No Degree,8500,War,Mississippi
10071,18-24,2.0,Locals,No Degree,2000,War,Mississippi
10072,25-44,2.0,Locals,No Degree,4100,War,Mississippi
10073,45+,2.0,Locals,No Degree,6100,War,Mississippi
10074,18-24,1.0,Locals,High School,13000,War,Mississippi
10075,25-44,1.0,Locals,High School,23000,War,Mississippi
10076,45+,1.0,Locals,High School,13000,War,Mississippi
10077,18-24,2.0,Locals,High School,5000,War,Mississippi
10078,25-44,2.0,Locals,High School,11000,War,Mississippi
10079,45+,2.0,Locals,High School,9900,War,Mississippi
10080,18-24,1.0,Expats,Graduated,2100,War,Missouri
10081,25-44,1.0,Expats,Graduated,5100,War,Missouri
10082,45+,1.0,Expats,Graduated,1400,War,Missouri
10083,18-24,2.0,Expats,Graduated,410,War,Missouri
10084,25-44,2.0,Expats,Graduated,2000,War,Missouri
10085,45+,2.0,Expats,Graduated,870,War,Missouri
10086,18-24,1.0,Expats,No Degree,1600,War,Missouri
10087,25-44,1.0,Expats,No Degree,4000,War,Missouri
10088,45+,1.0,Expats,No Degree,1300,War,Missouri
10089,18-24,2.0,Expats,No Degree,360,War,Missouri
10090,25-44,2.0,Expats,No Degree,1200,War,Missouri
10091,45+,2.0,Expats,No Degree,540,War,Missouri
10092,18-24,1.0,Expats,High School,1900,War,Missouri
10093,25-44,1.0,Expats,High School,2600,War,Missouri
10094,45+,1.0,Expats,High School,600,War,Missouri
10095,18-24,2.0,Expats,High School,630,War,Missouri
10096,25-44,2.0,Expats,High School,1200,War,Missouri
10097,45+,2.0,Expats,High School,350,War,Missouri
10098,18-24,1.0,Locals,Graduated,20000,War,Missouri
10099,25-44,1.0,Locals,Graduated,66000,War,Missouri
10100,45+,1.0,Locals,Graduated,40000,War,Missouri
10101,18-24,2.0,Locals,Graduated,5600,War,Missouri
10102,25-44,2.0,Locals,Graduated,34000,War,Missouri
10103,45+,2.0,Locals,Graduated,30000,War,Missouri
10104,18-24,1.0,Locals,No Degree,12000,War,Missouri
10105,25-44,1.0,Locals,No Degree,21000,War,Missouri
10106,45+,1.0,Locals,No Degree,16000,War,Missouri
10107,18-24,2.0,Locals,No Degree,4100,War,Missouri
10108,25-44,2.0,Locals,No Degree,7200,War,Missouri
10109,45+,2.0,Locals,No Degree,12000,War,Missouri
10110,18-24,1.0,Locals,High School,30000,War,Missouri
10111,25-44,1.0,Locals,High School,52000,War,Missouri
10112,45+,1.0,Locals,High School,28000,War,Missouri
10113,18-24,2.0,Locals,High School,11000,War,Missouri
10114,25-44,2.0,Locals,High School,23000,War,Missouri
10115,45+,2.0,Locals,High School,23000,War,Missouri
10116,18-24,1.0,Expats,Graduated,190,War,Montana
10117,25-44,1.0,Expats,Graduated,360,War,Montana
10118,45+,1.0,Expats,Graduated,170,War,Montana
10119,18-24,2.0,Expats,Graduated,20,War,Montana
10120,25-44,2.0,Expats,Graduated,250,War,Montana
10121,45+,2.0,Expats,Graduated,200,War,Montana
10122,18-24,1.0,Expats,No Degree,60,War,Montana
10123,25-44,1.0,Expats,No Degree,180,War,Montana
10124,45+,1.0,Expats,No Degree,80,War,Montana
10125,18-24,2.0,Expats,No Degree,20,War,Montana
10126,25-44,2.0,Expats,No Degree,40,War,Montana
10127,45+,2.0,Expats,No Degree,90,War,Montana
10128,18-24,1.0,Expats,High School,180,War,Montana
10129,25-44,1.0,Expats,High School,170,War,Montana
10130,45+,1.0,Expats,High School,60,War,Montana
10131,18-24,2.0,Expats,High School,90,War,Montana
10132,25-44,2.0,Expats,High School,70,War,Montana
10133,45+,2.0,Expats,High School,50,War,Montana
10134,18-24,1.0,Locals,Graduated,4200,War,Montana
10135,25-44,1.0,Locals,Graduated,12000,War,Montana
10136,45+,1.0,Locals,Graduated,7000,War,Montana
10137,18-24,2.0,Locals,Graduated,1100,War,Montana
10138,25-44,2.0,Locals,Graduated,5800,War,Montana
10139,45+,2.0,Locals,Graduated,6100,War,Montana
10140,18-24,1.0,Locals,No Degree,2600,War,Montana
10141,25-44,1.0,Locals,No Degree,3600,War,Montana
10142,45+,1.0,Locals,No Degree,2300,War,Montana
10143,18-24,2.0,Locals,No Degree,870,War,Montana
10144,25-44,2.0,Locals,No Degree,1400,War,Montana
10145,45+,2.0,Locals,No Degree,2000,War,Montana
10146,18-24,1.0,Locals,High School,6100,War,Montana
10147,25-44,1.0,Locals,High School,8700,War,Montana
10148,45+,1.0,Locals,High School,4000,War,Montana
10149,18-24,2.0,Locals,High School,2200,War,Montana
10150,25-44,2.0,Locals,High School,4000,War,Montana
10151,45+,2.0,Locals,High School,3600,War,Montana
10152,18-24,1.0,Expats,Graduated,1100,War,Nebraska
10153,25-44,1.0,Expats,Graduated,3200,War,Nebraska
10154,45+,1.0,Expats,Graduated,650,War,Nebraska
10155,18-24,2.0,Expats,Graduated,470,War,Nebraska
10156,25-44,2.0,Expats,Graduated,1400,War,Nebraska
10157,45+,2.0,Expats,Graduated,330,War,Nebraska
10158,18-24,1.0,Expats,No Degree,1100,War,Nebraska
10159,25-44,1.0,Expats,No Degree,3100,War,Nebraska
10160,45+,1.0,Expats,No Degree,810,War,Nebraska
10161,18-24,2.0,Expats,No Degree,450,War,Nebraska
10162,25-44,2.0,Expats,No Degree,1200,War,Nebraska
10163,45+,2.0,Expats,No Degree,220,War,Nebraska
10164,18-24,1.0,Expats,High School,870,War,Nebraska
10165,25-44,1.0,Expats,High School,1700,War,Nebraska
10166,45+,1.0,Expats,High School,230,War,Nebraska
10167,18-24,2.0,Expats,High School,500,War,Nebraska
10168,25-44,2.0,Expats,High School,790,War,Nebraska
10169,45+,2.0,Expats,High School,130,War,Nebraska
10170,18-24,1.0,Locals,Graduated,6300,War,Nebraska
10171,25-44,1.0,Locals,Graduated,20000,War,Nebraska
10172,45+,1.0,Locals,Graduated,11000,War,Nebraska
10173,18-24,2.0,Locals,Graduated,1800,War,Nebraska
10174,25-44,2.0,Locals,Graduated,11000,War,Nebraska
10175,45+,2.0,Locals,Graduated,9800,War,Nebraska
10176,18-24,1.0,Locals,No Degree,3600,War,Nebraska
10177,25-44,1.0,Locals,No Degree,5900,War,Nebraska
10178,45+,1.0,Locals,No Degree,4200,War,Nebraska
10179,18-24,2.0,Locals,No Degree,1200,War,Nebraska
10180,25-44,2.0,Locals,No Degree,2300,War,Nebraska
10181,45+,2.0,Locals,No Degree,3300,War,Nebraska
10182,18-24,1.0,Locals,High School,8700,War,Nebraska
10183,25-44,1.0,Locals,High School,15000,War,Nebraska
10184,45+,1.0,Locals,High School,7900,War,Nebraska
10185,18-24,2.0,Locals,High School,3500,War,Nebraska
10186,25-44,2.0,Locals,High School,6800,War,Nebraska
10187,45+,2.0,Locals,High School,6400,War,Nebraska
10188,18-24,1.0,Expats,Graduated,1800,War,Nevada
10189,25-44,1.0,Expats,Graduated,8100,War,Nevada
10190,45+,1.0,Expats,Graduated,3600,War,Nevada
10191,18-24,2.0,Expats,Graduated,650,War,Nevada
10192,25-44,2.0,Expats,Graduated,3600,War,Nevada
10193,45+,2.0,Expats,Graduated,2100,War,Nevada
10194,18-24,1.0,Expats,No Degree,2000,War,Nevada
10195,25-44,1.0,Expats,No Degree,7700,War,Nevada
10196,45+,1.0,Expats,No Degree,3700,War,Nevada
10197,18-24,2.0,Expats,No Degree,650,War,Nevada
10198,25-44,2.0,Expats,No Degree,3600,War,Nevada
10199,45+,2.0,Expats,No Degree,2100,War,Nevada
10200,18-24,1.0,Expats,High School,1900,War,Nevada
10201,25-44,1.0,Expats,High School,5200,War,Nevada
10202,45+,1.0,Expats,High School,1600,War,Nevada
10203,18-24,2.0,Expats,High School,840,War,Nevada
10204,25-44,2.0,Expats,High School,2600,War,Nevada
10205,45+,2.0,Expats,High School,1100,War,Nevada
10206,18-24,1.0,Locals,Graduated,6900,War,Nevada
10207,25-44,1.0,Locals,Graduated,25000,War,Nevada
10208,45+,1.0,Locals,Graduated,16000,War,Nevada
10209,18-24,2.0,Locals,Graduated,2100,War,Nevada
10210,25-44,2.0,Locals,Graduated,12000,War,Nevada
10211,45+,2.0,Locals,Graduated,10000,War,Nevada
10212,18-24,1.0,Locals,No Degree,6800,War,Nevada
10213,25-44,1.0,Locals,No Degree,10000,War,Nevada
10214,45+,1.0,Locals,No Degree,6100,War,Nevada
10215,18-24,2.0,Locals,No Degree,2700,War,Nevada
10216,25-44,2.0,Locals,No Degree,4000,War,Nevada
10217,45+,2.0,Locals,No Degree,4400,War,Nevada
10218,18-24,1.0,Locals,High School,12000,War,Nevada
10219,25-44,1.0,Locals,High School,21000,War,Nevada
10220,45+,1.0,Locals,High School,10000,War,Nevada
10221,18-24,2.0,Locals,High School,4400,War,Nevada
10222,25-44,2.0,Locals,High School,9100,War,Nevada
10223,45+,2.0,Locals,High School,7600,War,Nevada
10224,18-24,1.0,Expats,Graduated,420,War,New Hampshire
10225,25-44,1.0,Expats,Graduated,1300,War,New Hampshire
10226,45+,1.0,Expats,Graduated,530,War,New Hampshire
10227,18-24,2.0,Expats,Graduated,70,War,New Hampshire
10228,25-44,2.0,Expats,Graduated,450,War,New Hampshire
10229,45+,2.0,Expats,Graduated,410,War,New Hampshire
10230,18-24,1.0,Expats,No Degree,270,War,New Hampshire
10231,25-44,1.0,Expats,No Degree,610,War,New Hampshire
10232,45+,1.0,Expats,No Degree,270,War,New Hampshire
10233,18-24,2.0,Expats,No Degree,20,War,New Hampshire
10234,25-44,2.0,Expats,No Degree,180,War,New Hampshire
10235,45+,2.0,Expats,No Degree,140,War,New Hampshire
10236,18-24,1.0,Expats,High School,360,War,New Hampshire
10237,25-44,1.0,Expats,High School,500,War,New Hampshire
10238,45+,1.0,Expats,High School,270,War,New Hampshire
10239,18-24,2.0,Expats,High School,140,War,New Hampshire
10240,25-44,2.0,Expats,High School,180,War,New Hampshire
10241,45+,2.0,Expats,High School,140,War,New Hampshire
10242,18-24,1.0,Locals,Graduated,3200,War,New Hampshire
10243,25-44,1.0,Locals,Graduated,13000,War,New Hampshire
10244,45+,1.0,Locals,Graduated,8200,War,New Hampshire
10245,18-24,2.0,Locals,Graduated,1000,War,New Hampshire
10246,25-44,2.0,Locals,Graduated,6900,War,New Hampshire
10247,45+,2.0,Locals,Graduated,7000,War,New Hampshire
10248,18-24,1.0,Locals,No Degree,1800,War,New Hampshire
10249,25-44,1.0,Locals,No Degree,3500,War,New Hampshire
10250,45+,1.0,Locals,No Degree,3000,War,New Hampshire
10251,18-24,2.0,Locals,No Degree,570,War,New Hampshire
10252,25-44,2.0,Locals,No Degree,1400,War,New Hampshire
10253,45+,2.0,Locals,No Degree,2300,War,New Hampshire
10254,18-24,1.0,Locals,High School,5100,War,New Hampshire
10255,25-44,1.0,Locals,High School,11000,War,New Hampshire
10256,45+,1.0,Locals,High School,5800,War,New Hampshire
10257,18-24,2.0,Locals,High School,2200,War,New Hampshire
10258,25-44,2.0,Locals,High School,3900,War,New Hampshire
10259,45+,2.0,Locals,High School,4900,War,New Hampshire
10260,18-24,1.0,Expats,Graduated,8700,War,New Jersey
10261,25-44,1.0,Expats,Graduated,36000,War,New Jersey
10262,45+,1.0,Expats,Graduated,13000,War,New Jersey
10263,18-24,2.0,Expats,Graduated,2300,War,New Jersey
10264,25-44,2.0,Expats,Graduated,14000,War,New Jersey
10265,45+,2.0,Expats,Graduated,7300,War,New Jersey
10266,18-24,1.0,Expats,No Degree,8400,War,New Jersey
10267,25-44,1.0,Expats,No Degree,26000,War,New Jersey
10268,45+,1.0,Expats,No Degree,12000,War,New Jersey
10269,18-24,2.0,Expats,No Degree,2100,War,New Jersey
10270,25-44,2.0,Expats,No Degree,7800,War,New Jersey
10271,45+,2.0,Expats,No Degree,5900,War,New Jersey
10272,18-24,1.0,Expats,High School,7300,War,New Jersey
10273,25-44,1.0,Expats,High School,17000,War,New Jersey
10274,45+,1.0,Expats,High School,5300,War,New Jersey
10275,18-24,2.0,Expats,High School,2400,War,New Jersey
10276,25-44,2.0,Expats,High School,6000,War,New Jersey
10277,45+,2.0,Expats,High School,3000,War,New Jersey
10278,18-24,1.0,Locals,Graduated,16000,War,New Jersey
10279,25-44,1.0,Locals,Graduated,62000,War,New Jersey
10280,45+,1.0,Locals,Graduated,37000,War,New Jersey
10281,18-24,2.0,Locals,Graduated,5600,War,New Jersey
10282,25-44,2.0,Locals,Graduated,32000,War,New Jersey
10283,45+,2.0,Locals,Graduated,32000,War,New Jersey
10284,18-24,1.0,Locals,No Degree,9200,War,New Jersey
10285,25-44,1.0,Locals,No Degree,20000,War,New Jersey
10286,45+,1.0,Locals,No Degree,15000,War,New Jersey
10287,18-24,2.0,Locals,No Degree,3000,War,New Jersey
10288,25-44,2.0,Locals,No Degree,7100,War,New Jersey
10289,45+,2.0,Locals,No Degree,12000,War,New Jersey
10290,18-24,1.0,Locals,High School,22000,War,New Jersey
10291,25-44,1.0,Locals,High School,39000,War,New Jersey
10292,45+,1.0,Locals,High School,24000,War,New Jersey
10293,18-24,2.0,Locals,High School,9600,War,New Jersey
10294,25-44,2.0,Locals,High School,16000,War,New Jersey
10295,45+,2.0,Locals,High School,21000,War,New Jersey
10296,18-24,1.0,Expats,Graduated,1000,War,New Mexico
10297,25-44,1.0,Expats,Graduated,3000,War,New Mexico
10298,45+,1.0,Expats,Graduated,870,War,New Mexico
10299,18-24,2.0,Expats,Graduated,410,War,New Mexico
10300,25-44,2.0,Expats,Graduated,1800,War,New Mexico
10301,45+,2.0,Expats,Graduated,900,War,New Mexico
10302,18-24,1.0,Expats,No Degree,880,War,New Mexico
10303,25-44,1.0,Expats,No Degree,2900,War,New Mexico
10304,45+,1.0,Expats,No Degree,1200,War,New Mexico
10305,18-24,2.0,Expats,No Degree,400,War,New Mexico
10306,25-44,2.0,Expats,No Degree,1400,War,New Mexico
10307,45+,2.0,Expats,No Degree,900,War,New Mexico
10308,18-24,1.0,Expats,High School,1100,War,New Mexico
10309,25-44,1.0,Expats,High School,1800,War,New Mexico
10310,45+,1.0,Expats,High School,480,War,New Mexico
10311,18-24,2.0,Expats,High School,610,War,New Mexico
10312,25-44,2.0,Expats,High School,1400,War,New Mexico
10313,45+,2.0,Expats,High School,360,War,New Mexico
10314,18-24,1.0,Locals,Graduated,6900,War,New Mexico
10315,25-44,1.0,Locals,Graduated,20000,War,New Mexico
10316,45+,1.0,Locals,Graduated,11000,War,New Mexico
10317,18-24,2.0,Locals,Graduated,2100,War,New Mexico
10318,25-44,2.0,Locals,Graduated,12000,War,New Mexico
10319,45+,2.0,Locals,Graduated,9900,War,New Mexico
10320,18-24,1.0,Locals,No Degree,6300,War,New Mexico
10321,25-44,1.0,Locals,No Degree,7900,War,New Mexico
10322,45+,1.0,Locals,No Degree,4900,War,New Mexico
10323,18-24,2.0,Locals,No Degree,2200,War,New Mexico
10324,25-44,2.0,Locals,No Degree,3500,War,New Mexico
10325,45+,2.0,Locals,No Degree,3900,War,New Mexico
10326,18-24,1.0,Locals,High School,10000,War,New Mexico
10327,25-44,1.0,Locals,High School,15000,War,New Mexico
10328,45+,1.0,Locals,High School,6500,War,New Mexico
10329,18-24,2.0,Locals,High School,4200,War,New Mexico
10330,25-44,2.0,Locals,High School,8300,War,New Mexico
10331,45+,2.0,Locals,High School,6000,War,New Mexico
10332,18-24,1.0,Expats,Graduated,21000,War,New York
10333,25-44,1.0,Expats,Graduated,77000,War,New York
10334,45+,1.0,Expats,Graduated,23000,War,New York
10335,18-24,2.0,Expats,Graduated,5500,War,New York
10336,25-44,2.0,Expats,Graduated,30000,War,New York
10337,45+,2.0,Expats,Graduated,13000,War,New York
10338,18-24,1.0,Expats,No Degree,21000,War,New York
10339,25-44,1.0,Expats,No Degree,68000,War,New York
10340,45+,1.0,Expats,No Degree,30000,War,New York
10341,18-24,2.0,Expats,No Degree,5800,War,New York
10342,25-44,2.0,Expats,No Degree,20000,War,New York
10343,45+,2.0,Expats,No Degree,14000,War,New York
10344,18-24,1.0,Expats,High School,20000,War,New York
10345,25-44,1.0,Expats,High School,39000,War,New York
10346,45+,1.0,Expats,High School,11000,War,New York
10347,18-24,2.0,Expats,High School,6400,War,New York
10348,25-44,2.0,Expats,High School,14000,War,New York
10349,45+,2.0,Expats,High School,6100,War,New York
10350,18-24,1.0,Locals,Graduated,41000,War,New York
10351,25-44,1.0,Locals,Graduated,140000,War,New York
10352,45+,1.0,Locals,Graduated,71000,War,New York
10353,18-24,2.0,Locals,Graduated,14000,War,New York
10354,25-44,2.0,Locals,Graduated,78000,War,New York
10355,45+,2.0,Locals,Graduated,60000,War,New York
10356,18-24,1.0,Locals,No Degree,31000,War,New York
10357,25-44,1.0,Locals,No Degree,57000,War,New York
10358,45+,1.0,Locals,No Degree,38000,War,New York
10359,18-24,2.0,Locals,No Degree,10000,War,New York
10360,25-44,2.0,Locals,No Degree,20000,War,New York
10361,45+,2.0,Locals,No Degree,27000,War,New York
10362,18-24,1.0,Locals,High School,61000,War,New York
10363,25-44,1.0,Locals,High School,93000,War,New York
10364,45+,1.0,Locals,High School,47000,War,New York
10365,18-24,2.0,Locals,High School,24000,War,New York
10366,25-44,2.0,Locals,High School,38000,War,New York
10367,45+,2.0,Locals,High School,36000,War,New York
10368,18-24,1.0,Expats,Graduated,5300,War,North Carolina
10369,25-44,1.0,Expats,Graduated,17000,War,North Carolina
10370,45+,1.0,Expats,Graduated,4300,War,North Carolina
10371,18-24,2.0,Expats,Graduated,1600,War,North Carolina
10372,25-44,2.0,Expats,Graduated,6900,War,North Carolina
10373,45+,2.0,Expats,Graduated,2700,War,North Carolina
10374,18-24,1.0,Expats,No Degree,5400,War,North Carolina
10375,25-44,1.0,Expats,No Degree,16000,War,North Carolina
10376,45+,1.0,Expats,No Degree,4300,War,North Carolina
10377,18-24,2.0,Expats,No Degree,1600,War,North Carolina
10378,25-44,2.0,Expats,No Degree,5900,War,North Carolina
10379,45+,2.0,Expats,No Degree,2100,War,North Carolina
10380,18-24,1.0,Expats,High School,4800,War,North Carolina
10381,25-44,1.0,Expats,High School,8800,War,North Carolina
10382,45+,1.0,Expats,High School,2100,War,North Carolina
10383,18-24,2.0,Expats,High School,2000,War,North Carolina
10384,25-44,2.0,Expats,High School,4300,War,North Carolina
10385,45+,2.0,Expats,High School,970,War,North Carolina
10386,18-24,1.0,Locals,Graduated,31000,War,North Carolina
10387,25-44,1.0,Locals,Graduated,100000,War,North Carolina
10388,45+,1.0,Locals,Graduated,62000,War,North Carolina
10389,18-24,2.0,Locals,Graduated,9400,War,North Carolina
10390,25-44,2.0,Locals,Graduated,60000,War,North Carolina
10391,45+,2.0,Locals,Graduated,54000,War,North Carolina
10392,18-24,1.0,Locals,No Degree,17000,War,North Carolina
10393,25-44,1.0,Locals,No Degree,30000,War,North Carolina
10394,45+,1.0,Locals,No Degree,22000,War,North Carolina
10395,18-24,2.0,Locals,No Degree,5700,War,North Carolina
10396,25-44,2.0,Locals,No Degree,11000,War,North Carolina
10397,45+,2.0,Locals,No Degree,16000,War,North Carolina
10398,18-24,1.0,Locals,High School,42000,War,North Carolina
10399,25-44,1.0,Locals,High School,69000,War,North Carolina
10400,45+,1.0,Locals,High School,38000,War,North Carolina
10401,18-24,2.0,Locals,High School,16000,War,North Carolina
10402,25-44,2.0,Locals,High School,31000,War,North Carolina
10403,45+,2.0,Locals,High School,28000,War,North Carolina
10404,18-24,1.0,Expats,Graduated,370,War,North Dakota
10405,25-44,1.0,Expats,Graduated,1200,War,North Dakota
10406,45+,1.0,Expats,Graduated,300,War,North Dakota
10407,18-24,2.0,Expats,Graduated,60,War,North Dakota
10408,25-44,2.0,Expats,Graduated,290,War,North Dakota
10409,45+,2.0,Expats,Graduated,140,War,North Dakota
10410,18-24,1.0,Expats,No Degree,180,War,North Dakota
10411,25-44,1.0,Expats,No Degree,560,War,North Dakota
10412,45+,1.0,Expats,No Degree,270,War,North Dakota
10413,18-24,2.0,Expats,No Degree,60,War,North Dakota
10414,25-44,2.0,Expats,No Degree,150,War,North Dakota
10415,45+,2.0,Expats,No Degree,20,War,North Dakota
10416,18-24,1.0,Expats,High School,260,War,North Dakota
10417,25-44,1.0,Expats,High School,450,War,North Dakota
10418,45+,1.0,Expats,High School,140,War,North Dakota
10419,18-24,2.0,Expats,High School,60,War,North Dakota
10420,25-44,2.0,Expats,High School,150,War,North Dakota
10421,45+,2.0,Expats,High School,60,War,North Dakota
10422,18-24,1.0,Locals,Graduated,2900,War,North Dakota
10423,25-44,1.0,Locals,Graduated,11000,War,North Dakota
10424,45+,1.0,Locals,Graduated,5000,War,North Dakota
10425,18-24,2.0,Locals,Graduated,700,War,North Dakota
10426,25-44,2.0,Locals,Graduated,4900,War,North Dakota
10427,45+,2.0,Locals,Graduated,4700,War,North Dakota
10428,18-24,1.0,Locals,No Degree,1700,War,North Dakota
10429,25-44,1.0,Locals,No Degree,2700,War,North Dakota
10430,45+,1.0,Locals,No Degree,1700,War,North Dakota
10431,18-24,2.0,Locals,No Degree,530,War,North Dakota
10432,25-44,2.0,Locals,No Degree,850,War,North Dakota
10433,45+,2.0,Locals,No Degree,2200,War,North Dakota
10434,18-24,1.0,Locals,High School,5000,War,North Dakota
10435,25-44,1.0,Locals,High School,7900,War,North Dakota
10436,45+,1.0,Locals,High School,3100,War,North Dakota
10437,18-24,2.0,Locals,High School,1500,War,North Dakota
10438,25-44,2.0,Locals,High School,2800,War,North Dakota
10439,45+,2.0,Locals,High School,2500,War,North Dakota
10440,18-24,1.0,Expats,Graduated,2900,War,Ohio
10441,25-44,1.0,Expats,Graduated,11000,War,Ohio
10442,45+,1.0,Expats,Graduated,2800,War,Ohio
10443,18-24,2.0,Expats,Graduated,660,War,Ohio
10444,25-44,2.0,Expats,Graduated,3600,War,Ohio
10445,45+,2.0,Expats,Graduated,1900,War,Ohio
10446,18-24,1.0,Expats,No Degree,2600,War,Ohio
10447,25-44,1.0,Expats,No Degree,7100,War,Ohio
10448,45+,1.0,Expats,No Degree,2600,War,Ohio
10449,18-24,2.0,Expats,No Degree,660,War,Ohio
10450,25-44,2.0,Expats,No Degree,2100,War,Ohio
10451,45+,2.0,Expats,No Degree,1000,War,Ohio
10452,18-24,1.0,Expats,High School,3200,War,Ohio
10453,25-44,1.0,Expats,High School,4600,War,Ohio
10454,45+,1.0,Expats,High School,1100,War,Ohio
10455,18-24,2.0,Expats,High School,1000,War,Ohio
10456,25-44,2.0,Expats,High School,1500,War,Ohio
10457,45+,2.0,Expats,High School,770,War,Ohio
10458,18-24,1.0,Locals,Graduated,33000,War,Ohio
10459,25-44,1.0,Locals,Graduated,120000,War,Ohio
10460,45+,1.0,Locals,Graduated,71000,War,Ohio
10461,18-24,2.0,Locals,Graduated,9500,War,Ohio
10462,25-44,2.0,Locals,Graduated,62000,War,Ohio
10463,45+,2.0,Locals,Graduated,56000,War,Ohio
10464,18-24,1.0,Locals,No Degree,21000,War,Ohio
10465,25-44,1.0,Locals,No Degree,35000,War,Ohio
10466,45+,1.0,Locals,No Degree,28000,War,Ohio
10467,18-24,2.0,Locals,No Degree,7100,War,Ohio
10468,25-44,2.0,Locals,No Degree,13000,War,Ohio
10469,45+,2.0,Locals,No Degree,21000,War,Ohio
10470,18-24,1.0,Locals,High School,50000,War,Ohio
10471,25-44,1.0,Locals,High School,96000,War,Ohio
10472,45+,1.0,Locals,High School,54000,War,Ohio
10473,18-24,2.0,Locals,High School,19000,War,Ohio
10474,25-44,2.0,Locals,High School,43000,War,Ohio
10475,45+,2.0,Locals,High School,45000,War,Ohio
10476,18-24,1.0,Expats,Graduated,1700,War,Oklahoma
10477,25-44,1.0,Expats,Graduated,4800,War,Oklahoma
10478,45+,1.0,Expats,Graduated,1300,War,Oklahoma
10479,18-24,2.0,Expats,Graduated,560,War,Oklahoma
10480,25-44,2.0,Expats,Graduated,2000,War,Oklahoma
10481,45+,2.0,Expats,Graduated,540,War,Oklahoma
10482,18-24,1.0,Expats,No Degree,1700,War,Oklahoma
10483,25-44,1.0,Expats,No Degree,5200,War,Oklahoma
10484,45+,1.0,Expats,No Degree,1600,War,Oklahoma
10485,18-24,2.0,Expats,No Degree,500,War,Oklahoma
10486,25-44,2.0,Expats,No Degree,1900,War,Oklahoma
10487,45+,2.0,Expats,No Degree,740,War,Oklahoma
10488,18-24,1.0,Expats,High School,1500,War,Oklahoma
10489,25-44,1.0,Expats,High School,2600,War,Oklahoma
10490,45+,1.0,Expats,High School,570,War,Oklahoma
10491,18-24,2.0,Expats,High School,630,War,Oklahoma
10492,25-44,2.0,Expats,High School,1600,War,Oklahoma
10493,45+,2.0,Expats,High School,410,War,Oklahoma
10494,18-24,1.0,Locals,Graduated,13000,War,Oklahoma
10495,25-44,1.0,Locals,Graduated,45000,War,Oklahoma
10496,45+,1.0,Locals,Graduated,29000,War,Oklahoma
10497,18-24,2.0,Locals,Graduated,3700,War,Oklahoma
10498,25-44,2.0,Locals,Graduated,23000,War,Oklahoma
10499,45+,2.0,Locals,Graduated,21000,War,Oklahoma
10500,18-24,1.0,Locals,No Degree,8800,War,Oklahoma
10501,25-44,1.0,Locals,No Degree,14000,War,Oklahoma
10502,45+,1.0,Locals,No Degree,10000,War,Oklahoma
10503,18-24,2.0,Locals,No Degree,3200,War,Oklahoma
10504,25-44,2.0,Locals,No Degree,5300,War,Oklahoma
10505,45+,2.0,Locals,No Degree,7600,War,Oklahoma
10506,18-24,1.0,Locals,High School,20000,War,Oklahoma
10507,25-44,1.0,Locals,High School,39000,War,Oklahoma
10508,45+,1.0,Locals,High School,20000,War,Oklahoma
10509,18-24,2.0,Locals,High School,7200,War,Oklahoma
10510,25-44,2.0,Locals,High School,16000,War,Oklahoma
10511,45+,2.0,Locals,High School,16000,War,Oklahoma
10512,18-24,1.0,Expats,Graduated,1600,War,Oregon
10513,25-44,1.0,Expats,Graduated,6000,War,Oregon
10514,45+,1.0,Expats,Graduated,2100,War,Oregon
10515,18-24,2.0,Expats,Graduated,490,War,Oregon
10516,25-44,2.0,Expats,Graduated,2600,War,Oregon
10517,45+,2.0,Expats,Graduated,1100,War,Oregon
10518,18-24,1.0,Expats,No Degree,1500,War,Oregon
10519,25-44,1.0,Expats,No Degree,4500,War,Oregon
10520,45+,1.0,Expats,No Degree,1900,War,Oregon
10521,18-24,2.0,Expats,No Degree,520,War,Oregon
10522,25-44,2.0,Expats,No Degree,1700,War,Oregon
10523,45+,2.0,Expats,No Degree,1100,War,Oregon
10524,18-24,1.0,Expats,High School,1700,War,Oregon
10525,25-44,1.0,Expats,High School,3200,War,Oregon
10526,45+,1.0,Expats,High School,810,War,Oregon
10527,18-24,2.0,Expats,High School,760,War,Oregon
10528,25-44,2.0,Expats,High School,1600,War,Oregon
10529,45+,2.0,Expats,High School,450,War,Oregon
10530,18-24,1.0,Locals,Graduated,11000,War,Oregon
10531,25-44,1.0,Locals,Graduated,38000,War,Oregon
10532,45+,1.0,Locals,Graduated,25000,War,Oregon
10533,18-24,2.0,Locals,Graduated,3500,War,Oregon
10534,25-44,2.0,Locals,Graduated,21000,War,Oregon
10535,45+,2.0,Locals,Graduated,23000,War,Oregon
10536,18-24,1.0,Locals,No Degree,7500,War,Oregon
10537,25-44,1.0,Locals,No Degree,13000,War,Oregon
10538,45+,1.0,Locals,No Degree,9000,War,Oregon
10539,18-24,2.0,Locals,No Degree,2500,War,Oregon
10540,25-44,2.0,Locals,No Degree,5100,War,Oregon
10541,45+,2.0,Locals,No Degree,7600,War,Oregon
10542,18-24,1.0,Locals,High School,17000,War,Oregon
10543,25-44,1.0,Locals,High School,29000,War,Oregon
10544,45+,1.0,Locals,High School,14000,War,Oregon
10545,18-24,2.0,Locals,High School,6400,War,Oregon
10546,25-44,2.0,Locals,High School,13000,War,Oregon
10547,45+,2.0,Locals,High School,13000,War,Oregon
10548,18-24,1.0,Expats,Graduated,5100,War,Pennsylvania
10549,25-44,1.0,Expats,Graduated,17000,War,Pennsylvania
10550,45+,1.0,Expats,Graduated,5500,War,Pennsylvania
10551,18-24,2.0,Expats,Graduated,1400,War,Pennsylvania
10552,25-44,2.0,Expats,Graduated,7000,War,Pennsylvania
10553,45+,2.0,Expats,Graduated,3100,War,Pennsylvania
10554,18-24,1.0,Expats,No Degree,4600,War,Pennsylvania
10555,25-44,1.0,Expats,No Degree,12000,War,Pennsylvania
10556,45+,1.0,Expats,No Degree,5300,War,Pennsylvania
10557,18-24,2.0,Expats,No Degree,1000,War,Pennsylvania
10558,25-44,2.0,Expats,No Degree,3800,War,Pennsylvania
10559,45+,2.0,Expats,No Degree,2500,War,Pennsylvania
10560,18-24,1.0,Expats,High School,5300,War,Pennsylvania
10561,25-44,1.0,Expats,High School,8700,War,Pennsylvania
10562,45+,1.0,Expats,High School,2400,War,Pennsylvania
10563,18-24,2.0,Expats,High School,1700,War,Pennsylvania
10564,25-44,2.0,Expats,High School,3400,War,Pennsylvania
10565,45+,2.0,Expats,High School,1700,War,Pennsylvania
10566,18-24,1.0,Locals,Graduated,32000,War,Pennsylvania
10567,25-44,1.0,Locals,Graduated,120000,War,Pennsylvania
10568,45+,1.0,Locals,Graduated,64000,War,Pennsylvania
10569,18-24,2.0,Locals,Graduated,10000,War,Pennsylvania
10570,25-44,2.0,Locals,Graduated,63000,War,Pennsylvania
10571,45+,2.0,Locals,Graduated,54000,War,Pennsylvania
10572,18-24,1.0,Locals,No Degree,19000,War,Pennsylvania
10573,25-44,1.0,Locals,No Degree,34000,War,Pennsylvania
10574,45+,1.0,Locals,No Degree,28000,War,Pennsylvania
10575,18-24,2.0,Locals,No Degree,6700,War,Pennsylvania
10576,25-44,2.0,Locals,No Degree,13000,War,Pennsylvania
10577,45+,2.0,Locals,No Degree,20000,War,Pennsylvania
10578,18-24,1.0,Locals,High School,49000,War,Pennsylvania
10579,25-44,1.0,Locals,High School,86000,War,Pennsylvania
10580,45+,1.0,Locals,High School,49000,War,Pennsylvania
10581,18-24,2.0,Locals,High School,20000,War,Pennsylvania
10582,25-44,2.0,Locals,High School,38000,War,Pennsylvania
10583,45+,2.0,Locals,High School,43000,War,Pennsylvania
10584,18-24,1.0,Expats,Graduated,810,War,Rhode Island
10585,25-44,1.0,Expats,Graduated,2800,War,Rhode Island
10586,45+,1.0,Expats,Graduated,1000,War,Rhode Island
10587,18-24,2.0,Expats,Graduated,170,War,Rhode Island
10588,25-44,2.0,Expats,Graduated,1100,War,Rhode Island
10589,45+,2.0,Expats,Graduated,620,War,Rhode Island
10590,18-24,1.0,Expats,No Degree,800,War,Rhode Island
10591,25-44,1.0,Expats,No Degree,2100,War,Rhode Island
10592,45+,1.0,Expats,No Degree,920,War,Rhode Island
10593,18-24,2.0,Expats,No Degree,190,War,Rhode Island
10594,25-44,2.0,Expats,No Degree,610,War,Rhode Island
10595,45+,2.0,Expats,No Degree,370,War,Rhode Island
10596,18-24,1.0,Expats,High School,740,War,Rhode Island
10597,25-44,1.0,Expats,High School,1300,War,Rhode Island
10598,45+,1.0,Expats,High School,450,War,Rhode Island
10599,18-24,2.0,Expats,High School,260,War,Rhode Island
10600,25-44,2.0,Expats,High School,630,War,Rhode Island
10601,45+,2.0,Expats,High School,200,War,Rhode Island
10602,18-24,1.0,Locals,Graduated,2500,War,Rhode Island
10603,25-44,1.0,Locals,Graduated,9100,War,Rhode Island
10604,45+,1.0,Locals,Graduated,5200,War,Rhode Island
10605,18-24,2.0,Locals,Graduated,1000,War,Rhode Island
10606,25-44,2.0,Locals,Graduated,5300,War,Rhode Island
10607,45+,2.0,Locals,Graduated,4700,War,Rhode Island
10608,18-24,1.0,Locals,No Degree,1500,War,Rhode Island
10609,25-44,1.0,Locals,No Degree,3200,War,Rhode Island
10610,45+,1.0,Locals,No Degree,2100,War,Rhode Island
10611,18-24,2.0,Locals,No Degree,590,War,Rhode Island
10612,25-44,2.0,Locals,No Degree,1300,War,Rhode Island
10613,45+,2.0,Locals,No Degree,1600,War,Rhode Island
10614,18-24,1.0,Locals,High School,4000,War,Rhode Island
10615,25-44,1.0,Locals,High School,7100,War,Rhode Island
10616,45+,1.0,Locals,High School,3300,War,Rhode Island
10617,18-24,2.0,Locals,High School,1900,War,Rhode Island
10618,25-44,2.0,Locals,High School,2700,War,Rhode Island
10619,45+,2.0,Locals,High School,2500,War,Rhode Island
10620,18-24,1.0,Expats,Graduated,1800,War,South Carolina
10621,25-44,1.0,Expats,Graduated,6000,War,South Carolina
10622,45+,1.0,Expats,Graduated,1600,War,South Carolina
10623,18-24,2.0,Expats,Graduated,380,War,South Carolina
10624,25-44,2.0,Expats,Graduated,2300,War,South Carolina
10625,45+,2.0,Expats,Graduated,1100,War,South Carolina
10626,18-24,1.0,Expats,No Degree,1900,War,South Carolina
10627,25-44,1.0,Expats,No Degree,5600,War,South Carolina
10628,45+,1.0,Expats,No Degree,1400,War,South Carolina
10629,18-24,2.0,Expats,No Degree,390,War,South Carolina
10630,25-44,2.0,Expats,No Degree,1700,War,South Carolina
10631,45+,2.0,Expats,No Degree,650,War,South Carolina
10632,18-24,1.0,Expats,High School,1200,War,South Carolina
10633,25-44,1.0,Expats,High School,2900,War,South Carolina
10634,45+,1.0,Expats,High School,590,War,South Carolina
10635,18-24,2.0,Expats,High School,570,War,South Carolina
10636,25-44,2.0,Expats,High School,1300,War,South Carolina
10637,45+,2.0,Expats,High School,400,War,South Carolina
10638,18-24,1.0,Locals,Graduated,15000,War,South Carolina
10639,25-44,1.0,Locals,Graduated,50000,War,South Carolina
10640,45+,1.0,Locals,Graduated,32000,War,South Carolina
10641,18-24,2.0,Locals,Graduated,4300,War,South Carolina
10642,25-44,2.0,Locals,Graduated,27000,War,South Carolina
10643,45+,2.0,Locals,Graduated,26000,War,South Carolina
10644,18-24,1.0,Locals,No Degree,8200,War,South Carolina
10645,25-44,1.0,Locals,No Degree,15000,War,South Carolina
10646,45+,1.0,Locals,No Degree,12000,War,South Carolina
10647,18-24,2.0,Locals,No Degree,3200,War,South Carolina
10648,25-44,2.0,Locals,No Degree,5500,War,South Carolina
10649,45+,2.0,Locals,No Degree,8700,War,South Carolina
10650,18-24,1.0,Locals,High School,20000,War,South Carolina
10651,25-44,1.0,Locals,High School,36000,War,South Carolina
10652,45+,1.0,Locals,High School,21000,War,South Carolina
10653,18-24,2.0,Locals,High School,7100,War,South Carolina
10654,25-44,2.0,Locals,High School,17000,War,South Carolina
10655,45+,2.0,Locals,High School,17000,War,South Carolina
10656,18-24,1.0,Expats,Graduated,300,War,South Dakota
10657,25-44,1.0,Expats,Graduated,950,War,South Dakota
10658,45+,1.0,Expats,Graduated,110,War,South Dakota
10659,18-24,2.0,Expats,Graduated,40,War,South Dakota
10660,25-44,2.0,Expats,Graduated,200,War,South Dakota
10661,45+,2.0,Expats,Graduated,90,War,South Dakota
10662,18-24,1.0,Expats,No Degree,260,War,South Dakota
10663,25-44,1.0,Expats,No Degree,560,War,South Dakota
10664,45+,1.0,Expats,No Degree,90,War,South Dakota
10665,18-24,2.0,Expats,No Degree,50,War,South Dakota
10666,25-44,2.0,Expats,No Degree,130,War,South Dakota
10667,45+,2.0,Expats,No Degree,60,War,South Dakota
10668,18-24,1.0,Expats,High School,340,War,South Dakota
10669,25-44,1.0,Expats,High School,310,War,South Dakota
10670,45+,1.0,Expats,High School,80,War,South Dakota
10671,18-24,2.0,Expats,High School,120,War,South Dakota
10672,25-44,2.0,Expats,High School,150,War,South Dakota
10673,45+,2.0,Expats,High School,50,War,South Dakota
10674,18-24,1.0,Locals,Graduated,3300,War,South Dakota
10675,25-44,1.0,Locals,Graduated,10000,War,South Dakota
10676,45+,1.0,Locals,Graduated,5000,War,South Dakota
10677,18-24,2.0,Locals,Graduated,930,War,South Dakota
10678,25-44,2.0,Locals,Graduated,5300,War,South Dakota
10679,45+,2.0,Locals,Graduated,4500,War,South Dakota
10680,18-24,1.0,Locals,No Degree,1800,War,South Dakota
10681,25-44,1.0,Locals,No Degree,2600,War,South Dakota
10682,45+,1.0,Locals,No Degree,2000,War,South Dakota
10683,18-24,2.0,Locals,No Degree,740,War,South Dakota
10684,25-44,2.0,Locals,No Degree,1300,War,South Dakota
10685,45+,2.0,Locals,No Degree,1600,War,South Dakota
10686,18-24,1.0,Locals,High School,4500,War,South Dakota
10687,25-44,1.0,Locals,High School,7300,War,South Dakota
10688,45+,1.0,Locals,High School,3400,War,South Dakota
10689,18-24,2.0,Locals,High School,1600,War,South Dakota
10690,25-44,2.0,Locals,High School,3100,War,South Dakota
10691,45+,2.0,Locals,High School,2500,War,South Dakota
10692,18-24,1.0,Expats,Graduated,2900,War,Tennessee
10693,25-44,1.0,Expats,Graduated,8700,War,Tennessee
10694,45+,1.0,Expats,Graduated,2100,War,Tennessee
10695,18-24,2.0,Expats,Graduated,620,War,Tennessee
10696,25-44,2.0,Expats,Graduated,2800,War,Tennessee
10697,45+,2.0,Expats,Graduated,1200,War,Tennessee
10698,18-24,1.0,Expats,No Degree,3200,War,Tennessee
10699,25-44,1.0,Expats,No Degree,8600,War,Tennessee
10700,45+,1.0,Expats,No Degree,2200,War,Tennessee
10701,18-24,2.0,Expats,No Degree,720,War,Tennessee
10702,25-44,2.0,Expats,No Degree,2300,War,Tennessee
10703,45+,2.0,Expats,No Degree,830,War,Tennessee
10704,18-24,1.0,Expats,High School,2400,War,Tennessee
10705,25-44,1.0,Expats,High School,4400,War,Tennessee
10706,45+,1.0,Expats,High School,800,War,Tennessee
10707,18-24,2.0,Expats,High School,900,War,Tennessee
10708,25-44,2.0,Expats,High School,1700,War,Tennessee
10709,45+,2.0,Expats,High School,400,War,Tennessee
10710,18-24,1.0,Locals,Graduated,20000,War,Tennessee
10711,25-44,1.0,Locals,Graduated,70000,War,Tennessee
10712,45+,1.0,Locals,Graduated,43000,War,Tennessee
10713,18-24,2.0,Locals,Graduated,6300,War,Tennessee
10714,25-44,2.0,Locals,Graduated,38000,War,Tennessee
10715,45+,2.0,Locals,Graduated,34000,War,Tennessee
10716,18-24,1.0,Locals,No Degree,12000,War,Tennessee
10717,25-44,1.0,Locals,No Degree,22000,War,Tennessee
10718,45+,1.0,Locals,No Degree,17000,War,Tennessee
10719,18-24,2.0,Locals,No Degree,4100,War,Tennessee
10720,25-44,2.0,Locals,No Degree,8000,War,Tennessee
10721,45+,2.0,Locals,No Degree,14000,War,Tennessee
10722,18-24,1.0,Locals,High School,28000,War,Tennessee
10723,25-44,1.0,Locals,High School,53000,War,Tennessee
10724,45+,1.0,Locals,High School,30000,War,Tennessee
10725,18-24,2.0,Locals,High School,11000,War,Tennessee
10726,25-44,2.0,Locals,High School,25000,War,Tennessee
10727,45+,2.0,Locals,High School,25000,War,Tennessee
10728,18-24,1.0,Expats,Graduated,27000,War,Texas
10729,25-44,1.0,Expats,Graduated,92000,War,Texas
10730,45+,1.0,Expats,Graduated,25000,War,Texas
10731,18-24,2.0,Expats,Graduated,9200,War,Texas
10732,25-44,2.0,Expats,Graduated,44000,War,Texas
10733,45+,2.0,Expats,Graduated,15000,War,Texas
10734,18-24,1.0,Expats,No Degree,29000,War,Texas
10735,25-44,1.0,Expats,No Degree,85000,War,Texas
10736,45+,1.0,Expats,No Degree,30000,War,Texas
10737,18-24,2.0,Expats,No Degree,9600,War,Texas
10738,25-44,2.0,Expats,No Degree,38000,War,Texas
10739,45+,2.0,Expats,No Degree,18000,War,Texas
10740,18-24,1.0,Expats,High School,24000,War,Texas
10741,25-44,1.0,Expats,High School,47000,War,Texas
10742,45+,1.0,Expats,High School,10000,War,Texas
10743,18-24,2.0,Expats,High School,11000,War,Texas
10744,25-44,2.0,Expats,High School,27000,War,Texas
10745,45+,2.0,Expats,High School,6600,War,Texas
10746,18-24,1.0,Locals,Graduated,78000,War,Texas
10747,25-44,1.0,Locals,Graduated,280000,War,Texas
10748,45+,1.0,Locals,Graduated,150000,War,Texas
10749,18-24,2.0,Locals,Graduated,26000,War,Texas
10750,25-44,2.0,Locals,Graduated,150000,War,Texas
10751,45+,2.0,Locals,Graduated,110000,War,Texas
10752,18-24,1.0,Locals,No Degree,62000,War,Texas
10753,25-44,1.0,Locals,No Degree,100000,War,Texas
10754,45+,1.0,Locals,No Degree,64000,War,Texas
10755,18-24,2.0,Locals,No Degree,22000,War,Texas
10756,25-44,2.0,Locals,No Degree,40000,War,Texas
10757,45+,2.0,Locals,No Degree,45000,War,Texas
10758,18-24,1.0,Locals,High School,120000,War,Texas
10759,25-44,1.0,Locals,High School,210000,War,Texas
10760,45+,1.0,Locals,High School,92000,War,Texas
10761,18-24,2.0,Locals,High School,48000,War,Texas
10762,25-44,2.0,Locals,High School,100000,War,Texas
10763,45+,2.0,Locals,High School,73000,War,Texas
10764,18-24,1.0,Expats,Graduated,1700,War,Utah
10765,25-44,1.0,Expats,Graduated,4700,War,Utah
10766,45+,1.0,Expats,Graduated,1500,War,Utah
10767,18-24,2.0,Expats,Graduated,430,War,Utah
10768,25-44,2.0,Expats,Graduated,2000,War,Utah
10769,45+,2.0,Expats,Graduated,990,War,Utah
10770,18-24,1.0,Expats,No Degree,1200,War,Utah
10771,25-44,1.0,Expats,No Degree,4100,War,Utah
10772,45+,1.0,Expats,No Degree,1300,War,Utah
10773,18-24,2.0,Expats,No Degree,450,War,Utah
10774,25-44,2.0,Expats,No Degree,1700,War,Utah
10775,45+,2.0,Expats,No Degree,1200,War,Utah
10776,18-24,1.0,Expats,High School,1800,War,Utah
10777,25-44,1.0,Expats,High School,2700,War,Utah
10778,45+,1.0,Expats,High School,540,War,Utah
10779,18-24,2.0,Expats,High School,720,War,Utah
10780,25-44,2.0,Expats,High School,1300,War,Utah
10781,45+,2.0,Expats,High School,380,War,Utah
10782,18-24,1.0,Locals,Graduated,10000,War,Utah
10783,25-44,1.0,Locals,Graduated,31000,War,Utah
10784,45+,1.0,Locals,Graduated,15000,War,Utah
10785,18-24,2.0,Locals,Graduated,3400,War,Utah
10786,25-44,2.0,Locals,Graduated,17000,War,Utah
10787,45+,2.0,Locals,Graduated,12000,War,Utah
10788,18-24,1.0,Locals,No Degree,7500,War,Utah
10789,25-44,1.0,Locals,No Degree,8900,War,Utah
10790,45+,1.0,Locals,No Degree,4900,War,Utah
10791,18-24,2.0,Locals,No Degree,2600,War,Utah
10792,25-44,2.0,Locals,No Degree,4100,War,Utah
10793,45+,2.0,Locals,No Degree,4200,War,Utah
10794,18-24,1.0,Locals,High School,16000,War,Utah
10795,25-44,1.0,Locals,High School,23000,War,Utah
10796,45+,1.0,Locals,High School,8100,War,Utah
10797,18-24,2.0,Locals,High School,6200,War,Utah
10798,25-44,2.0,Locals,High School,11000,War,Utah
10799,45+,2.0,Locals,High School,6900,War,Utah
10800,18-24,1.0,Expats,Graduated,80,War,Vermont
10801,25-44,1.0,Expats,Graduated,350,War,Vermont
10802,45+,1.0,Expats,Graduated,210,War,Vermont
10803,18-24,2.0,Expats,Graduated,50,War,Vermont
10804,25-44,2.0,Expats,Graduated,70,War,Vermont
10805,45+,2.0,Expats,Graduated,100,War,Vermont
10806,18-24,1.0,Expats,No Degree,130,War,Vermont
10807,25-44,1.0,Expats,No Degree,220,War,Vermont
10808,45+,1.0,Expats,No Degree,110,War,Vermont
10809,18-24,2.0,Expats,No Degree,20,War,Vermont
10810,25-44,2.0,Expats,No Degree,50,War,Vermont
10811,45+,2.0,Expats,No Degree,90,War,Vermont
10812,18-24,1.0,Expats,High School,180,War,Vermont
10813,25-44,1.0,Expats,High School,160,War,Vermont
10814,45+,1.0,Expats,High School,70,War,Vermont
10815,18-24,2.0,Expats,High School,70,War,Vermont
10816,25-44,2.0,Expats,High School,60,War,Vermont
10817,45+,2.0,Expats,High School,50,War,Vermont
10818,18-24,1.0,Locals,Graduated,1800,War,Vermont
10819,25-44,1.0,Locals,Graduated,5200,War,Vermont
10820,45+,1.0,Locals,Graduated,3700,War,Vermont
10821,18-24,2.0,Locals,Graduated,550,War,Vermont
10822,25-44,2.0,Locals,Graduated,3300,War,Vermont
10823,45+,2.0,Locals,Graduated,3400,War,Vermont
10824,18-24,1.0,Locals,No Degree,990,War,Vermont
10825,25-44,1.0,Locals,No Degree,1300,War,Vermont
10826,45+,1.0,Locals,No Degree,1200,War,Vermont
10827,18-24,2.0,Locals,No Degree,250,War,Vermont
10828,25-44,2.0,Locals,No Degree,440,War,Vermont
10829,45+,2.0,Locals,No Degree,960,War,Vermont
10830,18-24,1.0,Locals,High School,3000,War,Vermont
10831,25-44,1.0,Locals,High School,4500,War,Vermont
10832,45+,1.0,Locals,High School,2500,War,Vermont
10833,18-24,2.0,Locals,High School,1100,War,Vermont
10834,25-44,2.0,Locals,High School,1900,War,Vermont
10835,45+,2.0,Locals,High School,1700,War,Vermont
10836,18-24,1.0,Expats,Graduated,5400,War,Virginia
10837,25-44,1.0,Expats,Graduated,21000,War,Virginia
10838,45+,1.0,Expats,Graduated,6300,War,Virginia
10839,18-24,2.0,Expats,Graduated,1400,War,Virginia
10840,25-44,2.0,Expats,Graduated,7300,War,Virginia
10841,45+,2.0,Expats,Graduated,3400,War,Virginia
10842,18-24,1.0,Expats,No Degree,5400,War,Virginia
10843,25-44,1.0,Expats,No Degree,15000,War,Virginia
10844,45+,1.0,Expats,No Degree,5100,War,Virginia
10845,18-24,2.0,Expats,No Degree,1500,War,Virginia
10846,25-44,2.0,Expats,No Degree,4400,War,Virginia
10847,45+,2.0,Expats,No Degree,2600,War,Virginia
10848,18-24,1.0,Expats,High School,5200,War,Virginia
10849,25-44,1.0,Expats,High School,8800,War,Virginia
10850,45+,1.0,Expats,High School,2400,War,Virginia
10851,18-24,2.0,Expats,High School,1500,War,Virginia
10852,25-44,2.0,Expats,High School,3600,War,Virginia
10853,45+,2.0,Expats,High School,1300,War,Virginia
10854,18-24,1.0,Locals,Graduated,21000,War,Virginia
10855,25-44,1.0,Locals,Graduated,78000,War,Virginia
10856,45+,1.0,Locals,Graduated,47000,War,Virginia
10857,18-24,2.0,Locals,Graduated,6100,War,Virginia
10858,25-44,2.0,Locals,Graduated,44000,War,Virginia
10859,45+,2.0,Locals,Graduated,38000,War,Virginia
10860,18-24,1.0,Locals,No Degree,12000,War,Virginia
10861,25-44,1.0,Locals,No Degree,22000,War,Virginia
10862,45+,1.0,Locals,No Degree,17000,War,Virginia
10863,18-24,2.0,Locals,No Degree,3800,War,Virginia
10864,25-44,2.0,Locals,No Degree,9100,War,Virginia
10865,45+,2.0,Locals,No Degree,13000,War,Virginia
10866,18-24,1.0,Locals,High School,33000,War,Virginia
10867,25-44,1.0,Locals,High School,55000,War,Virginia
10868,45+,1.0,Locals,High School,28000,War,Virginia
10869,18-24,2.0,Locals,High School,12000,War,Virginia
10870,25-44,2.0,Locals,High School,25000,War,Virginia
10871,45+,2.0,Locals,High School,23000,War,Virginia
10872,18-24,1.0,Expats,Graduated,4100,War,Washington
10873,25-44,1.0,Expats,Graduated,16000,War,Washington
10874,45+,1.0,Expats,Graduated,5000,War,Washington
10875,18-24,2.0,Expats,Graduated,1300,War,Washington
10876,25-44,2.0,Expats,Graduated,6600,War,Washington
10877,45+,2.0,Expats,Graduated,2900,War,Washington
10878,18-24,1.0,Expats,No Degree,3600,War,Washington
10879,25-44,1.0,Expats,No Degree,12000,War,Washington
10880,45+,1.0,Expats,No Degree,4300,War,Washington
10881,18-24,2.0,Expats,No Degree,970,War,Washington
10882,25-44,2.0,Expats,No Degree,4300,War,Washington
10883,45+,2.0,Expats,No Degree,2500,War,Washington
10884,18-24,1.0,Expats,High School,4000,War,Washington
10885,25-44,1.0,Expats,High School,7600,War,Washington
10886,45+,1.0,Expats,High School,2100,War,Washington
10887,18-24,2.0,Expats,High School,1600,War,Washington
10888,25-44,2.0,Expats,High School,3200,War,Washington
10889,45+,2.0,Expats,High School,1200,War,Washington
10890,18-24,1.0,Locals,Graduated,19000,War,Washington
10891,25-44,1.0,Locals,Graduated,67000,War,Washington
10892,45+,1.0,Locals,Graduated,42000,War,Washington
10893,18-24,2.0,Locals,Graduated,5500,War,Washington
10894,25-44,2.0,Locals,Graduated,38000,War,Washington
10895,45+,2.0,Locals,Graduated,35000,War,Washington
10896,18-24,1.0,Locals,No Degree,14000,War,Washington
10897,25-44,1.0,Locals,No Degree,23000,War,Washington
10898,45+,1.0,Locals,No Degree,16000,War,Washington
10899,18-24,2.0,Locals,No Degree,4500,War,Washington
10900,25-44,2.0,Locals,No Degree,8500,War,Washington
10901,45+,2.0,Locals,No Degree,12000,War,Washington
10902,18-24,1.0,Locals,High School,30000,War,Washington
10903,25-44,1.0,Locals,High School,50000,War,Washington
10904,45+,1.0,Locals,High School,24000,War,Washington
10905,18-24,2.0,Locals,High School,11000,War,Washington
10906,25-44,2.0,Locals,High School,22000,War,Washington
10907,45+,2.0,Locals,High School,19000,War,Washington
10908,18-24,1.0,Expats,Graduated,360,War,West Virginia
10909,25-44,1.0,Expats,Graduated,670,War,West Virginia
10910,45+,1.0,Expats,Graduated,240,War,West Virginia
10911,18-24,2.0,Expats,Graduated,60,War,West Virginia
10912,25-44,2.0,Expats,Graduated,270,War,West Virginia
10913,45+,2.0,Expats,Graduated,180,War,West Virginia
10914,18-24,1.0,Expats,No Degree,220,War,West Virginia
10915,25-44,1.0,Expats,No Degree,330,War,West Virginia
10916,45+,1.0,Expats,No Degree,130,War,West Virginia
10917,18-24,2.0,Expats,No Degree,60,War,West Virginia
10918,25-44,2.0,Expats,No Degree,100,War,West Virginia
10919,45+,2.0,Expats,No Degree,70,War,West Virginia
10920,18-24,1.0,Expats,High School,260,War,West Virginia
10921,25-44,1.0,Expats,High School,370,War,West Virginia
10922,45+,1.0,Expats,High School,90,War,West Virginia
10923,18-24,2.0,Expats,High School,70,War,West Virginia
10924,25-44,2.0,Expats,High School,90,War,West Virginia
10925,45+,2.0,Expats,High School,70,War,West Virginia
10926,18-24,1.0,Locals,Graduated,6300,War,West Virginia
10927,25-44,1.0,Locals,Graduated,21000,War,West Virginia
10928,45+,1.0,Locals,Graduated,13000,War,West Virginia
10929,18-24,2.0,Locals,Graduated,1800,War,West Virginia
10930,25-44,2.0,Locals,Graduated,12000,War,West Virginia
10931,45+,2.0,Locals,Graduated,12000,War,West Virginia
10932,18-24,1.0,Locals,No Degree,3900,War,West Virginia
10933,25-44,1.0,Locals,No Degree,6400,War,West Virginia
10934,45+,1.0,Locals,No Degree,5400,War,West Virginia
10935,18-24,2.0,Locals,No Degree,1300,War,West Virginia
10936,25-44,2.0,Locals,No Degree,2600,War,West Virginia
10937,45+,2.0,Locals,No Degree,4400,War,West Virginia
10938,18-24,1.0,Locals,High School,9600,War,West Virginia
10939,25-44,1.0,Locals,High School,19000,War,West Virginia
10940,45+,1.0,Locals,High School,10000,War,West Virginia
10941,18-24,2.0,Locals,High School,3500,War,West Virginia
10942,25-44,2.0,Locals,High School,9200,War,West Virginia
10943,45+,2.0,Locals,High School,10000,War,West Virginia
10944,18-24,1.0,Expats,Graduated,1900,War,Wisconsin
10945,25-44,1.0,Expats,Graduated,5500,War,Wisconsin
10946,45+,1.0,Expats,Graduated,1600,War,Wisconsin
10947,18-24,2.0,Expats,Graduated,510,War,Wisconsin
10948,25-44,2.0,Expats,Graduated,2200,War,Wisconsin
10949,45+,2.0,Expats,Graduated,1000,War,Wisconsin
10950,18-24,1.0,Expats,No Degree,1700,War,Wisconsin
10951,25-44,1.0,Expats,No Degree,4500,War,Wisconsin
10952,45+,1.0,Expats,No Degree,1600,War,Wisconsin
10953,18-24,2.0,Expats,No Degree,600,War,Wisconsin
10954,25-44,2.0,Expats,No Degree,1400,War,Wisconsin
10955,45+,2.0,Expats,No Degree,740,War,Wisconsin
10956,18-24,1.0,Expats,High School,1900,War,Wisconsin
10957,25-44,1.0,Expats,High School,3200,War,Wisconsin
10958,45+,1.0,Expats,High School,580,War,Wisconsin
10959,18-24,2.0,Expats,High School,760,War,Wisconsin
10960,25-44,2.0,Expats,High School,1200,War,Wisconsin
10961,45+,2.0,Expats,High School,330,War,Wisconsin
10962,18-24,1.0,Locals,Graduated,17000,War,Wisconsin
10963,25-44,1.0,Locals,Graduated,56000,War,Wisconsin
10964,45+,1.0,Locals,Graduated,30000,War,Wisconsin
10965,18-24,2.0,Locals,Graduated,4600,War,Wisconsin
10966,25-44,2.0,Locals,Graduated,28000,War,Wisconsin
10967,45+,2.0,Locals,Graduated,23000,War,Wisconsin
10968,18-24,1.0,Locals,No Degree,11000,War,Wisconsin
10969,25-44,1.0,Locals,No Degree,15000,War,Wisconsin
10970,45+,1.0,Locals,No Degree,12000,War,Wisconsin
10971,18-24,2.0,Locals,No Degree,3400,War,Wisconsin
10972,25-44,2.0,Locals,No Degree,5400,War,Wisconsin
10973,45+,2.0,Locals,No Degree,8500,War,Wisconsin
10974,18-24,1.0,Locals,High School,27000,War,Wisconsin
10975,25-44,1.0,Locals,High School,40000,War,Wisconsin
10976,45+,1.0,Locals,High School,18000,War,Wisconsin
10977,18-24,2.0,Locals,High School,11000,War,Wisconsin
10978,25-44,2.0,Locals,High School,16000,War,Wisconsin
10979,45+,2.0,Locals,High School,15000,War,Wisconsin
10980,18-24,1.0,Expats,Graduated,190,War,Wyoming
10981,25-44,1.0,Expats,Graduated,440,War,Wyoming
10982,45+,1.0,Expats,Graduated,150,War,Wyoming
10983,18-24,2.0,Expats,Graduated,30,War,Wyoming
10984,25-44,2.0,Expats,Graduated,210,War,Wyoming
10985,45+,2.0,Expats,Graduated,70,War,Wyoming
10986,18-24,1.0,Expats,No Degree,150,War,Wyoming
10987,25-44,1.0,Expats,No Degree,330,War,Wyoming
10988,45+,1.0,Expats,No Degree,110,War,Wyoming
10989,18-24,2.0,Expats,No Degree,20,War,Wyoming
10990,25-44,2.0,Expats,No Degree,180,War,Wyoming
10991,45+,2.0,Expats,No Degree,80,War,Wyoming
10992,18-24,1.0,Expats,High School,90,War,Wyoming
10993,25-44,1.0,Expats,High School,230,War,Wyoming
10994,45+,1.0,Expats,High School,90,War,Wyoming
10995,18-24,2.0,Expats,High School,40,War,Wyoming
10996,25-44,2.0,Expats,High School,120,War,Wyoming
10997,45+,2.0,Expats,High School,30,War,Wyoming
10998,18-24,1.0,Locals,Graduated,2500,War,Wyoming
10999,25-44,1.0,Locals,Graduated,7500,War,Wyoming
11000,45+,1.0,Locals,Graduated,4000,War,Wyoming
11001,18-24,2.0,Locals,Graduated,610,War,Wyoming
11002,25-44,2.0,Locals,Graduated,3100,War,Wyoming
11003,45+,2.0,Locals,Graduated,3300,War,Wyoming
11004,18-24,1.0,Locals,No Degree,1800,War,Wyoming
11005,25-44,1.0,Locals,No Degree,2100,War,Wyoming
11006,45+,1.0,Locals,No Degree,1700,War,Wyoming
11007,18-24,2.0,Locals,No Degree,480,War,Wyoming
11008,25-44,2.0,Locals,No Degree,780,War,Wyoming
11009,45+,2.0,Locals,No Degree,1100,War,Wyoming
11010,18-24,1.0,Locals,High School,3500,War,Wyoming
11011,25-44,1.0,Locals,High School,5800,War,Wyoming
11012,45+,1.0,Locals,High School,2600,War,Wyoming
11013,18-24,2.0,Locals,High School,1300,War,Wyoming
11014,25-44,2.0,Locals,High School,2500,War,Wyoming
11015,45+,2.0,Locals,High School,2100,War,Wyoming
