,experiment_id,interest_id,country_code,min_age,max_age,target_request,topic,ground_truth_column,citizenship,is_denominator,gender,placebo_query,interest_query,placebo_id,scholarity,languages,interest,audience,age_range
500,f84044b3-da99-41ed-ad27-eed150c8f4a3,09f7b3ef-b076-44c7-93c7-4d24a00d3571,QA,18.0,24.0,"{'flexible_spec': [{'interests': [{'id': 6003464109203}]}, {'education_statuses': [3, 7, 8, 9, 11]}], 'geo_locations': {'location_types': ['home'], 'countries': [u'QA']}, 'age_min': 18, 'genders': [1], 'age_max': 24, 'exclusions': {'behaviors': [{'id': 6015559470583}]}}",health care,arab_interests,Locals,False,Male,NOTSELECTED,"{u'or': [6003464109203], u'name': u'health care'}",NOTSELECTED,GRAD,NOTSELECTED,"AND:[[Health care,]]",2400,18-24
501,f84044b3-da99-41ed-ad27-eed150c8f4a3,09f7b3ef-b076-44c7-93c7-4d24a00d3571,SA,18.0,24.0,"{'flexible_spec': [{'interests': [{'id': 6003464109203}]}, {'education_statuses': [3, 7, 8, 9, 11]}], 'geo_locations': {'location_types': ['home'], 'countries': [u'SA']}, 'age_min': 18, 'genders': [1], 'age_max': 24, 'exclusions': {'behaviors': [{'id': 6015559470583}]}}",health care,arab_interests,Locals,False,Male,NOTSELECTED,"{u'or': [6003464109203], u'name': u'health care'}",NOTSELECTED,GRAD,NOTSELECTED,"AND:[[Health care,]]",58000,18-24
502,4871428f-6f22-41d2-b3d7-192d8818d4ee,09f7b3ef-b076-44c7-93c7-4d24a00d3571,QA,18.0,24.0,"{'flexible_spec': [{'interests': [{'id': 6003464109203}]}, {'education_statuses': [1, 12, 13]}], 'geo_locations': {'location_types': ['home'], 'countries': [u'QA']}, 'age_min': 18, 'genders': [1], 'age_max': 24, 'exclusions': {'behaviors': [{'id': 6015559470583}]}}",health care,arab_interests,Locals,False,Male,NOTSELECTED,"{u'or': [6003464109203], u'name': u'health care'}",NOTSELECTED,ND,NOTSELECTED,"AND:[[Health care,]]",2800,18-24
503,4871428f-6f22-41d2-b3d7-192d8818d4ee,09f7b3ef-b076-44c7-93c7-4d24a00d3571,SA,18.0,24.0,"{'flexible_spec': [{'interests': [{'id': 6003464109203}]}, {'education_statuses': [1, 12, 13]}], 'geo_locations': {'location_types': ['home'], 'countries': [u'SA']}, 'age_min': 18, 'genders': [1], 'age_max': 24, 'exclusions': {'behaviors': [{'id': 6015559470583}]}}",health care,arab_interests,Locals,False,Male,NOTSELECTED,"{u'or': [6003464109203], u'name': u'health care'}",NOTSELECTED,ND,NOTSELECTED,"AND:[[Health care,]]",210000,18-24
504,814d2fd5-3fb4-4567-baa0-d718df03631b,09f7b3ef-b076-44c7-93c7-4d24a00d3571,QA,18.0,24.0,"{'flexible_spec': [{'interests': [{'id': 6003464109203}]}, {'education_statuses': [2, 4, 5, 6, 10]}], 'geo_locations': {'location_types': ['home'], 'countries': [u'QA']}, 'age_min': 18, 'genders': [1], 'age_max': 24, 'exclusions': {'behaviors': [{'id': 6015559470583}]}}",health care,arab_interests,Locals,False,Male,NOTSELECTED,"{u'or': [6003464109203], u'name': u'health care'}",NOTSELECTED,HS,NOTSELECTED,"AND:[[Health care,]]",760,18-24
505,814d2fd5-3fb4-4567-baa0-d718df03631b,09f7b3ef-b076-44c7-93c7-4d24a00d3571,SA,18.0,24.0,"{'flexible_spec': [{'interests': [{'id': 6003464109203}]}, {'education_statuses': [2, 4, 5, 6, 10]}], 'geo_locations': {'location_types': ['home'], 'countries': [u'SA']}, 'age_min': 18, 'genders': [1], 'age_max': 24, 'exclusions': {'behaviors': [{'id': 6015559470583}]}}",health care,arab_interests,Locals,False,Male,NOTSELECTED,"{u'or': [6003464109203], u'name': u'health care'}",NOTSELECTED,HS,NOTSELECTED,"AND:[[Health care,]]",31000,18-24
520,e1b6f7ec-5191-48e8-9fe9-3a3b44e7d583,09f7b3ef-b076-44c7-93c7-4d24a00d3571,QA,18.0,24.0,"{'flexible_spec': [{'interests': [{'id': 6003464109203}]}, {'education_statuses': [3, 7, 8, 9, 11]}], 'geo_locations': {'location_types': ['home'], 'countries': [u'QA']}, 'age_min': 18, 'genders': [2], 'age_max': 24, 'exclusions': {'behaviors': [{'id': 6015559470583}]}}",health care,arab_interests,Locals,False,Female,NOTSELECTED,"{u'or': [6003464109203], u'name': u'health care'}",NOTSELECTED,GRAD,NOTSELECTED,"AND:[[Health care,]]",850,18-24
521,e1b6f7ec-5191-48e8-9fe9-3a3b44e7d583,09f7b3ef-b076-44c7-93c7-4d24a00d3571,SA,18.0,24.0,"{'flexible_spec': [{'interests': [{'id': 6003464109203}]}, {'education_statuses': [3, 7, 8, 9, 11]}], 'geo_locations': {'location_types': ['home'], 'countries': [u'SA']}, 'age_min': 18, 'genders': [2], 'age_max': 24, 'exclusions': {'behaviors': [{'id': 6015559470583}]}}",health care,arab_interests,Locals,False,Female,NOTSELECTED,"{u'or': [6003464109203], u'name': u'health care'}",NOTSELECTED,GRAD,NOTSELECTED,"AND:[[Health care,]]",18000,18-24
522,c6261ffe-04fe-4341-a4f3-1e108f914b48,09f7b3ef-b076-44c7-93c7-4d24a00d3571,QA,18.0,24.0,"{'flexible_spec': [{'interests': [{'id': 6003464109203}]}, {'education_statuses': [1, 12, 13]}], 'geo_locations': {'location_types': ['home'], 'countries': [u'QA']}, 'age_min': 18, 'genders': [2], 'age_max': 24, 'exclusions': {'behaviors': [{'id': 6015559470583}]}}",health care,arab_interests,Locals,False,Female,NOTSELECTED,"{u'or': [6003464109203], u'name': u'health care'}",NOTSELECTED,ND,NOTSELECTED,"AND:[[Health care,]]",910,18-24
523,c6261ffe-04fe-4341-a4f3-1e108f914b48,09f7b3ef-b076-44c7-93c7-4d24a00d3571,SA,18.0,24.0,"{'flexible_spec': [{'interests': [{'id': 6003464109203}]}, {'education_statuses': [1, 12, 13]}], 'geo_locations': {'location_types': ['home'], 'countries': [u'SA']}, 'age_min': 18, 'genders': [2], 'age_max': 24, 'exclusions': {'behaviors': [{'id': 6015559470583}]}}",health care,arab_interests,Locals,False,Female,NOTSELECTED,"{u'or': [6003464109203], u'name': u'health care'}",NOTSELECTED,ND,NOTSELECTED,"AND:[[Health care,]]",49000,18-24
524,935e0e00-a551-44aa-b070-c30ee669d087,09f7b3ef-b076-44c7-93c7-4d24a00d3571,QA,18.0,24.0,"{'flexible_spec': [{'interests': [{'id': 6003464109203}]}, {'education_statuses': [2, 4, 5, 6, 10]}], 'geo_locations': {'location_types': ['home'], 'countries': [u'QA']}, 'age_min': 18, 'genders': [2], 'age_max': 24, 'exclusions': {'behaviors': [{'id': 6015559470583}]}}",health care,arab_interests,Locals,False,Female,NOTSELECTED,"{u'or': [6003464109203], u'name': u'health care'}",NOTSELECTED,HS,NOTSELECTED,"AND:[[Health care,]]",450,18-24
525,935e0e00-a551-44aa-b070-c30ee669d087,09f7b3ef-b076-44c7-93c7-4d24a00d3571,SA,18.0,24.0,"{'flexible_spec': [{'interests': [{'id': 6003464109203}]}, {'education_statuses': [2, 4, 5, 6, 10]}], 'geo_locations': {'location_types': ['home'], 'countries': [u'SA']}, 'age_min': 18, 'genders': [2], 'age_max': 24, 'exclusions': {'behaviors': [{'id': 6015559470583}]}}",health care,arab_interests,Locals,False,Female,NOTSELECTED,"{u'or': [6003464109203], u'name': u'health care'}",NOTSELECTED,HS,NOTSELECTED,"AND:[[Health care,]]",14000,18-24
620,c8f2a816-fc93-44c8-a538-74f03b024294,09f7b3ef-b076-44c7-93c7-4d24a00d3571,QA,25.0,44.0,"{'flexible_spec': [{'interests': [{'id': 6003464109203}]}, {'education_statuses': [3, 7, 8, 9, 11]}], 'geo_locations': {'location_types': ['home'], 'countries': [u'QA']}, 'age_min': 25, 'genders': [1], 'age_max': 44, 'exclusions': {'behaviors': [{'id': 6015559470583}]}}",health care,arab_interests,Locals,False,Male,NOTSELECTED,"{u'or': [6003464109203], u'name': u'health care'}",NOTSELECTED,GRAD,NOTSELECTED,"AND:[[Health care,]]",6300,25-44
621,c8f2a816-fc93-44c8-a538-74f03b024294,09f7b3ef-b076-44c7-93c7-4d24a00d3571,SA,25.0,44.0,"{'flexible_spec': [{'interests': [{'id': 6003464109203}]}, {'education_statuses': [3, 7, 8, 9, 11]}], 'geo_locations': {'location_types': ['home'], 'countries': [u'SA']}, 'age_min': 25, 'genders': [1], 'age_max': 44, 'exclusions': {'behaviors': [{'id': 6015559470583}]}}",health care,arab_interests,Locals,False,Male,NOTSELECTED,"{u'or': [6003464109203], u'name': u'health care'}",NOTSELECTED,GRAD,NOTSELECTED,"AND:[[Health care,]]",240000,25-44
622,20cfaae4-cc6f-47a1-aa54-71a732a51d84,09f7b3ef-b076-44c7-93c7-4d24a00d3571,QA,25.0,44.0,"{'flexible_spec': [{'interests': [{'id': 6003464109203}]}, {'education_statuses': [1, 12, 13]}], 'geo_locations': {'location_types': ['home'], 'countries': [u'QA']}, 'age_min': 25, 'genders': [1], 'age_max': 44, 'exclusions': {'behaviors': [{'id': 6015559470583}]}}",health care,arab_interests,Locals,False,Male,NOTSELECTED,"{u'or': [6003464109203], u'name': u'health care'}",NOTSELECTED,ND,NOTSELECTED,"AND:[[Health care,]]",3900,25-44
623,20cfaae4-cc6f-47a1-aa54-71a732a51d84,09f7b3ef-b076-44c7-93c7-4d24a00d3571,SA,25.0,44.0,"{'flexible_spec': [{'interests': [{'id': 6003464109203}]}, {'education_statuses': [1, 12, 13]}], 'geo_locations': {'location_types': ['home'], 'countries': [u'SA']}, 'age_min': 25, 'genders': [1], 'age_max': 44, 'exclusions': {'behaviors': [{'id': 6015559470583}]}}",health care,arab_interests,Locals,False,Male,NOTSELECTED,"{u'or': [6003464109203], u'name': u'health care'}",NOTSELECTED,ND,NOTSELECTED,"AND:[[Health care,]]",420000,25-44
624,399b11fd-4104-4741-99d3-1c9e553b43bf,09f7b3ef-b076-44c7-93c7-4d24a00d3571,QA,25.0,44.0,"{'flexible_spec': [{'interests': [{'id': 6003464109203}]}, {'education_statuses': [2, 4, 5, 6, 10]}], 'geo_locations': {'location_types': ['home'], 'countries': [u'QA']}, 'age_min': 25, 'genders': [1], 'age_max': 44, 'exclusions': {'behaviors': [{'id': 6015559470583}]}}",health care,arab_interests,Locals,False,Male,NOTSELECTED,"{u'or': [6003464109203], u'name': u'health care'}",NOTSELECTED,HS,NOTSELECTED,"AND:[[Health care,]]",1400,25-44
625,399b11fd-4104-4741-99d3-1c9e553b43bf,09f7b3ef-b076-44c7-93c7-4d24a00d3571,SA,25.0,44.0,"{'flexible_spec': [{'interests': [{'id': 6003464109203}]}, {'education_statuses': [2, 4, 5, 6, 10]}], 'geo_locations': {'location_types': ['home'], 'countries': [u'SA']}, 'age_min': 25, 'genders': [1], 'age_max': 44, 'exclusions': {'behaviors': [{'id': 6015559470583}]}}",health care,arab_interests,Locals,False,Male,NOTSELECTED,"{u'or': [6003464109203], u'name': u'health care'}",NOTSELECTED,HS,NOTSELECTED,"AND:[[Health care,]]",77000,25-44
640,6df33e86-d753-4f07-ae13-050a6a5cfc60,09f7b3ef-b076-44c7-93c7-4d24a00d3571,QA,25.0,44.0,"{'flexible_spec': [{'interests': [{'id': 6003464109203}]}, {'education_statuses': [3, 7, 8, 9, 11]}], 'geo_locations': {'location_types': ['home'], 'countries': [u'QA']}, 'age_min': 25, 'genders': [2], 'age_max': 44, 'exclusions': {'behaviors': [{'id': 6015559470583}]}}",health care,arab_interests,Locals,False,Female,NOTSELECTED,"{u'or': [6003464109203], u'name': u'health care'}",NOTSELECTED,GRAD,NOTSELECTED,"AND:[[Health care,]]",3400,25-44
641,6df33e86-d753-4f07-ae13-050a6a5cfc60,09f7b3ef-b076-44c7-93c7-4d24a00d3571,SA,25.0,44.0,"{'flexible_spec': [{'interests': [{'id': 6003464109203}]}, {'education_statuses': [3, 7, 8, 9, 11]}], 'geo_locations': {'location_types': ['home'], 'countries': [u'SA']}, 'age_min': 25, 'genders': [2], 'age_max': 44, 'exclusions': {'behaviors': [{'id': 6015559470583}]}}",health care,arab_interests,Locals,False,Female,NOTSELECTED,"{u'or': [6003464109203], u'name': u'health care'}",NOTSELECTED,GRAD,NOTSELECTED,"AND:[[Health care,]]",70000,25-44
642,fa43dce1-9346-4b81-8a55-c6b7a706613b,09f7b3ef-b076-44c7-93c7-4d24a00d3571,QA,25.0,44.0,"{'flexible_spec': [{'interests': [{'id': 6003464109203}]}, {'education_statuses': [1, 12, 13]}], 'geo_locations': {'location_types': ['home'], 'countries': [u'QA']}, 'age_min': 25, 'genders': [2], 'age_max': 44, 'exclusions': {'behaviors': [{'id': 6015559470583}]}}",health care,arab_interests,Locals,False,Female,NOTSELECTED,"{u'or': [6003464109203], u'name': u'health care'}",NOTSELECTED,ND,NOTSELECTED,"AND:[[Health care,]]",1700,25-44
643,fa43dce1-9346-4b81-8a55-c6b7a706613b,09f7b3ef-b076-44c7-93c7-4d24a00d3571,SA,25.0,44.0,"{'flexible_spec': [{'interests': [{'id': 6003464109203}]}, {'education_statuses': [1, 12, 13]}], 'geo_locations': {'location_types': ['home'], 'countries': [u'SA']}, 'age_min': 25, 'genders': [2], 'age_max': 44, 'exclusions': {'behaviors': [{'id': 6015559470583}]}}",health care,arab_interests,Locals,False,Female,NOTSELECTED,"{u'or': [6003464109203], u'name': u'health care'}",NOTSELECTED,ND,NOTSELECTED,"AND:[[Health care,]]",81000,25-44
644,24dab2de-2c97-481d-9711-1652df9bfb22,09f7b3ef-b076-44c7-93c7-4d24a00d3571,QA,25.0,44.0,"{'flexible_spec': [{'interests': [{'id': 6003464109203}]}, {'education_statuses': [2, 4, 5, 6, 10]}], 'geo_locations': {'location_types': ['home'], 'countries': [u'QA']}, 'age_min': 25, 'genders': [2], 'age_max': 44, 'exclusions': {'behaviors': [{'id': 6015559470583}]}}",health care,arab_interests,Locals,False,Female,NOTSELECTED,"{u'or': [6003464109203], u'name': u'health care'}",NOTSELECTED,HS,NOTSELECTED,"AND:[[Health care,]]",760,25-44
645,24dab2de-2c97-481d-9711-1652df9bfb22,09f7b3ef-b076-44c7-93c7-4d24a00d3571,SA,25.0,44.0,"{'flexible_spec': [{'interests': [{'id': 6003464109203}]}, {'education_statuses': [2, 4, 5, 6, 10]}], 'geo_locations': {'location_types': ['home'], 'countries': [u'SA']}, 'age_min': 25, 'genders': [2], 'age_max': 44, 'exclusions': {'behaviors': [{'id': 6015559470583}]}}",health care,arab_interests,Locals,False,Female,NOTSELECTED,"{u'or': [6003464109203], u'name': u'health care'}",NOTSELECTED,HS,NOTSELECTED,"AND:[[Health care,]]",20000,25-44
680,6cbca4f1-99a8-4366-9f77-b20c5aaf7b6a,09f7b3ef-b076-44c7-93c7-4d24a00d3571,QA,45.0,NOTSELECTED,"{'flexible_spec': [{'interests': [{'id': 6003464109203}]}, {'education_statuses': [3, 7, 8, 9, 11]}], 'geo_locations': {'location_types': ['home'], 'countries': [u'QA']}, 'age_min': 45, 'genders': [1], 'age_max': None, 'exclusions': {'behaviors': [{'id': 6015559470583}]}}",health care,arab_interests,Locals,False,Male,NOTSELECTED,"{u'or': [6003464109203], u'name': u'health care'}",NOTSELECTED,GRAD,NOTSELECTED,"AND:[[Health care,]]",540,45+
681,6cbca4f1-99a8-4366-9f77-b20c5aaf7b6a,09f7b3ef-b076-44c7-93c7-4d24a00d3571,SA,45.0,NOTSELECTED,"{'flexible_spec': [{'interests': [{'id': 6003464109203}]}, {'education_statuses': [3, 7, 8, 9, 11]}], 'geo_locations': {'location_types': ['home'], 'countries': [u'SA']}, 'age_min': 45, 'genders': [1], 'age_max': None, 'exclusions': {'behaviors': [{'id': 6015559470583}]}}",health care,arab_interests,Locals,False,Male,NOTSELECTED,"{u'or': [6003464109203], u'name': u'health care'}",NOTSELECTED,GRAD,NOTSELECTED,"AND:[[Health care,]]",29000,45+
682,c78d8b51-6f4b-43be-a4a5-fe34a1303598,09f7b3ef-b076-44c7-93c7-4d24a00d3571,QA,45.0,NOTSELECTED,"{'flexible_spec': [{'interests': [{'id': 6003464109203}]}, {'education_statuses': [1, 12, 13]}], 'geo_locations': {'location_types': ['home'], 'countries': [u'QA']}, 'age_min': 45, 'genders': [1], 'age_max': None, 'exclusions': {'behaviors': [{'id': 6015559470583}]}}",health care,arab_interests,Locals,False,Male,NOTSELECTED,"{u'or': [6003464109203], u'name': u'health care'}",NOTSELECTED,ND,NOTSELECTED,"AND:[[Health care,]]",650,45+
683,c78d8b51-6f4b-43be-a4a5-fe34a1303598,09f7b3ef-b076-44c7-93c7-4d24a00d3571,SA,45.0,NOTSELECTED,"{'flexible_spec': [{'interests': [{'id': 6003464109203}]}, {'education_statuses': [1, 12, 13]}], 'geo_locations': {'location_types': ['home'], 'countries': [u'SA']}, 'age_min': 45, 'genders': [1], 'age_max': None, 'exclusions': {'behaviors': [{'id': 6015559470583}]}}",health care,arab_interests,Locals,False,Male,NOTSELECTED,"{u'or': [6003464109203], u'name': u'health care'}",NOTSELECTED,ND,NOTSELECTED,"AND:[[Health care,]]",69000,45+
684,1f2f95a5-43dc-4a23-a397-aa9f1de0bdcd,09f7b3ef-b076-44c7-93c7-4d24a00d3571,QA,45.0,NOTSELECTED,"{'flexible_spec': [{'interests': [{'id': 6003464109203}]}, {'education_statuses': [2, 4, 5, 6, 10]}], 'geo_locations': {'location_types': ['home'], 'countries': [u'QA']}, 'age_min': 45, 'genders': [1], 'age_max': None, 'exclusions': {'behaviors': [{'id': 6015559470583}]}}",health care,arab_interests,Locals,False,Male,NOTSELECTED,"{u'or': [6003464109203], u'name': u'health care'}",NOTSELECTED,HS,NOTSELECTED,"AND:[[Health care,]]",160,45+
685,1f2f95a5-43dc-4a23-a397-aa9f1de0bdcd,09f7b3ef-b076-44c7-93c7-4d24a00d3571,SA,45.0,NOTSELECTED,"{'flexible_spec': [{'interests': [{'id': 6003464109203}]}, {'education_statuses': [2, 4, 5, 6, 10]}], 'geo_locations': {'location_types': ['home'], 'countries': [u'SA']}, 'age_min': 45, 'genders': [1], 'age_max': None, 'exclusions': {'behaviors': [{'id': 6015559470583}]}}",health care,arab_interests,Locals,False,Male,NOTSELECTED,"{u'or': [6003464109203], u'name': u'health care'}",NOTSELECTED,HS,NOTSELECTED,"AND:[[Health care,]]",10000,45+
700,9db078d9-6009-4b63-b9cb-e4e53130d713,09f7b3ef-b076-44c7-93c7-4d24a00d3571,QA,45.0,NOTSELECTED,"{'flexible_spec': [{'interests': [{'id': 6003464109203}]}, {'education_statuses': [3, 7, 8, 9, 11]}], 'geo_locations': {'location_types': ['home'], 'countries': [u'QA']}, 'age_min': 45, 'genders': [2], 'age_max': None, 'exclusions': {'behaviors': [{'id': 6015559470583}]}}",health care,arab_interests,Locals,False,Female,NOTSELECTED,"{u'or': [6003464109203], u'name': u'health care'}",NOTSELECTED,GRAD,NOTSELECTED,"AND:[[Health care,]]",300,45+
701,9db078d9-6009-4b63-b9cb-e4e53130d713,09f7b3ef-b076-44c7-93c7-4d24a00d3571,SA,45.0,NOTSELECTED,"{'flexible_spec': [{'interests': [{'id': 6003464109203}]}, {'education_statuses': [3, 7, 8, 9, 11]}], 'geo_locations': {'location_types': ['home'], 'countries': [u'SA']}, 'age_min': 45, 'genders': [2], 'age_max': None, 'exclusions': {'behaviors': [{'id': 6015559470583}]}}",health care,arab_interests,Locals,False,Female,NOTSELECTED,"{u'or': [6003464109203], u'name': u'health care'}",NOTSELECTED,GRAD,NOTSELECTED,"AND:[[Health care,]]",8900,45+
702,1675dec4-ba09-4277-b3ba-6d43a0b7f44e,09f7b3ef-b076-44c7-93c7-4d24a00d3571,QA,45.0,NOTSELECTED,"{'flexible_spec': [{'interests': [{'id': 6003464109203}]}, {'education_statuses': [1, 12, 13]}], 'geo_locations': {'location_types': ['home'], 'countries': [u'QA']}, 'age_min': 45, 'genders': [2], 'age_max': None, 'exclusions': {'behaviors': [{'id': 6015559470583}]}}",health care,arab_interests,Locals,False,Female,NOTSELECTED,"{u'or': [6003464109203], u'name': u'health care'}",NOTSELECTED,ND,NOTSELECTED,"AND:[[Health care,]]",360,45+
703,1675dec4-ba09-4277-b3ba-6d43a0b7f44e,09f7b3ef-b076-44c7-93c7-4d24a00d3571,SA,45.0,NOTSELECTED,"{'flexible_spec': [{'interests': [{'id': 6003464109203}]}, {'education_statuses': [1, 12, 13]}], 'geo_locations': {'location_types': ['home'], 'countries': [u'SA']}, 'age_min': 45, 'genders': [2], 'age_max': None, 'exclusions': {'behaviors': [{'id': 6015559470583}]}}",health care,arab_interests,Locals,False,Female,NOTSELECTED,"{u'or': [6003464109203], u'name': u'health care'}",NOTSELECTED,ND,NOTSELECTED,"AND:[[Health care,]]",18000,45+
704,a309cfb9-d32f-4e79-88c4-876fa51399ed,09f7b3ef-b076-44c7-93c7-4d24a00d3571,QA,45.0,NOTSELECTED,"{'flexible_spec': [{'interests': [{'id': 6003464109203}]}, {'education_statuses': [2, 4, 5, 6, 10]}], 'geo_locations': {'location_types': ['home'], 'countries': [u'QA']}, 'age_min': 45, 'genders': [2], 'age_max': None, 'exclusions': {'behaviors': [{'id': 6015559470583}]}}",health care,arab_interests,Locals,False,Female,NOTSELECTED,"{u'or': [6003464109203], u'name': u'health care'}",NOTSELECTED,HS,NOTSELECTED,"AND:[[Health care,]]",160,45+
705,a309cfb9-d32f-4e79-88c4-876fa51399ed,09f7b3ef-b076-44c7-93c7-4d24a00d3571,SA,45.0,NOTSELECTED,"{'flexible_spec': [{'interests': [{'id': 6003464109203}]}, {'education_statuses': [2, 4, 5, 6, 10]}], 'geo_locations': {'location_types': ['home'], 'countries': [u'SA']}, 'age_min': 45, 'genders': [2], 'age_max': None, 'exclusions': {'behaviors': [{'id': 6015559470583}]}}",health care,arab_interests,Locals,False,Female,NOTSELECTED,"{u'or': [6003464109203], u'name': u'health care'}",NOTSELECTED,HS,NOTSELECTED,"AND:[[Health care,]]",3100,45+
1700,ca3c9219-47b4-48f4-9a2f-898f71f60a2a,c36a604c-423d-4853-b95e-e0bdf288c056,QA,18.0,24.0,"{'flexible_spec': [{'interests': [{'id': 6007828099136}, {'id': 6003392552125}, {'id': 6002991798459}, {'id': 6003132627317}]}, {'education_statuses': [3, 7, 8, 9, 11]}], 'geo_locations': {'location_types': ['home'], 'countries': [u'QA']}, 'age_min': 18, 'genders': [1], 'age_max': 24, 'exclusions': {'behaviors': [{'id': 6015559470583}]}}",luxury goods,arab_interests,Locals,False,Male,NOTSELECTED,"{u'or': [6007828099136, 6003392552125, 6002991798459, 6003132627317], u'name': u'luxury goods'}",NOTSELECTED,GRAD,NOTSELECTED,"AND:[OR:[Luxury Goods,Luxury Lifestyle ,Luxury Life ,Luxury ,]]",8200,18-24
1701,ca3c9219-47b4-48f4-9a2f-898f71f60a2a,c36a604c-423d-4853-b95e-e0bdf288c056,SA,18.0,24.0,"{'flexible_spec': [{'interests': [{'id': 6007828099136}, {'id': 6003392552125}, {'id': 6002991798459}, {'id': 6003132627317}]}, {'education_statuses': [3, 7, 8, 9, 11]}], 'geo_locations': {'location_types': ['home'], 'countries': [u'SA']}, 'age_min': 18, 'genders': [1], 'age_max': 24, 'exclusions': {'behaviors': [{'id': 6015559470583}]}}",luxury goods,arab_interests,Locals,False,Male,NOTSELECTED,"{u'or': [6007828099136, 6003392552125, 6002991798459, 6003132627317], u'name': u'luxury goods'}",NOTSELECTED,GRAD,NOTSELECTED,"AND:[OR:[Luxury Goods,Luxury Lifestyle ,Luxury Life ,Luxury ,]]",140000,18-24
1702,52cf6c3c-da96-4f9f-bae8-2521dc5a499a,c36a604c-423d-4853-b95e-e0bdf288c056,QA,18.0,24.0,"{'flexible_spec': [{'interests': [{'id': 6007828099136}, {'id': 6003392552125}, {'id': 6002991798459}, {'id': 6003132627317}]}, {'education_statuses': [1, 12, 13]}], 'geo_locations': {'location_types': ['home'], 'countries': [u'QA']}, 'age_min': 18, 'genders': [1], 'age_max': 24, 'exclusions': {'behaviors': [{'id': 6015559470583}]}}",luxury goods,arab_interests,Locals,False,Male,NOTSELECTED,"{u'or': [6007828099136, 6003392552125, 6002991798459, 6003132627317], u'name': u'luxury goods'}",NOTSELECTED,ND,NOTSELECTED,"AND:[OR:[Luxury Goods,Luxury Lifestyle ,Luxury Life ,Luxury ,]]",11000,18-24
1703,52cf6c3c-da96-4f9f-bae8-2521dc5a499a,c36a604c-423d-4853-b95e-e0bdf288c056,SA,18.0,24.0,"{'flexible_spec': [{'interests': [{'id': 6007828099136}, {'id': 6003392552125}, {'id': 6002991798459}, {'id': 6003132627317}]}, {'education_statuses': [1, 12, 13]}], 'geo_locations': {'location_types': ['home'], 'countries': [u'SA']}, 'age_min': 18, 'genders': [1], 'age_max': 24, 'exclusions': {'behaviors': [{'id': 6015559470583}]}}",luxury goods,arab_interests,Locals,False,Male,NOTSELECTED,"{u'or': [6007828099136, 6003392552125, 6002991798459, 6003132627317], u'name': u'luxury goods'}",NOTSELECTED,ND,NOTSELECTED,"AND:[OR:[Luxury Goods,Luxury Lifestyle ,Luxury Life ,Luxury ,]]",650000,18-24
1704,b991fa36-4566-4ec4-9caf-2b7d57ca3814,c36a604c-423d-4853-b95e-e0bdf288c056,QA,18.0,24.0,"{'flexible_spec': [{'interests': [{'id': 6007828099136}, {'id': 6003392552125}, {'id': 6002991798459}, {'id': 6003132627317}]}, {'education_statuses': [2, 4, 5, 6, 10]}], 'geo_locations': {'location_types': ['home'], 'countries': [u'QA']}, 'age_min': 18, 'genders': [1], 'age_max': 24, 'exclusions': {'behaviors': [{'id': 6015559470583}]}}",luxury goods,arab_interests,Locals,False,Male,NOTSELECTED,"{u'or': [6007828099136, 6003392552125, 6002991798459, 6003132627317], u'name': u'luxury goods'}",NOTSELECTED,HS,NOTSELECTED,"AND:[OR:[Luxury Goods,Luxury Lifestyle ,Luxury Life ,Luxury ,]]",2900,18-24
1705,b991fa36-4566-4ec4-9caf-2b7d57ca3814,c36a604c-423d-4853-b95e-e0bdf288c056,SA,18.0,24.0,"{'flexible_spec': [{'interests': [{'id': 6007828099136}, {'id': 6003392552125}, {'id': 6002991798459}, {'id': 6003132627317}]}, {'education_statuses': [2, 4, 5, 6, 10]}], 'geo_locations': {'location_types': ['home'], 'countries': [u'SA']}, 'age_min': 18, 'genders': [1], 'age_max': 24, 'exclusions': {'behaviors': [{'id': 6015559470583}]}}",luxury goods,arab_interests,Locals,False,Male,NOTSELECTED,"{u'or': [6007828099136, 6003392552125, 6002991798459, 6003132627317], u'name': u'luxury goods'}",NOTSELECTED,HS,NOTSELECTED,"AND:[OR:[Luxury Goods,Luxury Lifestyle ,Luxury Life ,Luxury ,]]",75000,18-24
1720,9542282c-14c9-4383-a10d-0f92ece1320b,c36a604c-423d-4853-b95e-e0bdf288c056,QA,18.0,24.0,"{'flexible_spec': [{'interests': [{'id': 6007828099136}, {'id': 6003392552125}, {'id': 6002991798459}, {'id': 6003132627317}]}, {'education_statuses': [3, 7, 8, 9, 11]}], 'geo_locations': {'location_types': ['home'], 'countries': [u'QA']}, 'age_min': 18, 'genders': [2], 'age_max': 24, 'exclusions': {'behaviors': [{'id': 6015559470583}]}}",luxury goods,arab_interests,Locals,False,Female,NOTSELECTED,"{u'or': [6007828099136, 6003392552125, 6002991798459, 6003132627317], u'name': u'luxury goods'}",NOTSELECTED,GRAD,NOTSELECTED,"AND:[OR:[Luxury Goods,Luxury Lifestyle ,Luxury Life ,Luxury ,]]",3200,18-24
1721,9542282c-14c9-4383-a10d-0f92ece1320b,c36a604c-423d-4853-b95e-e0bdf288c056,SA,18.0,24.0,"{'flexible_spec': [{'interests': [{'id': 6007828099136}, {'id': 6003392552125}, {'id': 6002991798459}, {'id': 6003132627317}]}, {'education_statuses': [3, 7, 8, 9, 11]}], 'geo_locations': {'location_types': ['home'], 'countries': [u'SA']}, 'age_min': 18, 'genders': [2], 'age_max': 24, 'exclusions': {'behaviors': [{'id': 6015559470583}]}}",luxury goods,arab_interests,Locals,False,Female,NOTSELECTED,"{u'or': [6007828099136, 6003392552125, 6002991798459, 6003132627317], u'name': u'luxury goods'}",NOTSELECTED,GRAD,NOTSELECTED,"AND:[OR:[Luxury Goods,Luxury Lifestyle ,Luxury Life ,Luxury ,]]",52000,18-24
1722,efdd62fe-aa8f-49a3-a218-5ceb2aaaf8a5,c36a604c-423d-4853-b95e-e0bdf288c056,QA,18.0,24.0,"{'flexible_spec': [{'interests': [{'id': 6007828099136}, {'id': 6003392552125}, {'id': 6002991798459}, {'id': 6003132627317}]}, {'education_statuses': [1, 12, 13]}], 'geo_locations': {'location_types': ['home'], 'countries': [u'QA']}, 'age_min': 18, 'genders': [2], 'age_max': 24, 'exclusions': {'behaviors': [{'id': 6015559470583}]}}",luxury goods,arab_interests,Locals,False,Female,NOTSELECTED,"{u'or': [6007828099136, 6003392552125, 6002991798459, 6003132627317], u'name': u'luxury goods'}",NOTSELECTED,ND,NOTSELECTED,"AND:[OR:[Luxury Goods,Luxury Lifestyle ,Luxury Life ,Luxury ,]]",4100,18-24
1723,efdd62fe-aa8f-49a3-a218-5ceb2aaaf8a5,c36a604c-423d-4853-b95e-e0bdf288c056,SA,18.0,24.0,"{'flexible_spec': [{'interests': [{'id': 6007828099136}, {'id': 6003392552125}, {'id': 6002991798459}, {'id': 6003132627317}]}, {'education_statuses': [1, 12, 13]}], 'geo_locations': {'location_types': ['home'], 'countries': [u'SA']}, 'age_min': 18, 'genders': [2], 'age_max': 24, 'exclusions': {'behaviors': [{'id': 6015559470583}]}}",luxury goods,arab_interests,Locals,False,Female,NOTSELECTED,"{u'or': [6007828099136, 6003392552125, 6002991798459, 6003132627317], u'name': u'luxury goods'}",NOTSELECTED,ND,NOTSELECTED,"AND:[OR:[Luxury Goods,Luxury Lifestyle ,Luxury Life ,Luxury ,]]",200000,18-24
1724,5119bf30-0017-44cc-84d4-1c38cb865be5,c36a604c-423d-4853-b95e-e0bdf288c056,QA,18.0,24.0,"{'flexible_spec': [{'interests': [{'id': 6007828099136}, {'id': 6003392552125}, {'id': 6002991798459}, {'id': 6003132627317}]}, {'education_statuses': [2, 4, 5, 6, 10]}], 'geo_locations': {'location_types': ['home'], 'countries': [u'QA']}, 'age_min': 18, 'genders': [2], 'age_max': 24, 'exclusions': {'behaviors': [{'id': 6015559470583}]}}",luxury goods,arab_interests,Locals,False,Female,NOTSELECTED,"{u'or': [6007828099136, 6003392552125, 6002991798459, 6003132627317], u'name': u'luxury goods'}",NOTSELECTED,HS,NOTSELECTED,"AND:[OR:[Luxury Goods,Luxury Lifestyle ,Luxury Life ,Luxury ,]]",1800,18-24
1725,5119bf30-0017-44cc-84d4-1c38cb865be5,c36a604c-423d-4853-b95e-e0bdf288c056,SA,18.0,24.0,"{'flexible_spec': [{'interests': [{'id': 6007828099136}, {'id': 6003392552125}, {'id': 6002991798459}, {'id': 6003132627317}]}, {'education_statuses': [2, 4, 5, 6, 10]}], 'geo_locations': {'location_types': ['home'], 'countries': [u'SA']}, 'age_min': 18, 'genders': [2], 'age_max': 24, 'exclusions': {'behaviors': [{'id': 6015559470583}]}}",luxury goods,arab_interests,Locals,False,Female,NOTSELECTED,"{u'or': [6007828099136, 6003392552125, 6002991798459, 6003132627317], u'name': u'luxury goods'}",NOTSELECTED,HS,NOTSELECTED,"AND:[OR:[Luxury Goods,Luxury Lifestyle ,Luxury Life ,Luxury ,]]",41000,18-24
1820,ed259383-686d-4c37-a907-4b0557d6c68a,c36a604c-423d-4853-b95e-e0bdf288c056,QA,25.0,44.0,"{'flexible_spec': [{'interests': [{'id': 6007828099136}, {'id': 6003392552125}, {'id': 6002991798459}, {'id': 6003132627317}]}, {'education_statuses': [3, 7, 8, 9, 11]}], 'geo_locations': {'location_types': ['home'], 'countries': [u'QA']}, 'age_min': 25, 'genders': [1], 'age_max': 44, 'exclusions': {'behaviors': [{'id': 6015559470583}]}}",luxury goods,arab_interests,Locals,False,Male,NOTSELECTED,"{u'or': [6007828099136, 6003392552125, 6002991798459, 6003132627317], u'name': u'luxury goods'}",NOTSELECTED,GRAD,NOTSELECTED,"AND:[OR:[Luxury Goods,Luxury Lifestyle ,Luxury Life ,Luxury ,]]",21000,25-44
1821,ed259383-686d-4c37-a907-4b0557d6c68a,c36a604c-423d-4853-b95e-e0bdf288c056,SA,25.0,44.0,"{'flexible_spec': [{'interests': [{'id': 6007828099136}, {'id': 6003392552125}, {'id': 6002991798459}, {'id': 6003132627317}]}, {'education_statuses': [3, 7, 8, 9, 11]}], 'geo_locations': {'location_types': ['home'], 'countries': [u'SA']}, 'age_min': 25, 'genders': [1], 'age_max': 44, 'exclusions': {'behaviors': [{'id': 6015559470583}]}}",luxury goods,arab_interests,Locals,False,Male,NOTSELECTED,"{u'or': [6007828099136, 6003392552125, 6002991798459, 6003132627317], u'name': u'luxury goods'}",NOTSELECTED,GRAD,NOTSELECTED,"AND:[OR:[Luxury Goods,Luxury Lifestyle ,Luxury Life ,Luxury ,]]",520000,25-44
1822,8b8f80d7-c1c1-4c50-af29-52ce668dc757,c36a604c-423d-4853-b95e-e0bdf288c056,QA,25.0,44.0,"{'flexible_spec': [{'interests': [{'id': 6007828099136}, {'id': 6003392552125}, {'id': 6002991798459}, {'id': 6003132627317}]}, {'education_statuses': [1, 12, 13]}], 'geo_locations': {'location_types': ['home'], 'countries': [u'QA']}, 'age_min': 25, 'genders': [1], 'age_max': 44, 'exclusions': {'behaviors': [{'id': 6015559470583}]}}",luxury goods,arab_interests,Locals,False,Male,NOTSELECTED,"{u'or': [6007828099136, 6003392552125, 6002991798459, 6003132627317], u'name': u'luxury goods'}",NOTSELECTED,ND,NOTSELECTED,"AND:[OR:[Luxury Goods,Luxury Lifestyle ,Luxury Life ,Luxury ,]]",17000,25-44
1823,8b8f80d7-c1c1-4c50-af29-52ce668dc757,c36a604c-423d-4853-b95e-e0bdf288c056,SA,25.0,44.0,"{'flexible_spec': [{'interests': [{'id': 6007828099136}, {'id': 6003392552125}, {'id': 6002991798459}, {'id': 6003132627317}]}, {'education_statuses': [1, 12, 13]}], 'geo_locations': {'location_types': ['home'], 'countries': [u'SA']}, 'age_min': 25, 'genders': [1], 'age_max': 44, 'exclusions': {'behaviors': [{'id': 6015559470583}]}}",luxury goods,arab_interests,Locals,False,Male,NOTSELECTED,"{u'or': [6007828099136, 6003392552125, 6002991798459, 6003132627317], u'name': u'luxury goods'}",NOTSELECTED,ND,NOTSELECTED,"AND:[OR:[Luxury Goods,Luxury Lifestyle ,Luxury Life ,Luxury ,]]",1300000,25-44
1824,2d342cfc-7830-423d-932d-b59665e65fe9,c36a604c-423d-4853-b95e-e0bdf288c056,QA,25.0,44.0,"{'flexible_spec': [{'interests': [{'id': 6007828099136}, {'id': 6003392552125}, {'id': 6002991798459}, {'id': 6003132627317}]}, {'education_statuses': [2, 4, 5, 6, 10]}], 'geo_locations': {'location_types': ['home'], 'countries': [u'QA']}, 'age_min': 25, 'genders': [1], 'age_max': 44, 'exclusions': {'behaviors': [{'id': 6015559470583}]}}",luxury goods,arab_interests,Locals,False,Male,NOTSELECTED,"{u'or': [6007828099136, 6003392552125, 6002991798459, 6003132627317], u'name': u'luxury goods'}",NOTSELECTED,HS,NOTSELECTED,"AND:[OR:[Luxury Goods,Luxury Lifestyle ,Luxury Life ,Luxury ,]]",5000,25-44
1825,2d342cfc-7830-423d-932d-b59665e65fe9,c36a604c-423d-4853-b95e-e0bdf288c056,SA,25.0,44.0,"{'flexible_spec': [{'interests': [{'id': 6007828099136}, {'id': 6003392552125}, {'id': 6002991798459}, {'id': 6003132627317}]}, {'education_statuses': [2, 4, 5, 6, 10]}], 'geo_locations': {'location_types': ['home'], 'countries': [u'SA']}, 'age_min': 25, 'genders': [1], 'age_max': 44, 'exclusions': {'behaviors': [{'id': 6015559470583}]}}",luxury goods,arab_interests,Locals,False,Male,NOTSELECTED,"{u'or': [6007828099136, 6003392552125, 6002991798459, 6003132627317], u'name': u'luxury goods'}",NOTSELECTED,HS,NOTSELECTED,"AND:[OR:[Luxury Goods,Luxury Lifestyle ,Luxury Life ,Luxury ,]]",180000,25-44
1840,1bb345cc-811d-4616-8854-01fb1d37821d,c36a604c-423d-4853-b95e-e0bdf288c056,QA,25.0,44.0,"{'flexible_spec': [{'interests': [{'id': 6007828099136}, {'id': 6003392552125}, {'id': 6002991798459}, {'id': 6003132627317}]}, {'education_statuses': [3, 7, 8, 9, 11]}], 'geo_locations': {'location_types': ['home'], 'countries': [u'QA']}, 'age_min': 25, 'genders': [2], 'age_max': 44, 'exclusions': {'behaviors': [{'id': 6015559470583}]}}",luxury goods,arab_interests,Locals,False,Female,NOTSELECTED,"{u'or': [6007828099136, 6003392552125, 6002991798459, 6003132627317], u'name': u'luxury goods'}",NOTSELECTED,GRAD,NOTSELECTED,"AND:[OR:[Luxury Goods,Luxury Lifestyle ,Luxury Life ,Luxury ,]]",9700,25-44
1841,1bb345cc-811d-4616-8854-01fb1d37821d,c36a604c-423d-4853-b95e-e0bdf288c056,SA,25.0,44.0,"{'flexible_spec': [{'interests': [{'id': 6007828099136}, {'id': 6003392552125}, {'id': 6002991798459}, {'id': 6003132627317}]}, {'education_statuses': [3, 7, 8, 9, 11]}], 'geo_locations': {'location_types': ['home'], 'countries': [u'SA']}, 'age_min': 25, 'genders': [2], 'age_max': 44, 'exclusions': {'behaviors': [{'id': 6015559470583}]}}",luxury goods,arab_interests,Locals,False,Female,NOTSELECTED,"{u'or': [6007828099136, 6003392552125, 6002991798459, 6003132627317], u'name': u'luxury goods'}",NOTSELECTED,GRAD,NOTSELECTED,"AND:[OR:[Luxury Goods,Luxury Lifestyle ,Luxury Life ,Luxury ,]]",160000,25-44
1842,9282badb-5a49-4b27-be22-9a759881c41f,c36a604c-423d-4853-b95e-e0bdf288c056,QA,25.0,44.0,"{'flexible_spec': [{'interests': [{'id': 6007828099136}, {'id': 6003392552125}, {'id': 6002991798459}, {'id': 6003132627317}]}, {'education_statuses': [1, 12, 13]}], 'geo_locations': {'location_types': ['home'], 'countries': [u'QA']}, 'age_min': 25, 'genders': [2], 'age_max': 44, 'exclusions': {'behaviors': [{'id': 6015559470583}]}}",luxury goods,arab_interests,Locals,False,Female,NOTSELECTED,"{u'or': [6007828099136, 6003392552125, 6002991798459, 6003132627317], u'name': u'luxury goods'}",NOTSELECTED,ND,NOTSELECTED,"AND:[OR:[Luxury Goods,Luxury Lifestyle ,Luxury Life ,Luxury ,]]",7200,25-44
1843,9282badb-5a49-4b27-be22-9a759881c41f,c36a604c-423d-4853-b95e-e0bdf288c056,SA,25.0,44.0,"{'flexible_spec': [{'interests': [{'id': 6007828099136}, {'id': 6003392552125}, {'id': 6002991798459}, {'id': 6003132627317}]}, {'education_statuses': [1, 12, 13]}], 'geo_locations': {'location_types': ['home'], 'countries': [u'SA']}, 'age_min': 25, 'genders': [2], 'age_max': 44, 'exclusions': {'behaviors': [{'id': 6015559470583}]}}",luxury goods,arab_interests,Locals,False,Female,NOTSELECTED,"{u'or': [6007828099136, 6003392552125, 6002991798459, 6003132627317], u'name': u'luxury goods'}",NOTSELECTED,ND,NOTSELECTED,"AND:[OR:[Luxury Goods,Luxury Lifestyle ,Luxury Life ,Luxury ,]]",270000,25-44
1844,69be82f4-efeb-4c83-967c-c21ea6e08d45,c36a604c-423d-4853-b95e-e0bdf288c056,QA,25.0,44.0,"{'flexible_spec': [{'interests': [{'id': 6007828099136}, {'id': 6003392552125}, {'id': 6002991798459}, {'id': 6003132627317}]}, {'education_statuses': [2, 4, 5, 6, 10]}], 'geo_locations': {'location_types': ['home'], 'countries': [u'QA']}, 'age_min': 25, 'genders': [2], 'age_max': 44, 'exclusions': {'behaviors': [{'id': 6015559470583}]}}",luxury goods,arab_interests,Locals,False,Female,NOTSELECTED,"{u'or': [6007828099136, 6003392552125, 6002991798459, 6003132627317], u'name': u'luxury goods'}",NOTSELECTED,HS,NOTSELECTED,"AND:[OR:[Luxury Goods,Luxury Lifestyle ,Luxury Life ,Luxury ,]]",2500,25-44
1845,69be82f4-efeb-4c83-967c-c21ea6e08d45,c36a604c-423d-4853-b95e-e0bdf288c056,SA,25.0,44.0,"{'flexible_spec': [{'interests': [{'id': 6007828099136}, {'id': 6003392552125}, {'id': 6002991798459}, {'id': 6003132627317}]}, {'education_statuses': [2, 4, 5, 6, 10]}], 'geo_locations': {'location_types': ['home'], 'countries': [u'SA']}, 'age_min': 25, 'genders': [2], 'age_max': 44, 'exclusions': {'behaviors': [{'id': 6015559470583}]}}",luxury goods,arab_interests,Locals,False,Female,NOTSELECTED,"{u'or': [6007828099136, 6003392552125, 6002991798459, 6003132627317], u'name': u'luxury goods'}",NOTSELECTED,HS,NOTSELECTED,"AND:[OR:[Luxury Goods,Luxury Lifestyle ,Luxury Life ,Luxury ,]]",52000,25-44
1880,ce6a184e-7dfb-4c9f-a6af-a8a75a1b0637,c36a604c-423d-4853-b95e-e0bdf288c056,QA,45.0,NOTSELECTED,"{'flexible_spec': [{'interests': [{'id': 6007828099136}, {'id': 6003392552125}, {'id': 6002991798459}, {'id': 6003132627317}]}, {'education_statuses': [3, 7, 8, 9, 11]}], 'geo_locations': {'location_types': ['home'], 'countries': [u'QA']}, 'age_min': 45, 'genders': [1], 'age_max': None, 'exclusions': {'behaviors': [{'id': 6015559470583}]}}",luxury goods,arab_interests,Locals,False,Male,NOTSELECTED,"{u'or': [6007828099136, 6003392552125, 6002991798459, 6003132627317], u'name': u'luxury goods'}",NOTSELECTED,GRAD,NOTSELECTED,"AND:[OR:[Luxury Goods,Luxury Lifestyle ,Luxury Life ,Luxury ,]]",1900,45+
1881,ce6a184e-7dfb-4c9f-a6af-a8a75a1b0637,c36a604c-423d-4853-b95e-e0bdf288c056,SA,45.0,NOTSELECTED,"{'flexible_spec': [{'interests': [{'id': 6007828099136}, {'id': 6003392552125}, {'id': 6002991798459}, {'id': 6003132627317}]}, {'education_statuses': [3, 7, 8, 9, 11]}], 'geo_locations': {'location_types': ['home'], 'countries': [u'SA']}, 'age_min': 45, 'genders': [1], 'age_max': None, 'exclusions': {'behaviors': [{'id': 6015559470583}]}}",luxury goods,arab_interests,Locals,False,Male,NOTSELECTED,"{u'or': [6007828099136, 6003392552125, 6002991798459, 6003132627317], u'name': u'luxury goods'}",NOTSELECTED,GRAD,NOTSELECTED,"AND:[OR:[Luxury Goods,Luxury Lifestyle ,Luxury Life ,Luxury ,]]",57000,45+
1882,9c527db0-38e1-4a02-95af-d28b569f9b46,c36a604c-423d-4853-b95e-e0bdf288c056,QA,45.0,NOTSELECTED,"{'flexible_spec': [{'interests': [{'id': 6007828099136}, {'id': 6003392552125}, {'id': 6002991798459}, {'id': 6003132627317}]}, {'education_statuses': [1, 12, 13]}], 'geo_locations': {'location_types': ['home'], 'countries': [u'QA']}, 'age_min': 45, 'genders': [1], 'age_max': None, 'exclusions': {'behaviors': [{'id': 6015559470583}]}}",luxury goods,arab_interests,Locals,False,Male,NOTSELECTED,"{u'or': [6007828099136, 6003392552125, 6002991798459, 6003132627317], u'name': u'luxury goods'}",NOTSELECTED,ND,NOTSELECTED,"AND:[OR:[Luxury Goods,Luxury Lifestyle ,Luxury Life ,Luxury ,]]",2800,45+
1883,9c527db0-38e1-4a02-95af-d28b569f9b46,c36a604c-423d-4853-b95e-e0bdf288c056,SA,45.0,NOTSELECTED,"{'flexible_spec': [{'interests': [{'id': 6007828099136}, {'id': 6003392552125}, {'id': 6002991798459}, {'id': 6003132627317}]}, {'education_statuses': [1, 12, 13]}], 'geo_locations': {'location_types': ['home'], 'countries': [u'SA']}, 'age_min': 45, 'genders': [1], 'age_max': None, 'exclusions': {'behaviors': [{'id': 6015559470583}]}}",luxury goods,arab_interests,Locals,False,Male,NOTSELECTED,"{u'or': [6007828099136, 6003392552125, 6002991798459, 6003132627317], u'name': u'luxury goods'}",NOTSELECTED,ND,NOTSELECTED,"AND:[OR:[Luxury Goods,Luxury Lifestyle ,Luxury Life ,Luxury ,]]",180000,45+
1884,c956b3f8-cf0d-45b8-95e0-8fe3e08608d4,c36a604c-423d-4853-b95e-e0bdf288c056,QA,45.0,NOTSELECTED,"{'flexible_spec': [{'interests': [{'id': 6007828099136}, {'id': 6003392552125}, {'id': 6002991798459}, {'id': 6003132627317}]}, {'education_statuses': [2, 4, 5, 6, 10]}], 'geo_locations': {'location_types': ['home'], 'countries': [u'QA']}, 'age_min': 45, 'genders': [1], 'age_max': None, 'exclusions': {'behaviors': [{'id': 6015559470583}]}}",luxury goods,arab_interests,Locals,False,Male,NOTSELECTED,"{u'or': [6007828099136, 6003392552125, 6002991798459, 6003132627317], u'name': u'luxury goods'}",NOTSELECTED,HS,NOTSELECTED,"AND:[OR:[Luxury Goods,Luxury Lifestyle ,Luxury Life ,Luxury ,]]",610,45+
1885,c956b3f8-cf0d-45b8-95e0-8fe3e08608d4,c36a604c-423d-4853-b95e-e0bdf288c056,SA,45.0,NOTSELECTED,"{'flexible_spec': [{'interests': [{'id': 6007828099136}, {'id': 6003392552125}, {'id': 6002991798459}, {'id': 6003132627317}]}, {'education_statuses': [2, 4, 5, 6, 10]}], 'geo_locations': {'location_types': ['home'], 'countries': [u'SA']}, 'age_min': 45, 'genders': [1], 'age_max': None, 'exclusions': {'behaviors': [{'id': 6015559470583}]}}",luxury goods,arab_interests,Locals,False,Male,NOTSELECTED,"{u'or': [6007828099136, 6003392552125, 6002991798459, 6003132627317], u'name': u'luxury goods'}",NOTSELECTED,HS,NOTSELECTED,"AND:[OR:[Luxury Goods,Luxury Lifestyle ,Luxury Life ,Luxury ,]]",22000,45+
1900,18b45be6-5146-41dc-b7d8-27a1d279d7f7,c36a604c-423d-4853-b95e-e0bdf288c056,QA,45.0,NOTSELECTED,"{'flexible_spec': [{'interests': [{'id': 6007828099136}, {'id': 6003392552125}, {'id': 6002991798459}, {'id': 6003132627317}]}, {'education_statuses': [3, 7, 8, 9, 11]}], 'geo_locations': {'location_types': ['home'], 'countries': [u'QA']}, 'age_min': 45, 'genders': [2], 'age_max': None, 'exclusions': {'behaviors': [{'id': 6015559470583}]}}",luxury goods,arab_interests,Locals,False,Female,NOTSELECTED,"{u'or': [6007828099136, 6003392552125, 6002991798459, 6003132627317], u'name': u'luxury goods'}",NOTSELECTED,GRAD,NOTSELECTED,"AND:[OR:[Luxury Goods,Luxury Lifestyle ,Luxury Life ,Luxury ,]]",900,45+
1901,18b45be6-5146-41dc-b7d8-27a1d279d7f7,c36a604c-423d-4853-b95e-e0bdf288c056,SA,45.0,NOTSELECTED,"{'flexible_spec': [{'interests': [{'id': 6007828099136}, {'id': 6003392552125}, {'id': 6002991798459}, {'id': 6003132627317}]}, {'education_statuses': [3, 7, 8, 9, 11]}], 'geo_locations': {'location_types': ['home'], 'countries': [u'SA']}, 'age_min': 45, 'genders': [2], 'age_max': None, 'exclusions': {'behaviors': [{'id': 6015559470583}]}}",luxury goods,arab_interests,Locals,False,Female,NOTSELECTED,"{u'or': [6007828099136, 6003392552125, 6002991798459, 6003132627317], u'name': u'luxury goods'}",NOTSELECTED,GRAD,NOTSELECTED,"AND:[OR:[Luxury Goods,Luxury Lifestyle ,Luxury Life ,Luxury ,]]",18000,45+
1902,950c5336-55c8-4040-92ff-876e4e4bc3f9,c36a604c-423d-4853-b95e-e0bdf288c056,QA,45.0,NOTSELECTED,"{'flexible_spec': [{'interests': [{'id': 6007828099136}, {'id': 6003392552125}, {'id': 6002991798459}, {'id': 6003132627317}]}, {'education_statuses': [1, 12, 13]}], 'geo_locations': {'location_types': ['home'], 'countries': [u'QA']}, 'age_min': 45, 'genders': [2], 'age_max': None, 'exclusions': {'behaviors': [{'id': 6015559470583}]}}",luxury goods,arab_interests,Locals,False,Female,NOTSELECTED,"{u'or': [6007828099136, 6003392552125, 6002991798459, 6003132627317], u'name': u'luxury goods'}",NOTSELECTED,ND,NOTSELECTED,"AND:[OR:[Luxury Goods,Luxury Lifestyle ,Luxury Life ,Luxury ,]]",1500,45+
1903,950c5336-55c8-4040-92ff-876e4e4bc3f9,c36a604c-423d-4853-b95e-e0bdf288c056,SA,45.0,NOTSELECTED,"{'flexible_spec': [{'interests': [{'id': 6007828099136}, {'id': 6003392552125}, {'id': 6002991798459}, {'id': 6003132627317}]}, {'education_statuses': [1, 12, 13]}], 'geo_locations': {'location_types': ['home'], 'countries': [u'SA']}, 'age_min': 45, 'genders': [2], 'age_max': None, 'exclusions': {'behaviors': [{'id': 6015559470583}]}}",luxury goods,arab_interests,Locals,False,Female,NOTSELECTED,"{u'or': [6007828099136, 6003392552125, 6002991798459, 6003132627317], u'name': u'luxury goods'}",NOTSELECTED,ND,NOTSELECTED,"AND:[OR:[Luxury Goods,Luxury Lifestyle ,Luxury Life ,Luxury ,]]",48000,45+
1904,98adef83-4cd0-46c0-97b4-a89067f21baf,c36a604c-423d-4853-b95e-e0bdf288c056,QA,45.0,NOTSELECTED,"{'flexible_spec': [{'interests': [{'id': 6007828099136}, {'id': 6003392552125}, {'id': 6002991798459}, {'id': 6003132627317}]}, {'education_statuses': [2, 4, 5, 6, 10]}], 'geo_locations': {'location_types': ['home'], 'countries': [u'QA']}, 'age_min': 45, 'genders': [2], 'age_max': None, 'exclusions': {'behaviors': [{'id': 6015559470583}]}}",luxury goods,arab_interests,Locals,False,Female,NOTSELECTED,"{u'or': [6007828099136, 6003392552125, 6002991798459, 6003132627317], u'name': u'luxury goods'}",NOTSELECTED,HS,NOTSELECTED,"AND:[OR:[Luxury Goods,Luxury Lifestyle ,Luxury Life ,Luxury ,]]",360,45+
1905,98adef83-4cd0-46c0-97b4-a89067f21baf,c36a604c-423d-4853-b95e-e0bdf288c056,SA,45.0,NOTSELECTED,"{'flexible_spec': [{'interests': [{'id': 6007828099136}, {'id': 6003392552125}, {'id': 6002991798459}, {'id': 6003132627317}]}, {'education_statuses': [2, 4, 5, 6, 10]}], 'geo_locations': {'location_types': ['home'], 'countries': [u'SA']}, 'age_min': 45, 'genders': [2], 'age_max': None, 'exclusions': {'behaviors': [{'id': 6015559470583}]}}",luxury goods,arab_interests,Locals,False,Female,NOTSELECTED,"{u'or': [6007828099136, 6003392552125, 6002991798459, 6003132627317], u'name': u'luxury goods'}",NOTSELECTED,HS,NOTSELECTED,"AND:[OR:[Luxury Goods,Luxury Lifestyle ,Luxury Life ,Luxury ,]]",6400,45+
510,cfa7180d-6299-4ba7-9d5b-71c57d5090db,09f7b3ef-b076-44c7-93c7-4d24a00d3571,QA,18.0,24.0,"{'flexible_spec': [{'interests': [{'id': 6003464109203}]}, {'education_statuses': [3, 7, 8, 9, 11]}], 'age_max': 24, 'geo_locations': {'location_types': ['home'], 'countries': [u'QA']}, 'genders': [1], 'age_min': 18}",health care,arab_interests,Expats,False,Male,NOTSELECTED,"{u'or': [6003464109203], u'name': u'health care'}",NOTSELECTED,GRAD,NOTSELECTED,"AND:[[Health care,]]",9500,18-24
511,cfa7180d-6299-4ba7-9d5b-71c57d5090db,09f7b3ef-b076-44c7-93c7-4d24a00d3571,SA,18.0,24.0,"{'flexible_spec': [{'interests': [{'id': 6003464109203}]}, {'education_statuses': [3, 7, 8, 9, 11]}], 'age_max': 24, 'geo_locations': {'location_types': ['home'], 'countries': [u'SA']}, 'genders': [1], 'age_min': 18}",health care,arab_interests,Expats,False,Male,NOTSELECTED,"{u'or': [6003464109203], u'name': u'health care'}",NOTSELECTED,GRAD,NOTSELECTED,"AND:[[Health care,]]",75000,18-24
512,03f07f2c-a25b-4b7c-b5e3-fdc29e12b85f,09f7b3ef-b076-44c7-93c7-4d24a00d3571,QA,18.0,24.0,"{'flexible_spec': [{'interests': [{'id': 6003464109203}]}, {'education_statuses': [1, 12, 13]}], 'age_max': 24, 'geo_locations': {'location_types': ['home'], 'countries': [u'QA']}, 'genders': [1], 'age_min': 18}",health care,arab_interests,Expats,False,Male,NOTSELECTED,"{u'or': [6003464109203], u'name': u'health care'}",NOTSELECTED,ND,NOTSELECTED,"AND:[[Health care,]]",9000,18-24
513,03f07f2c-a25b-4b7c-b5e3-fdc29e12b85f,09f7b3ef-b076-44c7-93c7-4d24a00d3571,SA,18.0,24.0,"{'flexible_spec': [{'interests': [{'id': 6003464109203}]}, {'education_statuses': [1, 12, 13]}], 'age_max': 24, 'geo_locations': {'location_types': ['home'], 'countries': [u'SA']}, 'genders': [1], 'age_min': 18}",health care,arab_interests,Expats,False,Male,NOTSELECTED,"{u'or': [6003464109203], u'name': u'health care'}",NOTSELECTED,ND,NOTSELECTED,"AND:[[Health care,]]",115000,18-24
514,d23a143d-2207-458e-bb77-648d744b4669,09f7b3ef-b076-44c7-93c7-4d24a00d3571,QA,18.0,24.0,"{'flexible_spec': [{'interests': [{'id': 6003464109203}]}, {'education_statuses': [2, 4, 5, 6, 10]}], 'age_max': 24, 'geo_locations': {'location_types': ['home'], 'countries': [u'QA']}, 'genders': [1], 'age_min': 18}",health care,arab_interests,Expats,False,Male,NOTSELECTED,"{u'or': [6003464109203], u'name': u'health care'}",NOTSELECTED,HS,NOTSELECTED,"AND:[[Health care,]]",3250,18-24
515,d23a143d-2207-458e-bb77-648d744b4669,09f7b3ef-b076-44c7-93c7-4d24a00d3571,SA,18.0,24.0,"{'flexible_spec': [{'interests': [{'id': 6003464109203}]}, {'education_statuses': [2, 4, 5, 6, 10]}], 'age_max': 24, 'geo_locations': {'location_types': ['home'], 'countries': [u'SA']}, 'genders': [1], 'age_min': 18}",health care,arab_interests,Expats,False,Male,NOTSELECTED,"{u'or': [6003464109203], u'name': u'health care'}",NOTSELECTED,HS,NOTSELECTED,"AND:[[Health care,]]",31500,18-24
530,2d8c2fcf-8666-4ca2-ae86-4a2564554e9d,09f7b3ef-b076-44c7-93c7-4d24a00d3571,QA,18.0,24.0,"{'flexible_spec': [{'interests': [{'id': 6003464109203}]}, {'education_statuses': [3, 7, 8, 9, 11]}], 'age_max': 24, 'geo_locations': {'location_types': ['home'], 'countries': [u'QA']}, 'genders': [2], 'age_min': 18}",health care,arab_interests,Expats,False,Female,NOTSELECTED,"{u'or': [6003464109203], u'name': u'health care'}",NOTSELECTED,GRAD,NOTSELECTED,"AND:[[Health care,]]",2650,18-24
531,2d8c2fcf-8666-4ca2-ae86-4a2564554e9d,09f7b3ef-b076-44c7-93c7-4d24a00d3571,SA,18.0,24.0,"{'flexible_spec': [{'interests': [{'id': 6003464109203}]}, {'education_statuses': [3, 7, 8, 9, 11]}], 'age_max': 24, 'geo_locations': {'location_types': ['home'], 'countries': [u'SA']}, 'genders': [2], 'age_min': 18}",health care,arab_interests,Expats,False,Female,NOTSELECTED,"{u'or': [6003464109203], u'name': u'health care'}",NOTSELECTED,GRAD,NOTSELECTED,"AND:[[Health care,]]",19500,18-24
532,ae714e4c-1359-4d56-9e96-1e07eedd568f,09f7b3ef-b076-44c7-93c7-4d24a00d3571,QA,18.0,24.0,"{'flexible_spec': [{'interests': [{'id': 6003464109203}]}, {'education_statuses': [1, 12, 13]}], 'age_max': 24, 'geo_locations': {'location_types': ['home'], 'countries': [u'QA']}, 'genders': [2], 'age_min': 18}",health care,arab_interests,Expats,False,Female,NOTSELECTED,"{u'or': [6003464109203], u'name': u'health care'}",NOTSELECTED,ND,NOTSELECTED,"AND:[[Health care,]]",2300,18-24
533,ae714e4c-1359-4d56-9e96-1e07eedd568f,09f7b3ef-b076-44c7-93c7-4d24a00d3571,SA,18.0,24.0,"{'flexible_spec': [{'interests': [{'id': 6003464109203}]}, {'education_statuses': [1, 12, 13]}], 'age_max': 24, 'geo_locations': {'location_types': ['home'], 'countries': [u'SA']}, 'genders': [2], 'age_min': 18}",health care,arab_interests,Expats,False,Female,NOTSELECTED,"{u'or': [6003464109203], u'name': u'health care'}",NOTSELECTED,ND,NOTSELECTED,"AND:[[Health care,]]",28500,18-24
534,a315e607-ed16-45fa-b7c9-147adf8677a6,09f7b3ef-b076-44c7-93c7-4d24a00d3571,QA,18.0,24.0,"{'flexible_spec': [{'interests': [{'id': 6003464109203}]}, {'education_statuses': [2, 4, 5, 6, 10]}], 'age_max': 24, 'geo_locations': {'location_types': ['home'], 'countries': [u'QA']}, 'genders': [2], 'age_min': 18}",health care,arab_interests,Expats,False,Female,NOTSELECTED,"{u'or': [6003464109203], u'name': u'health care'}",NOTSELECTED,HS,NOTSELECTED,"AND:[[Health care,]]",1250,18-24
535,a315e607-ed16-45fa-b7c9-147adf8677a6,09f7b3ef-b076-44c7-93c7-4d24a00d3571,SA,18.0,24.0,"{'flexible_spec': [{'interests': [{'id': 6003464109203}]}, {'education_statuses': [2, 4, 5, 6, 10]}], 'age_max': 24, 'geo_locations': {'location_types': ['home'], 'countries': [u'SA']}, 'genders': [2], 'age_min': 18}",health care,arab_interests,Expats,False,Female,NOTSELECTED,"{u'or': [6003464109203], u'name': u'health care'}",NOTSELECTED,HS,NOTSELECTED,"AND:[[Health care,]]",13000,18-24
630,bb2eef96-adab-4a8c-9793-6e4c253e20b4,09f7b3ef-b076-44c7-93c7-4d24a00d3571,QA,25.0,44.0,"{'flexible_spec': [{'interests': [{'id': 6003464109203}]}, {'education_statuses': [3, 7, 8, 9, 11]}], 'age_max': 44, 'geo_locations': {'location_types': ['home'], 'countries': [u'QA']}, 'genders': [1], 'age_min': 25}",health care,arab_interests,Expats,False,Male,NOTSELECTED,"{u'or': [6003464109203], u'name': u'health care'}",NOTSELECTED,GRAD,NOTSELECTED,"AND:[[Health care,]]",37000,25-44
631,bb2eef96-adab-4a8c-9793-6e4c253e20b4,09f7b3ef-b076-44c7-93c7-4d24a00d3571,SA,25.0,44.0,"{'flexible_spec': [{'interests': [{'id': 6003464109203}]}, {'education_statuses': [3, 7, 8, 9, 11]}], 'age_max': 44, 'geo_locations': {'location_types': ['home'], 'countries': [u'SA']}, 'genders': [1], 'age_min': 25}",health care,arab_interests,Expats,False,Male,NOTSELECTED,"{u'or': [6003464109203], u'name': u'health care'}",NOTSELECTED,GRAD,NOTSELECTED,"AND:[[Health care,]]",370000,25-44
632,52d2c193-798a-45f2-b05a-70f4a1261bc9,09f7b3ef-b076-44c7-93c7-4d24a00d3571,QA,25.0,44.0,"{'flexible_spec': [{'interests': [{'id': 6003464109203}]}, {'education_statuses': [1, 12, 13]}], 'age_max': 44, 'geo_locations': {'location_types': ['home'], 'countries': [u'QA']}, 'genders': [1], 'age_min': 25}",health care,arab_interests,Expats,False,Male,NOTSELECTED,"{u'or': [6003464109203], u'name': u'health care'}",NOTSELECTED,ND,NOTSELECTED,"AND:[[Health care,]]",17500,25-44
633,52d2c193-798a-45f2-b05a-70f4a1261bc9,09f7b3ef-b076-44c7-93c7-4d24a00d3571,SA,25.0,44.0,"{'flexible_spec': [{'interests': [{'id': 6003464109203}]}, {'education_statuses': [1, 12, 13]}], 'age_max': 44, 'geo_locations': {'location_types': ['home'], 'countries': [u'SA']}, 'genders': [1], 'age_min': 25}",health care,arab_interests,Expats,False,Male,NOTSELECTED,"{u'or': [6003464109203], u'name': u'health care'}",NOTSELECTED,ND,NOTSELECTED,"AND:[[Health care,]]",250000,25-44
634,84cdf985-57b1-49e9-ad56-0ea8a75f4c03,09f7b3ef-b076-44c7-93c7-4d24a00d3571,QA,25.0,44.0,"{'flexible_spec': [{'interests': [{'id': 6003464109203}]}, {'education_statuses': [2, 4, 5, 6, 10]}], 'age_max': 44, 'geo_locations': {'location_types': ['home'], 'countries': [u'QA']}, 'genders': [1], 'age_min': 25}",health care,arab_interests,Expats,False,Male,NOTSELECTED,"{u'or': [6003464109203], u'name': u'health care'}",NOTSELECTED,HS,NOTSELECTED,"AND:[[Health care,]]",8000,25-44
635,84cdf985-57b1-49e9-ad56-0ea8a75f4c03,09f7b3ef-b076-44c7-93c7-4d24a00d3571,SA,25.0,44.0,"{'flexible_spec': [{'interests': [{'id': 6003464109203}]}, {'education_statuses': [2, 4, 5, 6, 10]}], 'age_max': 44, 'geo_locations': {'location_types': ['home'], 'countries': [u'SA']}, 'genders': [1], 'age_min': 25}",health care,arab_interests,Expats,False,Male,NOTSELECTED,"{u'or': [6003464109203], u'name': u'health care'}",NOTSELECTED,HS,NOTSELECTED,"AND:[[Health care,]]",95000,25-44
650,d9c32e7c-022c-4178-91c5-1cda08942624,09f7b3ef-b076-44c7-93c7-4d24a00d3571,QA,25.0,44.0,"{'flexible_spec': [{'interests': [{'id': 6003464109203}]}, {'education_statuses': [3, 7, 8, 9, 11]}], 'age_max': 44, 'geo_locations': {'location_types': ['home'], 'countries': [u'QA']}, 'genders': [2], 'age_min': 25}",health care,arab_interests,Expats,False,Female,NOTSELECTED,"{u'or': [6003464109203], u'name': u'health care'}",NOTSELECTED,GRAD,NOTSELECTED,"AND:[[Health care,]]",17500,25-44
651,d9c32e7c-022c-4178-91c5-1cda08942624,09f7b3ef-b076-44c7-93c7-4d24a00d3571,SA,25.0,44.0,"{'flexible_spec': [{'interests': [{'id': 6003464109203}]}, {'education_statuses': [3, 7, 8, 9, 11]}], 'age_max': 44, 'geo_locations': {'location_types': ['home'], 'countries': [u'SA']}, 'genders': [2], 'age_min': 25}",health care,arab_interests,Expats,False,Female,NOTSELECTED,"{u'or': [6003464109203], u'name': u'health care'}",NOTSELECTED,GRAD,NOTSELECTED,"AND:[[Health care,]]",105000,25-44
652,000aad3b-2a11-43e4-952e-277359eb158e,09f7b3ef-b076-44c7-93c7-4d24a00d3571,QA,25.0,44.0,"{'flexible_spec': [{'interests': [{'id': 6003464109203}]}, {'education_statuses': [1, 12, 13]}], 'age_max': 44, 'geo_locations': {'location_types': ['home'], 'countries': [u'QA']}, 'genders': [2], 'age_min': 25}",health care,arab_interests,Expats,False,Female,NOTSELECTED,"{u'or': [6003464109203], u'name': u'health care'}",NOTSELECTED,ND,NOTSELECTED,"AND:[[Health care,]]",6000,25-44
653,000aad3b-2a11-43e4-952e-277359eb158e,09f7b3ef-b076-44c7-93c7-4d24a00d3571,SA,25.0,44.0,"{'flexible_spec': [{'interests': [{'id': 6003464109203}]}, {'education_statuses': [1, 12, 13]}], 'age_max': 44, 'geo_locations': {'location_types': ['home'], 'countries': [u'SA']}, 'genders': [2], 'age_min': 25}",health care,arab_interests,Expats,False,Female,NOTSELECTED,"{u'or': [6003464109203], u'name': u'health care'}",NOTSELECTED,ND,NOTSELECTED,"AND:[[Health care,]]",55000,25-44
654,31b28e63-8f70-4de1-8ccb-0fb9f39fbf44,09f7b3ef-b076-44c7-93c7-4d24a00d3571,QA,25.0,44.0,"{'flexible_spec': [{'interests': [{'id': 6003464109203}]}, {'education_statuses': [2, 4, 5, 6, 10]}], 'age_max': 44, 'geo_locations': {'location_types': ['home'], 'countries': [u'QA']}, 'genders': [2], 'age_min': 25}",health care,arab_interests,Expats,False,Female,NOTSELECTED,"{u'or': [6003464109203], u'name': u'health care'}",NOTSELECTED,HS,NOTSELECTED,"AND:[[Health care,]]",3900,25-44
655,31b28e63-8f70-4de1-8ccb-0fb9f39fbf44,09f7b3ef-b076-44c7-93c7-4d24a00d3571,SA,25.0,44.0,"{'flexible_spec': [{'interests': [{'id': 6003464109203}]}, {'education_statuses': [2, 4, 5, 6, 10]}], 'age_max': 44, 'geo_locations': {'location_types': ['home'], 'countries': [u'SA']}, 'genders': [2], 'age_min': 25}",health care,arab_interests,Expats,False,Female,NOTSELECTED,"{u'or': [6003464109203], u'name': u'health care'}",NOTSELECTED,HS,NOTSELECTED,"AND:[[Health care,]]",27500,25-44
690,03acb8c5-3b73-43c2-bd75-0e90dbf04fd5,09f7b3ef-b076-44c7-93c7-4d24a00d3571,QA,45.0,NOTSELECTED,"{'flexible_spec': [{'interests': [{'id': 6003464109203}]}, {'education_statuses': [3, 7, 8, 9, 11]}], 'age_max': None, 'geo_locations': {'location_types': ['home'], 'countries': [u'QA']}, 'genders': [1], 'age_min': 45}",health care,arab_interests,Expats,False,Male,NOTSELECTED,"{u'or': [6003464109203], u'name': u'health care'}",NOTSELECTED,GRAD,NOTSELECTED,"AND:[[Health care,]]",3900,45+
691,03acb8c5-3b73-43c2-bd75-0e90dbf04fd5,09f7b3ef-b076-44c7-93c7-4d24a00d3571,SA,45.0,NOTSELECTED,"{'flexible_spec': [{'interests': [{'id': 6003464109203}]}, {'education_statuses': [3, 7, 8, 9, 11]}], 'age_max': None, 'geo_locations': {'location_types': ['home'], 'countries': [u'SA']}, 'genders': [1], 'age_min': 45}",health care,arab_interests,Expats,False,Male,NOTSELECTED,"{u'or': [6003464109203], u'name': u'health care'}",NOTSELECTED,GRAD,NOTSELECTED,"AND:[[Health care,]]",44500,45+
692,12a3e95a-008f-4699-a4a0-4a2af4ab35ee,09f7b3ef-b076-44c7-93c7-4d24a00d3571,QA,45.0,NOTSELECTED,"{'flexible_spec': [{'interests': [{'id': 6003464109203}]}, {'education_statuses': [1, 12, 13]}], 'age_max': None, 'geo_locations': {'location_types': ['home'], 'countries': [u'QA']}, 'genders': [1], 'age_min': 45}",health care,arab_interests,Expats,False,Male,NOTSELECTED,"{u'or': [6003464109203], u'name': u'health care'}",NOTSELECTED,ND,NOTSELECTED,"AND:[[Health care,]]",2650,45+
693,12a3e95a-008f-4699-a4a0-4a2af4ab35ee,09f7b3ef-b076-44c7-93c7-4d24a00d3571,SA,45.0,NOTSELECTED,"{'flexible_spec': [{'interests': [{'id': 6003464109203}]}, {'education_statuses': [1, 12, 13]}], 'age_max': None, 'geo_locations': {'location_types': ['home'], 'countries': [u'SA']}, 'genders': [1], 'age_min': 45}",health care,arab_interests,Expats,False,Male,NOTSELECTED,"{u'or': [6003464109203], u'name': u'health care'}",NOTSELECTED,ND,NOTSELECTED,"AND:[[Health care,]]",41000,45+
694,c2369d9b-a5b9-4e11-aebf-86124fac0081,09f7b3ef-b076-44c7-93c7-4d24a00d3571,QA,45.0,NOTSELECTED,"{'flexible_spec': [{'interests': [{'id': 6003464109203}]}, {'education_statuses': [2, 4, 5, 6, 10]}], 'age_max': None, 'geo_locations': {'location_types': ['home'], 'countries': [u'QA']}, 'genders': [1], 'age_min': 45}",health care,arab_interests,Expats,False,Male,NOTSELECTED,"{u'or': [6003464109203], u'name': u'health care'}",NOTSELECTED,HS,NOTSELECTED,"AND:[[Health care,]]",950,45+
695,c2369d9b-a5b9-4e11-aebf-86124fac0081,09f7b3ef-b076-44c7-93c7-4d24a00d3571,SA,45.0,NOTSELECTED,"{'flexible_spec': [{'interests': [{'id': 6003464109203}]}, {'education_statuses': [2, 4, 5, 6, 10]}], 'age_max': None, 'geo_locations': {'location_types': ['home'], 'countries': [u'SA']}, 'genders': [1], 'age_min': 45}",health care,arab_interests,Expats,False,Male,NOTSELECTED,"{u'or': [6003464109203], u'name': u'health care'}",NOTSELECTED,HS,NOTSELECTED,"AND:[[Health care,]]",12000,45+
710,d04171bf-40d2-4fd5-802b-e8a9075f1060,09f7b3ef-b076-44c7-93c7-4d24a00d3571,QA,45.0,NOTSELECTED,"{'flexible_spec': [{'interests': [{'id': 6003464109203}]}, {'education_statuses': [3, 7, 8, 9, 11]}], 'age_max': None, 'geo_locations': {'location_types': ['home'], 'countries': [u'QA']}, 'genders': [2], 'age_min': 45}",health care,arab_interests,Expats,False,Female,NOTSELECTED,"{u'or': [6003464109203], u'name': u'health care'}",NOTSELECTED,GRAD,NOTSELECTED,"AND:[[Health care,]]",1900,45+
711,d04171bf-40d2-4fd5-802b-e8a9075f1060,09f7b3ef-b076-44c7-93c7-4d24a00d3571,SA,45.0,NOTSELECTED,"{'flexible_spec': [{'interests': [{'id': 6003464109203}]}, {'education_statuses': [3, 7, 8, 9, 11]}], 'age_max': None, 'geo_locations': {'location_types': ['home'], 'countries': [u'SA']}, 'genders': [2], 'age_min': 45}",health care,arab_interests,Expats,False,Female,NOTSELECTED,"{u'or': [6003464109203], u'name': u'health care'}",NOTSELECTED,GRAD,NOTSELECTED,"AND:[[Health care,]]",14000,45+
712,bfad9bf6-1e5e-4ed9-ba12-85857b1345ae,09f7b3ef-b076-44c7-93c7-4d24a00d3571,QA,45.0,NOTSELECTED,"{'flexible_spec': [{'interests': [{'id': 6003464109203}]}, {'education_statuses': [1, 12, 13]}], 'age_max': None, 'geo_locations': {'location_types': ['home'], 'countries': [u'QA']}, 'genders': [2], 'age_min': 45}",health care,arab_interests,Expats,False,Female,NOTSELECTED,"{u'or': [6003464109203], u'name': u'health care'}",NOTSELECTED,ND,NOTSELECTED,"AND:[[Health care,]]",1150,45+
713,bfad9bf6-1e5e-4ed9-ba12-85857b1345ae,09f7b3ef-b076-44c7-93c7-4d24a00d3571,SA,45.0,NOTSELECTED,"{'flexible_spec': [{'interests': [{'id': 6003464109203}]}, {'education_statuses': [1, 12, 13]}], 'age_max': None, 'geo_locations': {'location_types': ['home'], 'countries': [u'SA']}, 'genders': [2], 'age_min': 45}",health care,arab_interests,Expats,False,Female,NOTSELECTED,"{u'or': [6003464109203], u'name': u'health care'}",NOTSELECTED,ND,NOTSELECTED,"AND:[[Health care,]]",12000,45+
714,d867b3c3-a80d-4dba-afd5-ff924649f54c,09f7b3ef-b076-44c7-93c7-4d24a00d3571,QA,45.0,NOTSELECTED,"{'flexible_spec': [{'interests': [{'id': 6003464109203}]}, {'education_statuses': [2, 4, 5, 6, 10]}], 'age_max': None, 'geo_locations': {'location_types': ['home'], 'countries': [u'QA']}, 'genders': [2], 'age_min': 45}",health care,arab_interests,Expats,False,Female,NOTSELECTED,"{u'or': [6003464109203], u'name': u'health care'}",NOTSELECTED,HS,NOTSELECTED,"AND:[[Health care,]]",550,45+
715,d867b3c3-a80d-4dba-afd5-ff924649f54c,09f7b3ef-b076-44c7-93c7-4d24a00d3571,SA,45.0,NOTSELECTED,"{'flexible_spec': [{'interests': [{'id': 6003464109203}]}, {'education_statuses': [2, 4, 5, 6, 10]}], 'age_max': None, 'geo_locations': {'location_types': ['home'], 'countries': [u'SA']}, 'genders': [2], 'age_min': 45}",health care,arab_interests,Expats,False,Female,NOTSELECTED,"{u'or': [6003464109203], u'name': u'health care'}",NOTSELECTED,HS,NOTSELECTED,"AND:[[Health care,]]",4100,45+
1710,342190f4-d785-44e4-a367-daabd405990f,c36a604c-423d-4853-b95e-e0bdf288c056,QA,18.0,24.0,"{'flexible_spec': [{'interests': [{'id': 6007828099136}, {'id': 6003392552125}, {'id': 6002991798459}, {'id': 6003132627317}]}, {'education_statuses': [3, 7, 8, 9, 11]}], 'age_max': 24, 'geo_locations': {'location_types': ['home'], 'countries': [u'QA']}, 'genders': [1], 'age_min': 18}",luxury goods,arab_interests,Expats,False,Male,NOTSELECTED,"{u'or': [6007828099136, 6003392552125, 6002991798459, 6003132627317], u'name': u'luxury goods'}",NOTSELECTED,GRAD,NOTSELECTED,"AND:[OR:[Luxury Goods,Luxury Lifestyle ,Luxury Life ,Luxury ,]]",33000,18-24
1711,342190f4-d785-44e4-a367-daabd405990f,c36a604c-423d-4853-b95e-e0bdf288c056,SA,18.0,24.0,"{'flexible_spec': [{'interests': [{'id': 6007828099136}, {'id': 6003392552125}, {'id': 6002991798459}, {'id': 6003132627317}]}, {'education_statuses': [3, 7, 8, 9, 11]}], 'age_max': 24, 'geo_locations': {'location_types': ['home'], 'countries': [u'SA']}, 'genders': [1], 'age_min': 18}",luxury goods,arab_interests,Expats,False,Male,NOTSELECTED,"{u'or': [6007828099136, 6003392552125, 6002991798459, 6003132627317], u'name': u'luxury goods'}",NOTSELECTED,GRAD,NOTSELECTED,"AND:[OR:[Luxury Goods,Luxury Lifestyle ,Luxury Life ,Luxury ,]]",160000,18-24
1712,a410ef40-7c85-4a8e-ae52-e6ed68b84638,c36a604c-423d-4853-b95e-e0bdf288c056,QA,18.0,24.0,"{'flexible_spec': [{'interests': [{'id': 6007828099136}, {'id': 6003392552125}, {'id': 6002991798459}, {'id': 6003132627317}]}, {'education_statuses': [1, 12, 13]}], 'age_max': 24, 'geo_locations': {'location_types': ['home'], 'countries': [u'QA']}, 'genders': [1], 'age_min': 18}",luxury goods,arab_interests,Expats,False,Male,NOTSELECTED,"{u'or': [6007828099136, 6003392552125, 6002991798459, 6003132627317], u'name': u'luxury goods'}",NOTSELECTED,ND,NOTSELECTED,"AND:[OR:[Luxury Goods,Luxury Lifestyle ,Luxury Life ,Luxury ,]]",42500,18-24
1713,a410ef40-7c85-4a8e-ae52-e6ed68b84638,c36a604c-423d-4853-b95e-e0bdf288c056,SA,18.0,24.0,"{'flexible_spec': [{'interests': [{'id': 6007828099136}, {'id': 6003392552125}, {'id': 6002991798459}, {'id': 6003132627317}]}, {'education_statuses': [1, 12, 13]}], 'age_max': 24, 'geo_locations': {'location_types': ['home'], 'countries': [u'SA']}, 'genders': [1], 'age_min': 18}",luxury goods,arab_interests,Expats,False,Male,NOTSELECTED,"{u'or': [6007828099136, 6003392552125, 6002991798459, 6003132627317], u'name': u'luxury goods'}",NOTSELECTED,ND,NOTSELECTED,"AND:[OR:[Luxury Goods,Luxury Lifestyle ,Luxury Life ,Luxury ,]]",350000,18-24
1714,b11adf58-7cf4-41b0-838e-4f4e6abf98de,c36a604c-423d-4853-b95e-e0bdf288c056,QA,18.0,24.0,"{'flexible_spec': [{'interests': [{'id': 6007828099136}, {'id': 6003392552125}, {'id': 6002991798459}, {'id': 6003132627317}]}, {'education_statuses': [2, 4, 5, 6, 10]}], 'age_max': 24, 'geo_locations': {'location_types': ['home'], 'countries': [u'QA']}, 'genders': [1], 'age_min': 18}",luxury goods,arab_interests,Expats,False,Male,NOTSELECTED,"{u'or': [6007828099136, 6003392552125, 6002991798459, 6003132627317], u'name': u'luxury goods'}",NOTSELECTED,HS,NOTSELECTED,"AND:[OR:[Luxury Goods,Luxury Lifestyle ,Luxury Life ,Luxury ,]]",11500,18-24
1715,b11adf58-7cf4-41b0-838e-4f4e6abf98de,c36a604c-423d-4853-b95e-e0bdf288c056,SA,18.0,24.0,"{'flexible_spec': [{'interests': [{'id': 6007828099136}, {'id': 6003392552125}, {'id': 6002991798459}, {'id': 6003132627317}]}, {'education_statuses': [2, 4, 5, 6, 10]}], 'age_max': 24, 'geo_locations': {'location_types': ['home'], 'countries': [u'SA']}, 'genders': [1], 'age_min': 18}",luxury goods,arab_interests,Expats,False,Male,NOTSELECTED,"{u'or': [6007828099136, 6003392552125, 6002991798459, 6003132627317], u'name': u'luxury goods'}",NOTSELECTED,HS,NOTSELECTED,"AND:[OR:[Luxury Goods,Luxury Lifestyle ,Luxury Life ,Luxury ,]]",70000,18-24
1730,76ae26cd-e175-4817-af69-0fa02eb70c70,c36a604c-423d-4853-b95e-e0bdf288c056,QA,18.0,24.0,"{'flexible_spec': [{'interests': [{'id': 6007828099136}, {'id': 6003392552125}, {'id': 6002991798459}, {'id': 6003132627317}]}, {'education_statuses': [3, 7, 8, 9, 11]}], 'age_max': 24, 'geo_locations': {'location_types': ['home'], 'countries': [u'QA']}, 'genders': [2], 'age_min': 18}",luxury goods,arab_interests,Expats,False,Female,NOTSELECTED,"{u'or': [6007828099136, 6003392552125, 6002991798459, 6003132627317], u'name': u'luxury goods'}",NOTSELECTED,GRAD,NOTSELECTED,"AND:[OR:[Luxury Goods,Luxury Lifestyle ,Luxury Life ,Luxury ,]]",8000,18-24
1731,76ae26cd-e175-4817-af69-0fa02eb70c70,c36a604c-423d-4853-b95e-e0bdf288c056,SA,18.0,24.0,"{'flexible_spec': [{'interests': [{'id': 6007828099136}, {'id': 6003392552125}, {'id': 6002991798459}, {'id': 6003132627317}]}, {'education_statuses': [3, 7, 8, 9, 11]}], 'age_max': 24, 'geo_locations': {'location_types': ['home'], 'countries': [u'SA']}, 'genders': [2], 'age_min': 18}",luxury goods,arab_interests,Expats,False,Female,NOTSELECTED,"{u'or': [6007828099136, 6003392552125, 6002991798459, 6003132627317], u'name': u'luxury goods'}",NOTSELECTED,GRAD,NOTSELECTED,"AND:[OR:[Luxury Goods,Luxury Lifestyle ,Luxury Life ,Luxury ,]]",48000,18-24
1732,93b90df1-a5cf-48e8-aa51-33f0a437ec5d,c36a604c-423d-4853-b95e-e0bdf288c056,QA,18.0,24.0,"{'flexible_spec': [{'interests': [{'id': 6007828099136}, {'id': 6003392552125}, {'id': 6002991798459}, {'id': 6003132627317}]}, {'education_statuses': [1, 12, 13]}], 'age_max': 24, 'geo_locations': {'location_types': ['home'], 'countries': [u'QA']}, 'genders': [2], 'age_min': 18}",luxury goods,arab_interests,Expats,False,Female,NOTSELECTED,"{u'or': [6007828099136, 6003392552125, 6002991798459, 6003132627317], u'name': u'luxury goods'}",NOTSELECTED,ND,NOTSELECTED,"AND:[OR:[Luxury Goods,Luxury Lifestyle ,Luxury Life ,Luxury ,]]",9000,18-24
1733,93b90df1-a5cf-48e8-aa51-33f0a437ec5d,c36a604c-423d-4853-b95e-e0bdf288c056,SA,18.0,24.0,"{'flexible_spec': [{'interests': [{'id': 6007828099136}, {'id': 6003392552125}, {'id': 6002991798459}, {'id': 6003132627317}]}, {'education_statuses': [1, 12, 13]}], 'age_max': 24, 'geo_locations': {'location_types': ['home'], 'countries': [u'SA']}, 'genders': [2], 'age_min': 18}",luxury goods,arab_interests,Expats,False,Female,NOTSELECTED,"{u'or': [6007828099136, 6003392552125, 6002991798459, 6003132627317], u'name': u'luxury goods'}",NOTSELECTED,ND,NOTSELECTED,"AND:[OR:[Luxury Goods,Luxury Lifestyle ,Luxury Life ,Luxury ,]]",110000,18-24
1734,64243988-4951-40be-8fbf-4e081855d2da,c36a604c-423d-4853-b95e-e0bdf288c056,QA,18.0,24.0,"{'flexible_spec': [{'interests': [{'id': 6007828099136}, {'id': 6003392552125}, {'id': 6002991798459}, {'id': 6003132627317}]}, {'education_statuses': [2, 4, 5, 6, 10]}], 'age_max': 24, 'geo_locations': {'location_types': ['home'], 'countries': [u'QA']}, 'genders': [2], 'age_min': 18}",luxury goods,arab_interests,Expats,False,Female,NOTSELECTED,"{u'or': [6007828099136, 6003392552125, 6002991798459, 6003132627317], u'name': u'luxury goods'}",NOTSELECTED,HS,NOTSELECTED,"AND:[OR:[Luxury Goods,Luxury Lifestyle ,Luxury Life ,Luxury ,]]",4450,18-24
1735,64243988-4951-40be-8fbf-4e081855d2da,c36a604c-423d-4853-b95e-e0bdf288c056,SA,18.0,24.0,"{'flexible_spec': [{'interests': [{'id': 6007828099136}, {'id': 6003392552125}, {'id': 6002991798459}, {'id': 6003132627317}]}, {'education_statuses': [2, 4, 5, 6, 10]}], 'age_max': 24, 'geo_locations': {'location_types': ['home'], 'countries': [u'SA']}, 'genders': [2], 'age_min': 18}",luxury goods,arab_interests,Expats,False,Female,NOTSELECTED,"{u'or': [6007828099136, 6003392552125, 6002991798459, 6003132627317], u'name': u'luxury goods'}",NOTSELECTED,HS,NOTSELECTED,"AND:[OR:[Luxury Goods,Luxury Lifestyle ,Luxury Life ,Luxury ,]]",33500,18-24
1830,8bfc2669-0d5a-4e25-a8c1-3315964e1a7c,c36a604c-423d-4853-b95e-e0bdf288c056,QA,25.0,44.0,"{'flexible_spec': [{'interests': [{'id': 6007828099136}, {'id': 6003392552125}, {'id': 6002991798459}, {'id': 6003132627317}]}, {'education_statuses': [3, 7, 8, 9, 11]}], 'age_max': 44, 'geo_locations': {'location_types': ['home'], 'countries': [u'QA']}, 'genders': [1], 'age_min': 25}",luxury goods,arab_interests,Expats,False,Male,NOTSELECTED,"{u'or': [6007828099136, 6003392552125, 6002991798459, 6003132627317], u'name': u'luxury goods'}",NOTSELECTED,GRAD,NOTSELECTED,"AND:[OR:[Luxury Goods,Luxury Lifestyle ,Luxury Life ,Luxury ,]]",140000,25-44
1831,8bfc2669-0d5a-4e25-a8c1-3315964e1a7c,c36a604c-423d-4853-b95e-e0bdf288c056,SA,25.0,44.0,"{'flexible_spec': [{'interests': [{'id': 6007828099136}, {'id': 6003392552125}, {'id': 6002991798459}, {'id': 6003132627317}]}, {'education_statuses': [3, 7, 8, 9, 11]}], 'age_max': 44, 'geo_locations': {'location_types': ['home'], 'countries': [u'SA']}, 'genders': [1], 'age_min': 25}",luxury goods,arab_interests,Expats,False,Male,NOTSELECTED,"{u'or': [6007828099136, 6003392552125, 6002991798459, 6003132627317], u'name': u'luxury goods'}",NOTSELECTED,GRAD,NOTSELECTED,"AND:[OR:[Luxury Goods,Luxury Lifestyle ,Luxury Life ,Luxury ,]]",800000,25-44
1832,06847e0e-490c-43be-a249-27b0c1b78391,c36a604c-423d-4853-b95e-e0bdf288c056,QA,25.0,44.0,"{'flexible_spec': [{'interests': [{'id': 6007828099136}, {'id': 6003392552125}, {'id': 6002991798459}, {'id': 6003132627317}]}, {'education_statuses': [1, 12, 13]}], 'age_max': 44, 'geo_locations': {'location_types': ['home'], 'countries': [u'QA']}, 'genders': [1], 'age_min': 25}",luxury goods,arab_interests,Expats,False,Male,NOTSELECTED,"{u'or': [6007828099136, 6003392552125, 6002991798459, 6003132627317], u'name': u'luxury goods'}",NOTSELECTED,ND,NOTSELECTED,"AND:[OR:[Luxury Goods,Luxury Lifestyle ,Luxury Life ,Luxury ,]]",90000,25-44
1833,06847e0e-490c-43be-a249-27b0c1b78391,c36a604c-423d-4853-b95e-e0bdf288c056,SA,25.0,44.0,"{'flexible_spec': [{'interests': [{'id': 6007828099136}, {'id': 6003392552125}, {'id': 6002991798459}, {'id': 6003132627317}]}, {'education_statuses': [1, 12, 13]}], 'age_max': 44, 'geo_locations': {'location_types': ['home'], 'countries': [u'SA']}, 'genders': [1], 'age_min': 25}",luxury goods,arab_interests,Expats,False,Male,NOTSELECTED,"{u'or': [6007828099136, 6003392552125, 6002991798459, 6003132627317], u'name': u'luxury goods'}",NOTSELECTED,ND,NOTSELECTED,"AND:[OR:[Luxury Goods,Luxury Lifestyle ,Luxury Life ,Luxury ,]]",750000,25-44
1834,59e79096-e46d-4ea1-a95a-2b2be478f529,c36a604c-423d-4853-b95e-e0bdf288c056,QA,25.0,44.0,"{'flexible_spec': [{'interests': [{'id': 6007828099136}, {'id': 6003392552125}, {'id': 6002991798459}, {'id': 6003132627317}]}, {'education_statuses': [2, 4, 5, 6, 10]}], 'age_max': 44, 'geo_locations': {'location_types': ['home'], 'countries': [u'QA']}, 'genders': [1], 'age_min': 25}",luxury goods,arab_interests,Expats,False,Male,NOTSELECTED,"{u'or': [6007828099136, 6003392552125, 6002991798459, 6003132627317], u'name': u'luxury goods'}",NOTSELECTED,HS,NOTSELECTED,"AND:[OR:[Luxury Goods,Luxury Lifestyle ,Luxury Life ,Luxury ,]]",33000,25-44
1835,59e79096-e46d-4ea1-a95a-2b2be478f529,c36a604c-423d-4853-b95e-e0bdf288c056,SA,25.0,44.0,"{'flexible_spec': [{'interests': [{'id': 6007828099136}, {'id': 6003392552125}, {'id': 6002991798459}, {'id': 6003132627317}]}, {'education_statuses': [2, 4, 5, 6, 10]}], 'age_max': 44, 'geo_locations': {'location_types': ['home'], 'countries': [u'SA']}, 'genders': [1], 'age_min': 25}",luxury goods,arab_interests,Expats,False,Male,NOTSELECTED,"{u'or': [6007828099136, 6003392552125, 6002991798459, 6003132627317], u'name': u'luxury goods'}",NOTSELECTED,HS,NOTSELECTED,"AND:[OR:[Luxury Goods,Luxury Lifestyle ,Luxury Life ,Luxury ,]]",200000,25-44
1850,e5891ee9-a894-4432-b838-61a4b5fc47d6,c36a604c-423d-4853-b95e-e0bdf288c056,QA,25.0,44.0,"{'flexible_spec': [{'interests': [{'id': 6007828099136}, {'id': 6003392552125}, {'id': 6002991798459}, {'id': 6003132627317}]}, {'education_statuses': [3, 7, 8, 9, 11]}], 'age_max': 44, 'geo_locations': {'location_types': ['home'], 'countries': [u'QA']}, 'genders': [2], 'age_min': 25}",luxury goods,arab_interests,Expats,False,Female,NOTSELECTED,"{u'or': [6007828099136, 6003392552125, 6002991798459, 6003132627317], u'name': u'luxury goods'}",NOTSELECTED,GRAD,NOTSELECTED,"AND:[OR:[Luxury Goods,Luxury Lifestyle ,Luxury Life ,Luxury ,]]",50000,25-44
1851,e5891ee9-a894-4432-b838-61a4b5fc47d6,c36a604c-423d-4853-b95e-e0bdf288c056,SA,25.0,44.0,"{'flexible_spec': [{'interests': [{'id': 6007828099136}, {'id': 6003392552125}, {'id': 6002991798459}, {'id': 6003132627317}]}, {'education_statuses': [3, 7, 8, 9, 11]}], 'age_max': 44, 'geo_locations': {'location_types': ['home'], 'countries': [u'SA']}, 'genders': [2], 'age_min': 25}",luxury goods,arab_interests,Expats,False,Female,NOTSELECTED,"{u'or': [6007828099136, 6003392552125, 6002991798459, 6003132627317], u'name': u'luxury goods'}",NOTSELECTED,GRAD,NOTSELECTED,"AND:[OR:[Luxury Goods,Luxury Lifestyle ,Luxury Life ,Luxury ,]]",210000,25-44
1852,a463e4be-3173-425d-9427-ccba910e44f7,c36a604c-423d-4853-b95e-e0bdf288c056,QA,25.0,44.0,"{'flexible_spec': [{'interests': [{'id': 6007828099136}, {'id': 6003392552125}, {'id': 6002991798459}, {'id': 6003132627317}]}, {'education_statuses': [1, 12, 13]}], 'age_max': 44, 'geo_locations': {'location_types': ['home'], 'countries': [u'QA']}, 'genders': [2], 'age_min': 25}",luxury goods,arab_interests,Expats,False,Female,NOTSELECTED,"{u'or': [6007828099136, 6003392552125, 6002991798459, 6003132627317], u'name': u'luxury goods'}",NOTSELECTED,ND,NOTSELECTED,"AND:[OR:[Luxury Goods,Luxury Lifestyle ,Luxury Life ,Luxury ,]]",22500,25-44
1853,a463e4be-3173-425d-9427-ccba910e44f7,c36a604c-423d-4853-b95e-e0bdf288c056,SA,25.0,44.0,"{'flexible_spec': [{'interests': [{'id': 6007828099136}, {'id': 6003392552125}, {'id': 6002991798459}, {'id': 6003132627317}]}, {'education_statuses': [1, 12, 13]}], 'age_max': 44, 'geo_locations': {'location_types': ['home'], 'countries': [u'SA']}, 'genders': [2], 'age_min': 25}",luxury goods,arab_interests,Expats,False,Female,NOTSELECTED,"{u'or': [6007828099136, 6003392552125, 6002991798459, 6003132627317], u'name': u'luxury goods'}",NOTSELECTED,ND,NOTSELECTED,"AND:[OR:[Luxury Goods,Luxury Lifestyle ,Luxury Life ,Luxury ,]]",165000,25-44
1854,f78d1d77-608b-4f2e-b4c2-1a6ccf9d62e6,c36a604c-423d-4853-b95e-e0bdf288c056,QA,25.0,44.0,"{'flexible_spec': [{'interests': [{'id': 6007828099136}, {'id': 6003392552125}, {'id': 6002991798459}, {'id': 6003132627317}]}, {'education_statuses': [2, 4, 5, 6, 10]}], 'age_max': 44, 'geo_locations': {'location_types': ['home'], 'countries': [u'QA']}, 'genders': [2], 'age_min': 25}",luxury goods,arab_interests,Expats,False,Female,NOTSELECTED,"{u'or': [6007828099136, 6003392552125, 6002991798459, 6003132627317], u'name': u'luxury goods'}",NOTSELECTED,HS,NOTSELECTED,"AND:[OR:[Luxury Goods,Luxury Lifestyle ,Luxury Life ,Luxury ,]]",12000,25-44
1855,f78d1d77-608b-4f2e-b4c2-1a6ccf9d62e6,c36a604c-423d-4853-b95e-e0bdf288c056,SA,25.0,44.0,"{'flexible_spec': [{'interests': [{'id': 6007828099136}, {'id': 6003392552125}, {'id': 6002991798459}, {'id': 6003132627317}]}, {'education_statuses': [2, 4, 5, 6, 10]}], 'age_max': 44, 'geo_locations': {'location_types': ['home'], 'countries': [u'SA']}, 'genders': [2], 'age_min': 25}",luxury goods,arab_interests,Expats,False,Female,NOTSELECTED,"{u'or': [6007828099136, 6003392552125, 6002991798459, 6003132627317], u'name': u'luxury goods'}",NOTSELECTED,HS,NOTSELECTED,"AND:[OR:[Luxury Goods,Luxury Lifestyle ,Luxury Life ,Luxury ,]]",60000,25-44
1890,a2ce73df-7ab9-43b5-9fb7-13ab9ad98bdc,c36a604c-423d-4853-b95e-e0bdf288c056,QA,45.0,NOTSELECTED,"{'flexible_spec': [{'interests': [{'id': 6007828099136}, {'id': 6003392552125}, {'id': 6002991798459}, {'id': 6003132627317}]}, {'education_statuses': [3, 7, 8, 9, 11]}], 'age_max': None, 'geo_locations': {'location_types': ['home'], 'countries': [u'QA']}, 'genders': [1], 'age_min': 45}",luxury goods,arab_interests,Expats,False,Male,NOTSELECTED,"{u'or': [6007828099136, 6003392552125, 6002991798459, 6003132627317], u'name': u'luxury goods'}",NOTSELECTED,GRAD,NOTSELECTED,"AND:[OR:[Luxury Goods,Luxury Lifestyle ,Luxury Life ,Luxury ,]]",15000,45+
1891,a2ce73df-7ab9-43b5-9fb7-13ab9ad98bdc,c36a604c-423d-4853-b95e-e0bdf288c056,SA,45.0,NOTSELECTED,"{'flexible_spec': [{'interests': [{'id': 6007828099136}, {'id': 6003392552125}, {'id': 6002991798459}, {'id': 6003132627317}]}, {'education_statuses': [3, 7, 8, 9, 11]}], 'age_max': None, 'geo_locations': {'location_types': ['home'], 'countries': [u'SA']}, 'genders': [1], 'age_min': 45}",luxury goods,arab_interests,Expats,False,Male,NOTSELECTED,"{u'or': [6007828099136, 6003392552125, 6002991798459, 6003132627317], u'name': u'luxury goods'}",NOTSELECTED,GRAD,NOTSELECTED,"AND:[OR:[Luxury Goods,Luxury Lifestyle ,Luxury Life ,Luxury ,]]",85000,45+
1892,7fa56457-2137-49e8-b21c-cb1be7e8857e,c36a604c-423d-4853-b95e-e0bdf288c056,QA,45.0,NOTSELECTED,"{'flexible_spec': [{'interests': [{'id': 6007828099136}, {'id': 6003392552125}, {'id': 6002991798459}, {'id': 6003132627317}]}, {'education_statuses': [1, 12, 13]}], 'age_max': None, 'geo_locations': {'location_types': ['home'], 'countries': [u'QA']}, 'genders': [1], 'age_min': 45}",luxury goods,arab_interests,Expats,False,Male,NOTSELECTED,"{u'or': [6007828099136, 6003392552125, 6002991798459, 6003132627317], u'name': u'luxury goods'}",NOTSELECTED,ND,NOTSELECTED,"AND:[OR:[Luxury Goods,Luxury Lifestyle ,Luxury Life ,Luxury ,]]",12500,45+
1893,7fa56457-2137-49e8-b21c-cb1be7e8857e,c36a604c-423d-4853-b95e-e0bdf288c056,SA,45.0,NOTSELECTED,"{'flexible_spec': [{'interests': [{'id': 6007828099136}, {'id': 6003392552125}, {'id': 6002991798459}, {'id': 6003132627317}]}, {'education_statuses': [1, 12, 13]}], 'age_max': None, 'geo_locations': {'location_types': ['home'], 'countries': [u'SA']}, 'genders': [1], 'age_min': 45}",luxury goods,arab_interests,Expats,False,Male,NOTSELECTED,"{u'or': [6007828099136, 6003392552125, 6002991798459, 6003132627317], u'name': u'luxury goods'}",NOTSELECTED,ND,NOTSELECTED,"AND:[OR:[Luxury Goods,Luxury Lifestyle ,Luxury Life ,Luxury ,]]",105000,45+
1894,a0c1f0b8-cb22-44c0-803d-3d9a27560518,c36a604c-423d-4853-b95e-e0bdf288c056,QA,45.0,NOTSELECTED,"{'flexible_spec': [{'interests': [{'id': 6007828099136}, {'id': 6003392552125}, {'id': 6002991798459}, {'id': 6003132627317}]}, {'education_statuses': [2, 4, 5, 6, 10]}], 'age_max': None, 'geo_locations': {'location_types': ['home'], 'countries': [u'QA']}, 'genders': [1], 'age_min': 45}",luxury goods,arab_interests,Expats,False,Male,NOTSELECTED,"{u'or': [6007828099136, 6003392552125, 6002991798459, 6003132627317], u'name': u'luxury goods'}",NOTSELECTED,HS,NOTSELECTED,"AND:[OR:[Luxury Goods,Luxury Lifestyle ,Luxury Life ,Luxury ,]]",4000,45+
1895,a0c1f0b8-cb22-44c0-803d-3d9a27560518,c36a604c-423d-4853-b95e-e0bdf288c056,SA,45.0,NOTSELECTED,"{'flexible_spec': [{'interests': [{'id': 6007828099136}, {'id': 6003392552125}, {'id': 6002991798459}, {'id': 6003132627317}]}, {'education_statuses': [2, 4, 5, 6, 10]}], 'age_max': None, 'geo_locations': {'location_types': ['home'], 'countries': [u'SA']}, 'genders': [1], 'age_min': 45}",luxury goods,arab_interests,Expats,False,Male,NOTSELECTED,"{u'or': [6007828099136, 6003392552125, 6002991798459, 6003132627317], u'name': u'luxury goods'}",NOTSELECTED,HS,NOTSELECTED,"AND:[OR:[Luxury Goods,Luxury Lifestyle ,Luxury Life ,Luxury ,]]",24500,45+
1910,6f0f0b61-48bc-46eb-87cf-5f650e8cb1c1,c36a604c-423d-4853-b95e-e0bdf288c056,QA,45.0,NOTSELECTED,"{'flexible_spec': [{'interests': [{'id': 6007828099136}, {'id': 6003392552125}, {'id': 6002991798459}, {'id': 6003132627317}]}, {'education_statuses': [3, 7, 8, 9, 11]}], 'age_max': None, 'geo_locations': {'location_types': ['home'], 'countries': [u'QA']}, 'genders': [2], 'age_min': 45}",luxury goods,arab_interests,Expats,False,Female,NOTSELECTED,"{u'or': [6007828099136, 6003392552125, 6002991798459, 6003132627317], u'name': u'luxury goods'}",NOTSELECTED,GRAD,NOTSELECTED,"AND:[OR:[Luxury Goods,Luxury Lifestyle ,Luxury Life ,Luxury ,]]",5500,45+
1911,6f0f0b61-48bc-46eb-87cf-5f650e8cb1c1,c36a604c-423d-4853-b95e-e0bdf288c056,SA,45.0,NOTSELECTED,"{'flexible_spec': [{'interests': [{'id': 6007828099136}, {'id': 6003392552125}, {'id': 6002991798459}, {'id': 6003132627317}]}, {'education_statuses': [3, 7, 8, 9, 11]}], 'age_max': None, 'geo_locations': {'location_types': ['home'], 'countries': [u'SA']}, 'genders': [2], 'age_min': 45}",luxury goods,arab_interests,Expats,False,Female,NOTSELECTED,"{u'or': [6007828099136, 6003392552125, 6002991798459, 6003132627317], u'name': u'luxury goods'}",NOTSELECTED,GRAD,NOTSELECTED,"AND:[OR:[Luxury Goods,Luxury Lifestyle ,Luxury Life ,Luxury ,]]",26000,45+
1912,5577ff3a-9fb5-4eff-a307-4fb6f416c809,c36a604c-423d-4853-b95e-e0bdf288c056,QA,45.0,NOTSELECTED,"{'flexible_spec': [{'interests': [{'id': 6007828099136}, {'id': 6003392552125}, {'id': 6002991798459}, {'id': 6003132627317}]}, {'education_statuses': [1, 12, 13]}], 'age_max': None, 'geo_locations': {'location_types': ['home'], 'countries': [u'QA']}, 'genders': [2], 'age_min': 45}",luxury goods,arab_interests,Expats,False,Female,NOTSELECTED,"{u'or': [6007828099136, 6003392552125, 6002991798459, 6003132627317], u'name': u'luxury goods'}",NOTSELECTED,ND,NOTSELECTED,"AND:[OR:[Luxury Goods,Luxury Lifestyle ,Luxury Life ,Luxury ,]]",4200,45+
1913,5577ff3a-9fb5-4eff-a307-4fb6f416c809,c36a604c-423d-4853-b95e-e0bdf288c056,SA,45.0,NOTSELECTED,"{'flexible_spec': [{'interests': [{'id': 6007828099136}, {'id': 6003392552125}, {'id': 6002991798459}, {'id': 6003132627317}]}, {'education_statuses': [1, 12, 13]}], 'age_max': None, 'geo_locations': {'location_types': ['home'], 'countries': [u'SA']}, 'genders': [2], 'age_min': 45}",luxury goods,arab_interests,Expats,False,Female,NOTSELECTED,"{u'or': [6007828099136, 6003392552125, 6002991798459, 6003132627317], u'name': u'luxury goods'}",NOTSELECTED,ND,NOTSELECTED,"AND:[OR:[Luxury Goods,Luxury Lifestyle ,Luxury Life ,Luxury ,]]",30000,45+
1914,b0a62552-f77e-44ff-84cd-3380cac39bcf,c36a604c-423d-4853-b95e-e0bdf288c056,QA,45.0,NOTSELECTED,"{'flexible_spec': [{'interests': [{'id': 6007828099136}, {'id': 6003392552125}, {'id': 6002991798459}, {'id': 6003132627317}]}, {'education_statuses': [2, 4, 5, 6, 10]}], 'age_max': None, 'geo_locations': {'location_types': ['home'], 'countries': [u'QA']}, 'genders': [2], 'age_min': 45}",luxury goods,arab_interests,Expats,False,Female,NOTSELECTED,"{u'or': [6007828099136, 6003392552125, 6002991798459, 6003132627317], u'name': u'luxury goods'}",NOTSELECTED,HS,NOTSELECTED,"AND:[OR:[Luxury Goods,Luxury Lifestyle ,Luxury Life ,Luxury ,]]",1550,45+
1915,b0a62552-f77e-44ff-84cd-3380cac39bcf,c36a604c-423d-4853-b95e-e0bdf288c056,SA,45.0,NOTSELECTED,"{'flexible_spec': [{'interests': [{'id': 6007828099136}, {'id': 6003392552125}, {'id': 6002991798459}, {'id': 6003132627317}]}, {'education_statuses': [2, 4, 5, 6, 10]}], 'age_max': None, 'geo_locations': {'location_types': ['home'], 'countries': [u'SA']}, 'genders': [2], 'age_min': 45}",luxury goods,arab_interests,Expats,False,Female,NOTSELECTED,"{u'or': [6007828099136, 6003392552125, 6002991798459, 6003132627317], u'name': u'luxury goods'}",NOTSELECTED,HS,NOTSELECTED,"AND:[OR:[Luxury Goods,Luxury Lifestyle ,Luxury Life ,Luxury ,]]",8000,45+
