,ages_ranges,genders,behavior,scholarities,audience,topic,country_code
12852,18-24,1.0,Expats,Graduated,50,Bomb,Alabama
12853,25-44,1.0,Expats,Graduated,180,Bomb,Alabama
12854,45+,1.0,Expats,Graduated,90,Bomb,Alabama
12855,18-24,2.0,Expats,Graduated,80,Bomb,Alabama
12856,25-44,2.0,Expats,Graduated,100,Bomb,Alabama
12857,45+,2.0,Expats,Graduated,30,Bomb,Alabama
12858,18-24,1.0,Expats,No Degree,30,Bomb,Alabama
12859,25-44,1.0,Expats,No Degree,110,Bomb,Alabama
12860,45+,1.0,Expats,No Degree,40,Bomb,Alabama
12861,18-24,2.0,Expats,No Degree,60,Bomb,Alabama
12862,25-44,2.0,Expats,No Degree,70,Bomb,Alabama
12863,45+,2.0,Expats,No Degree,20,Bomb,Alabama
12864,18-24,1.0,Expats,High School,40,Bomb,Alabama
12865,25-44,1.0,Expats,High School,80,Bomb,Alabama
12866,45+,1.0,Expats,High School,40,Bomb,Alabama
12867,18-24,2.0,Expats,High School,110,Bomb,Alabama
12868,25-44,2.0,Expats,High School,70,Bomb,Alabama
12869,45+,2.0,Expats,High School,20,Bomb,Alabama
12870,18-24,1.0,Locals,Graduated,860,Bomb,Alabama
12871,25-44,1.0,Locals,Graduated,5200,Bomb,Alabama
12872,45+,1.0,Locals,Graduated,5300,Bomb,Alabama
12873,18-24,2.0,Locals,Graduated,3400,Bomb,Alabama
12874,25-44,2.0,Locals,Graduated,4300,Bomb,Alabama
12875,45+,2.0,Locals,Graduated,2100,Bomb,Alabama
12876,18-24,1.0,Locals,No Degree,320,Bomb,Alabama
12877,25-44,1.0,Locals,No Degree,970,Bomb,Alabama
12878,45+,1.0,Locals,No Degree,1500,Bomb,Alabama
12879,18-24,2.0,Locals,No Degree,2800,Bomb,Alabama
12880,25-44,2.0,Locals,No Degree,1400,Bomb,Alabama
12881,45+,2.0,Locals,No Degree,880,Bomb,Alabama
12882,18-24,1.0,Locals,High School,1300,Bomb,Alabama
12883,25-44,1.0,Locals,High School,3200,Bomb,Alabama
12884,45+,1.0,Locals,High School,3200,Bomb,Alabama
12885,18-24,2.0,Locals,High School,6600,Bomb,Alabama
12886,25-44,2.0,Locals,High School,3400,Bomb,Alabama
12887,45+,2.0,Locals,High School,1500,Bomb,Alabama
12888,18-24,1.0,Expats,Graduated,20,Bomb,Alaska
12889,25-44,1.0,Expats,Graduated,60,Bomb,Alaska
12890,45+,1.0,Expats,Graduated,30,Bomb,Alaska
12891,18-24,2.0,Expats,Graduated,20,Bomb,Alaska
12892,25-44,2.0,Expats,Graduated,50,Bomb,Alaska
12893,45+,2.0,Expats,Graduated,20,Bomb,Alaska
12894,18-24,1.0,Expats,No Degree,20,Bomb,Alaska
12895,25-44,1.0,Expats,No Degree,20,Bomb,Alaska
12896,45+,1.0,Expats,No Degree,20,Bomb,Alaska
12897,18-24,2.0,Expats,No Degree,20,Bomb,Alaska
12898,25-44,2.0,Expats,No Degree,50,Bomb,Alaska
12899,45+,2.0,Expats,No Degree,20,Bomb,Alaska
12900,18-24,1.0,Expats,High School,20,Bomb,Alaska
12901,25-44,1.0,Expats,High School,40,Bomb,Alaska
12902,45+,1.0,Expats,High School,20,Bomb,Alaska
12903,18-24,2.0,Expats,High School,40,Bomb,Alaska
12904,25-44,2.0,Expats,High School,20,Bomb,Alaska
12905,45+,2.0,Expats,High School,20,Bomb,Alaska
12906,18-24,1.0,Locals,Graduated,210,Bomb,Alaska
12907,25-44,1.0,Locals,Graduated,1100,Bomb,Alaska
12908,45+,1.0,Locals,Graduated,850,Bomb,Alaska
12909,18-24,2.0,Locals,Graduated,340,Bomb,Alaska
12910,25-44,2.0,Locals,Graduated,470,Bomb,Alaska
12911,45+,2.0,Locals,Graduated,260,Bomb,Alaska
12912,18-24,1.0,Locals,No Degree,70,Bomb,Alaska
12913,25-44,1.0,Locals,No Degree,200,Bomb,Alaska
12914,45+,1.0,Locals,No Degree,370,Bomb,Alaska
12915,18-24,2.0,Locals,No Degree,410,Bomb,Alaska
12916,25-44,2.0,Locals,No Degree,140,Bomb,Alaska
12917,45+,2.0,Locals,No Degree,90,Bomb,Alaska
12918,18-24,1.0,Locals,High School,350,Bomb,Alaska
12919,25-44,1.0,Locals,High School,920,Bomb,Alaska
12920,45+,1.0,Locals,High School,720,Bomb,Alaska
12921,18-24,2.0,Locals,High School,740,Bomb,Alaska
12922,25-44,2.0,Locals,High School,460,Bomb,Alaska
12923,45+,2.0,Locals,High School,180,Bomb,Alaska
12924,18-24,1.0,Expats,Graduated,100,Bomb,Arizona
12925,25-44,1.0,Expats,Graduated,480,Bomb,Arizona
12926,45+,1.0,Expats,Graduated,310,Bomb,Arizona
12927,18-24,2.0,Expats,Graduated,240,Bomb,Arizona
12928,25-44,2.0,Expats,Graduated,280,Bomb,Arizona
12929,45+,2.0,Expats,Graduated,120,Bomb,Arizona
12930,18-24,1.0,Expats,No Degree,60,Bomb,Arizona
12931,25-44,1.0,Expats,No Degree,180,Bomb,Arizona
12932,45+,1.0,Expats,No Degree,150,Bomb,Arizona
12933,18-24,2.0,Expats,No Degree,300,Bomb,Arizona
12934,25-44,2.0,Expats,No Degree,140,Bomb,Arizona
12935,45+,2.0,Expats,No Degree,100,Bomb,Arizona
12936,18-24,1.0,Expats,High School,120,Bomb,Arizona
12937,25-44,1.0,Expats,High School,180,Bomb,Arizona
12938,45+,1.0,Expats,High School,130,Bomb,Arizona
12939,18-24,2.0,Expats,High School,390,Bomb,Arizona
12940,25-44,2.0,Expats,High School,140,Bomb,Arizona
12941,45+,2.0,Expats,High School,70,Bomb,Arizona
12942,18-24,1.0,Locals,Graduated,950,Bomb,Arizona
12943,25-44,1.0,Locals,Graduated,5700,Bomb,Arizona
12944,45+,1.0,Locals,Graduated,6500,Bomb,Arizona
12945,18-24,2.0,Locals,Graduated,2300,Bomb,Arizona
12946,25-44,2.0,Locals,Graduated,3300,Bomb,Arizona
12947,45+,2.0,Locals,Graduated,2100,Bomb,Arizona
12948,18-24,1.0,Locals,No Degree,550,Bomb,Arizona
12949,25-44,1.0,Locals,No Degree,1300,Bomb,Arizona
12950,45+,1.0,Locals,No Degree,2000,Bomb,Arizona
12951,18-24,2.0,Locals,No Degree,3300,Bomb,Arizona
12952,25-44,2.0,Locals,No Degree,1100,Bomb,Arizona
12953,45+,2.0,Locals,No Degree,920,Bomb,Arizona
12954,18-24,1.0,Locals,High School,1600,Bomb,Arizona
12955,25-44,1.0,Locals,High School,3600,Bomb,Arizona
12956,45+,1.0,Locals,High School,3500,Bomb,Arizona
12957,18-24,2.0,Locals,High School,5100,Bomb,Arizona
12958,25-44,2.0,Locals,High School,2300,Bomb,Arizona
12959,45+,2.0,Locals,High School,1400,Bomb,Arizona
12960,18-24,1.0,Expats,Graduated,20,Bomb,Arkansas
12961,25-44,1.0,Expats,Graduated,140,Bomb,Arkansas
12962,45+,1.0,Expats,Graduated,60,Bomb,Arkansas
12963,18-24,2.0,Expats,Graduated,20,Bomb,Arkansas
12964,25-44,2.0,Expats,Graduated,30,Bomb,Arkansas
12965,45+,2.0,Expats,Graduated,20,Bomb,Arkansas
12966,18-24,1.0,Expats,No Degree,20,Bomb,Arkansas
12967,25-44,1.0,Expats,No Degree,50,Bomb,Arkansas
12968,45+,1.0,Expats,No Degree,40,Bomb,Arkansas
12969,18-24,2.0,Expats,No Degree,20,Bomb,Arkansas
12970,25-44,2.0,Expats,No Degree,40,Bomb,Arkansas
12971,45+,2.0,Expats,No Degree,20,Bomb,Arkansas
12972,18-24,1.0,Expats,High School,30,Bomb,Arkansas
12973,25-44,1.0,Expats,High School,70,Bomb,Arkansas
12974,45+,1.0,Expats,High School,20,Bomb,Arkansas
12975,18-24,2.0,Expats,High School,100,Bomb,Arkansas
12976,25-44,2.0,Expats,High School,50,Bomb,Arkansas
12977,45+,2.0,Expats,High School,20,Bomb,Arkansas
12978,18-24,1.0,Locals,Graduated,490,Bomb,Arkansas
12979,25-44,1.0,Locals,Graduated,3100,Bomb,Arkansas
12980,45+,1.0,Locals,Graduated,3300,Bomb,Arkansas
12981,18-24,2.0,Locals,Graduated,1800,Bomb,Arkansas
12982,25-44,2.0,Locals,Graduated,2500,Bomb,Arkansas
12983,45+,2.0,Locals,Graduated,1100,Bomb,Arkansas
12984,18-24,1.0,Locals,No Degree,200,Bomb,Arkansas
12985,25-44,1.0,Locals,No Degree,500,Bomb,Arkansas
12986,45+,1.0,Locals,No Degree,900,Bomb,Arkansas
12987,18-24,2.0,Locals,No Degree,1400,Bomb,Arkansas
12988,25-44,2.0,Locals,No Degree,820,Bomb,Arkansas
12989,45+,2.0,Locals,No Degree,560,Bomb,Arkansas
12990,18-24,1.0,Locals,High School,720,Bomb,Arkansas
12991,25-44,1.0,Locals,High School,2400,Bomb,Arkansas
12992,45+,1.0,Locals,High School,2100,Bomb,Arkansas
12993,18-24,2.0,Locals,High School,3400,Bomb,Arkansas
12994,25-44,2.0,Locals,High School,1900,Bomb,Arkansas
12995,45+,2.0,Locals,High School,900,Bomb,Arkansas
12996,18-24,1.0,Expats,Graduated,1100,Bomb,California
12997,25-44,1.0,Expats,Graduated,4400,Bomb,California
12998,45+,1.0,Expats,Graduated,2400,Bomb,California
12999,18-24,2.0,Expats,Graduated,1200,Bomb,California
13000,25-44,2.0,Expats,Graduated,2900,Bomb,California
13001,45+,2.0,Expats,Graduated,990,Bomb,California
13002,18-24,1.0,Expats,No Degree,510,Bomb,California
13003,25-44,1.0,Expats,No Degree,2000,Bomb,California
13004,45+,1.0,Expats,No Degree,1400,Bomb,California
13005,18-24,2.0,Expats,No Degree,1000,Bomb,California
13006,25-44,2.0,Expats,No Degree,1100,Bomb,California
13007,45+,2.0,Expats,No Degree,910,Bomb,California
13008,18-24,1.0,Expats,High School,900,Bomb,California
13009,25-44,1.0,Expats,High School,1800,Bomb,California
13010,45+,1.0,Expats,High School,950,Bomb,California
13011,18-24,2.0,Expats,High School,2000,Bomb,California
13012,25-44,2.0,Expats,High School,1200,Bomb,California
13013,45+,2.0,Expats,High School,420,Bomb,California
13014,18-24,1.0,Locals,Graduated,4700,Bomb,California
13015,25-44,1.0,Locals,Graduated,25000,Bomb,California
13016,45+,1.0,Locals,Graduated,20000,Bomb,California
13017,18-24,2.0,Locals,Graduated,8500,Bomb,California
13018,25-44,2.0,Locals,Graduated,15000,Bomb,California
13019,45+,2.0,Locals,Graduated,6800,Bomb,California
13020,18-24,1.0,Locals,No Degree,1900,Bomb,California
13021,25-44,1.0,Locals,No Degree,5900,Bomb,California
13022,45+,1.0,Locals,No Degree,7400,Bomb,California
13023,18-24,2.0,Locals,No Degree,8400,Bomb,California
13024,25-44,2.0,Locals,No Degree,4800,Bomb,California
13025,45+,2.0,Locals,No Degree,3500,Bomb,California
13026,18-24,1.0,Locals,High School,7300,Bomb,California
13027,25-44,1.0,Locals,High School,14000,Bomb,California
13028,45+,1.0,Locals,High School,11000,Bomb,California
13029,18-24,2.0,Locals,High School,18000,Bomb,California
13030,25-44,2.0,Locals,High School,8500,Bomb,California
13031,45+,2.0,Locals,High School,4300,Bomb,California
13032,18-24,1.0,Expats,Graduated,110,Bomb,Colorado
13033,25-44,1.0,Expats,Graduated,420,Bomb,Colorado
13034,45+,1.0,Expats,Graduated,190,Bomb,Colorado
13035,18-24,2.0,Expats,Graduated,210,Bomb,Colorado
13036,25-44,2.0,Expats,Graduated,230,Bomb,Colorado
13037,45+,2.0,Expats,Graduated,70,Bomb,Colorado
13038,18-24,1.0,Expats,No Degree,50,Bomb,Colorado
13039,25-44,1.0,Expats,No Degree,180,Bomb,Colorado
13040,45+,1.0,Expats,No Degree,70,Bomb,Colorado
13041,18-24,2.0,Expats,No Degree,300,Bomb,Colorado
13042,25-44,2.0,Expats,No Degree,120,Bomb,Colorado
13043,45+,2.0,Expats,No Degree,60,Bomb,Colorado
13044,18-24,1.0,Expats,High School,150,Bomb,Colorado
13045,25-44,1.0,Expats,High School,190,Bomb,Colorado
13046,45+,1.0,Expats,High School,70,Bomb,Colorado
13047,18-24,2.0,Expats,High School,360,Bomb,Colorado
13048,25-44,2.0,Expats,High School,150,Bomb,Colorado
13049,45+,2.0,Expats,High School,30,Bomb,Colorado
13050,18-24,1.0,Locals,Graduated,1100,Bomb,Colorado
13051,25-44,1.0,Locals,Graduated,7100,Bomb,Colorado
13052,45+,1.0,Locals,Graduated,5100,Bomb,Colorado
13053,18-24,2.0,Locals,Graduated,2200,Bomb,Colorado
13054,25-44,2.0,Locals,Graduated,3900,Bomb,Colorado
13055,45+,2.0,Locals,Graduated,1700,Bomb,Colorado
13056,18-24,1.0,Locals,No Degree,540,Bomb,Colorado
13057,25-44,1.0,Locals,No Degree,1400,Bomb,Colorado
13058,45+,1.0,Locals,No Degree,1400,Bomb,Colorado
13059,18-24,2.0,Locals,No Degree,3400,Bomb,Colorado
13060,25-44,2.0,Locals,No Degree,1100,Bomb,Colorado
13061,45+,2.0,Locals,No Degree,660,Bomb,Colorado
13062,18-24,1.0,Locals,High School,1900,Bomb,Colorado
13063,25-44,1.0,Locals,High School,4000,Bomb,Colorado
13064,45+,1.0,Locals,High School,2600,Bomb,Colorado
13065,18-24,2.0,Locals,High School,5200,Bomb,Colorado
13066,25-44,2.0,Locals,High School,2300,Bomb,Colorado
13067,45+,2.0,Locals,High School,1100,Bomb,Colorado
13068,18-24,1.0,Expats,Graduated,80,Bomb,Connecticut
13069,25-44,1.0,Expats,Graduated,530,Bomb,Connecticut
13070,45+,1.0,Expats,Graduated,280,Bomb,Connecticut
13071,18-24,2.0,Expats,Graduated,110,Bomb,Connecticut
13072,25-44,2.0,Expats,Graduated,200,Bomb,Connecticut
13073,45+,2.0,Expats,Graduated,70,Bomb,Connecticut
13074,18-24,1.0,Expats,No Degree,70,Bomb,Connecticut
13075,25-44,1.0,Expats,No Degree,250,Bomb,Connecticut
13076,45+,1.0,Expats,No Degree,80,Bomb,Connecticut
13077,18-24,2.0,Expats,No Degree,190,Bomb,Connecticut
13078,25-44,2.0,Expats,No Degree,100,Bomb,Connecticut
13079,45+,2.0,Expats,No Degree,50,Bomb,Connecticut
13080,18-24,1.0,Expats,High School,100,Bomb,Connecticut
13081,25-44,1.0,Expats,High School,140,Bomb,Connecticut
13082,45+,1.0,Expats,High School,60,Bomb,Connecticut
13083,18-24,2.0,Expats,High School,210,Bomb,Connecticut
13084,25-44,2.0,Expats,High School,150,Bomb,Connecticut
13085,45+,2.0,Expats,High School,20,Bomb,Connecticut
13086,18-24,1.0,Locals,Graduated,620,Bomb,Connecticut
13087,25-44,1.0,Locals,Graduated,3500,Bomb,Connecticut
13088,45+,1.0,Locals,Graduated,2600,Bomb,Connecticut
13089,18-24,2.0,Locals,Graduated,1100,Bomb,Connecticut
13090,25-44,2.0,Locals,Graduated,1900,Bomb,Connecticut
13091,45+,2.0,Locals,Graduated,1000,Bomb,Connecticut
13092,18-24,1.0,Locals,No Degree,220,Bomb,Connecticut
13093,25-44,1.0,Locals,No Degree,580,Bomb,Connecticut
13094,45+,1.0,Locals,No Degree,760,Bomb,Connecticut
13095,18-24,2.0,Locals,No Degree,1000,Bomb,Connecticut
13096,25-44,2.0,Locals,No Degree,450,Bomb,Connecticut
13097,45+,2.0,Locals,No Degree,300,Bomb,Connecticut
13098,18-24,1.0,Locals,High School,780,Bomb,Connecticut
13099,25-44,1.0,Locals,High School,1700,Bomb,Connecticut
13100,45+,1.0,Locals,High School,1600,Bomb,Connecticut
13101,18-24,2.0,Locals,High School,2200,Bomb,Connecticut
13102,25-44,2.0,Locals,High School,930,Bomb,Connecticut
13103,45+,2.0,Locals,High School,490,Bomb,Connecticut
13104,18-24,1.0,Expats,Graduated,20,Bomb,Delaware
13105,25-44,1.0,Expats,Graduated,50,Bomb,Delaware
13106,45+,1.0,Expats,Graduated,40,Bomb,Delaware
13107,18-24,2.0,Expats,Graduated,40,Bomb,Delaware
13108,25-44,2.0,Expats,Graduated,30,Bomb,Delaware
13109,45+,2.0,Expats,Graduated,20,Bomb,Delaware
13110,18-24,1.0,Expats,No Degree,20,Bomb,Delaware
13111,25-44,1.0,Expats,No Degree,40,Bomb,Delaware
13112,45+,1.0,Expats,No Degree,20,Bomb,Delaware
13113,18-24,2.0,Expats,No Degree,20,Bomb,Delaware
13114,25-44,2.0,Expats,No Degree,20,Bomb,Delaware
13115,45+,2.0,Expats,No Degree,40,Bomb,Delaware
13116,18-24,1.0,Expats,High School,20,Bomb,Delaware
13117,25-44,1.0,Expats,High School,20,Bomb,Delaware
13118,45+,1.0,Expats,High School,20,Bomb,Delaware
13119,18-24,2.0,Expats,High School,30,Bomb,Delaware
13120,25-44,2.0,Expats,High School,20,Bomb,Delaware
13121,45+,2.0,Expats,High School,20,Bomb,Delaware
13122,18-24,1.0,Locals,Graduated,120,Bomb,Delaware
13123,25-44,1.0,Locals,Graduated,810,Bomb,Delaware
13124,45+,1.0,Locals,Graduated,640,Bomb,Delaware
13125,18-24,2.0,Locals,Graduated,340,Bomb,Delaware
13126,25-44,2.0,Locals,Graduated,670,Bomb,Delaware
13127,45+,2.0,Locals,Graduated,240,Bomb,Delaware
13128,18-24,1.0,Locals,No Degree,60,Bomb,Delaware
13129,25-44,1.0,Locals,No Degree,180,Bomb,Delaware
13130,45+,1.0,Locals,No Degree,270,Bomb,Delaware
13131,18-24,2.0,Locals,No Degree,330,Bomb,Delaware
13132,25-44,2.0,Locals,No Degree,150,Bomb,Delaware
13133,45+,2.0,Locals,No Degree,130,Bomb,Delaware
13134,18-24,1.0,Locals,High School,200,Bomb,Delaware
13135,25-44,1.0,Locals,High School,540,Bomb,Delaware
13136,45+,1.0,Locals,High School,500,Bomb,Delaware
13137,18-24,2.0,Locals,High School,630,Bomb,Delaware
13138,25-44,2.0,Locals,High School,340,Bomb,Delaware
13139,45+,2.0,Locals,High School,170,Bomb,Delaware
13140,18-24,1.0,Expats,Graduated,40,Bomb,District of Columbia
13141,25-44,1.0,Expats,Graduated,210,Bomb,District of Columbia
13142,45+,1.0,Expats,Graduated,50,Bomb,District of Columbia
13143,18-24,2.0,Expats,Graduated,50,Bomb,District of Columbia
13144,25-44,2.0,Expats,Graduated,170,Bomb,District of Columbia
13145,45+,2.0,Expats,Graduated,40,Bomb,District of Columbia
13146,18-24,1.0,Expats,No Degree,20,Bomb,District of Columbia
13147,25-44,1.0,Expats,No Degree,90,Bomb,District of Columbia
13148,45+,1.0,Expats,No Degree,20,Bomb,District of Columbia
13149,18-24,2.0,Expats,No Degree,20,Bomb,District of Columbia
13150,25-44,2.0,Expats,No Degree,20,Bomb,District of Columbia
13151,45+,2.0,Expats,No Degree,20,Bomb,District of Columbia
13152,18-24,1.0,Expats,High School,20,Bomb,District of Columbia
13153,25-44,1.0,Expats,High School,60,Bomb,District of Columbia
13154,45+,1.0,Expats,High School,20,Bomb,District of Columbia
13155,18-24,2.0,Expats,High School,30,Bomb,District of Columbia
13156,25-44,2.0,Expats,High School,20,Bomb,District of Columbia
13157,45+,2.0,Expats,High School,20,Bomb,District of Columbia
13158,18-24,1.0,Locals,Graduated,380,Bomb,District of Columbia
13159,25-44,1.0,Locals,Graduated,1200,Bomb,District of Columbia
13160,45+,1.0,Locals,Graduated,280,Bomb,District of Columbia
13161,18-24,2.0,Locals,Graduated,210,Bomb,District of Columbia
13162,25-44,2.0,Locals,Graduated,660,Bomb,District of Columbia
13163,45+,2.0,Locals,Graduated,100,Bomb,District of Columbia
13164,18-24,1.0,Locals,No Degree,20,Bomb,District of Columbia
13165,25-44,1.0,Locals,No Degree,130,Bomb,District of Columbia
13166,45+,1.0,Locals,No Degree,70,Bomb,District of Columbia
13167,18-24,2.0,Locals,No Degree,60,Bomb,District of Columbia
13168,25-44,2.0,Locals,No Degree,80,Bomb,District of Columbia
13169,45+,2.0,Locals,No Degree,20,Bomb,District of Columbia
13170,18-24,1.0,Locals,High School,270,Bomb,District of Columbia
13171,25-44,1.0,Locals,High School,310,Bomb,District of Columbia
13172,45+,1.0,Locals,High School,90,Bomb,District of Columbia
13173,18-24,2.0,Locals,High School,240,Bomb,District of Columbia
13174,25-44,2.0,Locals,High School,210,Bomb,District of Columbia
13175,45+,2.0,Locals,High School,20,Bomb,District of Columbia
13176,18-24,1.0,Expats,Graduated,720,Bomb,Florida
13177,25-44,1.0,Expats,Graduated,3300,Bomb,Florida
13178,45+,1.0,Expats,Graduated,1800,Bomb,Florida
13179,18-24,2.0,Expats,Graduated,910,Bomb,Florida
13180,25-44,2.0,Expats,Graduated,2200,Bomb,Florida
13181,45+,2.0,Expats,Graduated,920,Bomb,Florida
13182,18-24,1.0,Expats,No Degree,410,Bomb,Florida
13183,25-44,1.0,Expats,No Degree,1600,Bomb,Florida
13184,45+,1.0,Expats,No Degree,940,Bomb,Florida
13185,18-24,2.0,Expats,No Degree,800,Bomb,Florida
13186,25-44,2.0,Expats,No Degree,1000,Bomb,Florida
13187,45+,2.0,Expats,No Degree,710,Bomb,Florida
13188,18-24,1.0,Expats,High School,650,Bomb,Florida
13189,25-44,1.0,Expats,High School,1600,Bomb,Florida
13190,45+,1.0,Expats,High School,750,Bomb,Florida
13191,18-24,2.0,Expats,High School,1400,Bomb,Florida
13192,25-44,2.0,Expats,High School,1000,Bomb,Florida
13193,45+,2.0,Expats,High School,420,Bomb,Florida
13194,18-24,1.0,Locals,Graduated,2600,Bomb,Florida
13195,25-44,1.0,Locals,Graduated,16000,Bomb,Florida
13196,45+,1.0,Locals,Graduated,17000,Bomb,Florida
13197,18-24,2.0,Locals,Graduated,6000,Bomb,Florida
13198,25-44,2.0,Locals,Graduated,9600,Bomb,Florida
13199,45+,2.0,Locals,Graduated,6200,Bomb,Florida
13200,18-24,1.0,Locals,No Degree,1100,Bomb,Florida
13201,25-44,1.0,Locals,No Degree,3200,Bomb,Florida
13202,45+,1.0,Locals,No Degree,5200,Bomb,Florida
13203,18-24,2.0,Locals,No Degree,6200,Bomb,Florida
13204,25-44,2.0,Locals,No Degree,2900,Bomb,Florida
13205,45+,2.0,Locals,No Degree,2700,Bomb,Florida
13206,18-24,1.0,Locals,High School,3700,Bomb,Florida
13207,25-44,1.0,Locals,High School,9300,Bomb,Florida
13208,45+,1.0,Locals,High School,10000,Bomb,Florida
13209,18-24,2.0,Locals,High School,12000,Bomb,Florida
13210,25-44,2.0,Locals,High School,6400,Bomb,Florida
13211,45+,2.0,Locals,High School,4500,Bomb,Florida
13212,18-24,1.0,Expats,Graduated,210,Bomb,Georgia
13213,25-44,1.0,Expats,Graduated,960,Bomb,Georgia
13214,45+,1.0,Expats,Graduated,420,Bomb,Georgia
13215,18-24,2.0,Expats,Graduated,280,Bomb,Georgia
13216,25-44,2.0,Expats,Graduated,610,Bomb,Georgia
13217,45+,2.0,Expats,Graduated,180,Bomb,Georgia
13218,18-24,1.0,Expats,No Degree,150,Bomb,Georgia
13219,25-44,1.0,Expats,No Degree,590,Bomb,Georgia
13220,45+,1.0,Expats,No Degree,200,Bomb,Georgia
13221,18-24,2.0,Expats,No Degree,260,Bomb,Georgia
13222,25-44,2.0,Expats,No Degree,290,Bomb,Georgia
13223,45+,2.0,Expats,No Degree,130,Bomb,Georgia
13224,18-24,1.0,Expats,High School,230,Bomb,Georgia
13225,25-44,1.0,Expats,High School,410,Bomb,Georgia
13226,45+,1.0,Expats,High School,150,Bomb,Georgia
13227,18-24,2.0,Expats,High School,470,Bomb,Georgia
13228,25-44,2.0,Expats,High School,270,Bomb,Georgia
13229,45+,2.0,Expats,High School,70,Bomb,Georgia
13230,18-24,1.0,Locals,Graduated,1600,Bomb,Georgia
13231,25-44,1.0,Locals,Graduated,9500,Bomb,Georgia
13232,45+,1.0,Locals,Graduated,9300,Bomb,Georgia
13233,18-24,2.0,Locals,Graduated,4700,Bomb,Georgia
13234,25-44,2.0,Locals,Graduated,7400,Bomb,Georgia
13235,45+,2.0,Locals,Graduated,3400,Bomb,Georgia
13236,18-24,1.0,Locals,No Degree,590,Bomb,Georgia
13237,25-44,1.0,Locals,No Degree,1800,Bomb,Georgia
13238,45+,1.0,Locals,No Degree,2500,Bomb,Georgia
13239,18-24,2.0,Locals,No Degree,3900,Bomb,Georgia
13240,25-44,2.0,Locals,No Degree,2200,Bomb,Georgia
13241,45+,2.0,Locals,No Degree,1500,Bomb,Georgia
13242,18-24,1.0,Locals,High School,2100,Bomb,Georgia
13243,25-44,1.0,Locals,High School,5500,Bomb,Georgia
13244,45+,1.0,Locals,High School,5100,Bomb,Georgia
13245,18-24,2.0,Locals,High School,9000,Bomb,Georgia
13246,25-44,2.0,Locals,High School,5000,Bomb,Georgia
13247,45+,2.0,Locals,High School,2400,Bomb,Georgia
13248,18-24,1.0,Expats,Graduated,40,Bomb,Hawaii
13249,25-44,1.0,Expats,Graduated,160,Bomb,Hawaii
13250,45+,1.0,Expats,Graduated,90,Bomb,Hawaii
13251,18-24,2.0,Expats,Graduated,20,Bomb,Hawaii
13252,25-44,2.0,Expats,Graduated,40,Bomb,Hawaii
13253,45+,2.0,Expats,Graduated,20,Bomb,Hawaii
13254,18-24,1.0,Expats,No Degree,20,Bomb,Hawaii
13255,25-44,1.0,Expats,No Degree,50,Bomb,Hawaii
13256,45+,1.0,Expats,No Degree,140,Bomb,Hawaii
13257,18-24,2.0,Expats,No Degree,60,Bomb,Hawaii
13258,25-44,2.0,Expats,No Degree,50,Bomb,Hawaii
13259,45+,2.0,Expats,No Degree,30,Bomb,Hawaii
13260,18-24,1.0,Expats,High School,20,Bomb,Hawaii
13261,25-44,1.0,Expats,High School,60,Bomb,Hawaii
13262,45+,1.0,Expats,High School,60,Bomb,Hawaii
13263,18-24,2.0,Expats,High School,170,Bomb,Hawaii
13264,25-44,2.0,Expats,High School,20,Bomb,Hawaii
13265,45+,2.0,Expats,High School,20,Bomb,Hawaii
13266,18-24,1.0,Locals,Graduated,260,Bomb,Hawaii
13267,25-44,1.0,Locals,Graduated,1700,Bomb,Hawaii
13268,45+,1.0,Locals,Graduated,700,Bomb,Hawaii
13269,18-24,2.0,Locals,Graduated,190,Bomb,Hawaii
13270,25-44,2.0,Locals,Graduated,470,Bomb,Hawaii
13271,45+,2.0,Locals,Graduated,260,Bomb,Hawaii
13272,18-24,1.0,Locals,No Degree,150,Bomb,Hawaii
13273,25-44,1.0,Locals,No Degree,240,Bomb,Hawaii
13274,45+,1.0,Locals,No Degree,230,Bomb,Hawaii
13275,18-24,2.0,Locals,No Degree,180,Bomb,Hawaii
13276,25-44,2.0,Locals,No Degree,130,Bomb,Hawaii
13277,45+,2.0,Locals,No Degree,80,Bomb,Hawaii
13278,18-24,1.0,Locals,High School,580,Bomb,Hawaii
13279,25-44,1.0,Locals,High School,820,Bomb,Hawaii
13280,45+,1.0,Locals,High School,430,Bomb,Hawaii
13281,18-24,2.0,Locals,High School,570,Bomb,Hawaii
13282,25-44,2.0,Locals,High School,250,Bomb,Hawaii
13283,45+,2.0,Locals,High School,90,Bomb,Hawaii
13284,18-24,1.0,Expats,Graduated,20,Bomb,Idaho
13285,25-44,1.0,Expats,Graduated,40,Bomb,Idaho
13286,45+,1.0,Expats,Graduated,30,Bomb,Idaho
13287,18-24,2.0,Expats,Graduated,40,Bomb,Idaho
13288,25-44,2.0,Expats,Graduated,30,Bomb,Idaho
13289,45+,2.0,Expats,Graduated,30,Bomb,Idaho
13290,18-24,1.0,Expats,No Degree,20,Bomb,Idaho
13291,25-44,1.0,Expats,No Degree,20,Bomb,Idaho
13292,45+,1.0,Expats,No Degree,20,Bomb,Idaho
13293,18-24,2.0,Expats,No Degree,30,Bomb,Idaho
13294,25-44,2.0,Expats,No Degree,20,Bomb,Idaho
13295,45+,2.0,Expats,No Degree,20,Bomb,Idaho
13296,18-24,1.0,Expats,High School,20,Bomb,Idaho
13297,25-44,1.0,Expats,High School,30,Bomb,Idaho
13298,45+,1.0,Expats,High School,20,Bomb,Idaho
13299,18-24,2.0,Expats,High School,40,Bomb,Idaho
13300,25-44,2.0,Expats,High School,20,Bomb,Idaho
13301,45+,2.0,Expats,High School,20,Bomb,Idaho
13302,18-24,1.0,Locals,Graduated,370,Bomb,Idaho
13303,25-44,1.0,Locals,Graduated,1900,Bomb,Idaho
13304,45+,1.0,Locals,Graduated,2100,Bomb,Idaho
13305,18-24,2.0,Locals,Graduated,980,Bomb,Idaho
13306,25-44,2.0,Locals,Graduated,920,Bomb,Idaho
13307,45+,2.0,Locals,Graduated,710,Bomb,Idaho
13308,18-24,1.0,Locals,No Degree,180,Bomb,Idaho
13309,25-44,1.0,Locals,No Degree,440,Bomb,Idaho
13310,45+,1.0,Locals,No Degree,500,Bomb,Idaho
13311,18-24,2.0,Locals,No Degree,1100,Bomb,Idaho
13312,25-44,2.0,Locals,No Degree,370,Bomb,Idaho
13313,45+,2.0,Locals,No Degree,250,Bomb,Idaho
13314,18-24,1.0,Locals,High School,690,Bomb,Idaho
13315,25-44,1.0,Locals,High School,1300,Bomb,Idaho
13316,45+,1.0,Locals,High School,910,Bomb,Idaho
13317,18-24,2.0,Locals,High School,2100,Bomb,Idaho
13318,25-44,2.0,Locals,High School,970,Bomb,Idaho
13319,45+,2.0,Locals,High School,540,Bomb,Idaho
13320,18-24,1.0,Expats,Graduated,220,Bomb,Illinois
13321,25-44,1.0,Expats,Graduated,1200,Bomb,Illinois
13322,45+,1.0,Expats,Graduated,470,Bomb,Illinois
13323,18-24,2.0,Expats,Graduated,390,Bomb,Illinois
13324,25-44,2.0,Expats,Graduated,700,Bomb,Illinois
13325,45+,2.0,Expats,Graduated,190,Bomb,Illinois
13326,18-24,1.0,Expats,No Degree,90,Bomb,Illinois
13327,25-44,1.0,Expats,No Degree,540,Bomb,Illinois
13328,45+,1.0,Expats,No Degree,260,Bomb,Illinois
13329,18-24,2.0,Expats,No Degree,440,Bomb,Illinois
13330,25-44,2.0,Expats,No Degree,300,Bomb,Illinois
13331,45+,2.0,Expats,No Degree,170,Bomb,Illinois
13332,18-24,1.0,Expats,High School,270,Bomb,Illinois
13333,25-44,1.0,Expats,High School,460,Bomb,Illinois
13334,45+,1.0,Expats,High School,210,Bomb,Illinois
13335,18-24,2.0,Expats,High School,660,Bomb,Illinois
13336,25-44,2.0,Expats,High School,310,Bomb,Illinois
13337,45+,2.0,Expats,High School,60,Bomb,Illinois
13338,18-24,1.0,Locals,Graduated,2300,Bomb,Illinois
13339,25-44,1.0,Locals,Graduated,13000,Bomb,Illinois
13340,45+,1.0,Locals,Graduated,10000,Bomb,Illinois
13341,18-24,2.0,Locals,Graduated,6300,Bomb,Illinois
13342,25-44,2.0,Locals,Graduated,8400,Bomb,Illinois
13343,45+,2.0,Locals,Graduated,3900,Bomb,Illinois
13344,18-24,1.0,Locals,No Degree,830,Bomb,Illinois
13345,25-44,1.0,Locals,No Degree,2300,Bomb,Illinois
13346,45+,1.0,Locals,No Degree,3000,Bomb,Illinois
13347,18-24,2.0,Locals,No Degree,6500,Bomb,Illinois
13348,25-44,2.0,Locals,No Degree,2500,Bomb,Illinois
13349,45+,2.0,Locals,No Degree,1500,Bomb,Illinois
13350,18-24,1.0,Locals,High School,3100,Bomb,Illinois
13351,25-44,1.0,Locals,High School,6700,Bomb,Illinois
13352,45+,1.0,Locals,High School,6100,Bomb,Illinois
13353,18-24,2.0,Locals,High School,12000,Bomb,Illinois
13354,25-44,2.0,Locals,High School,5000,Bomb,Illinois
13355,45+,2.0,Locals,High School,2700,Bomb,Illinois
13356,18-24,1.0,Expats,Graduated,70,Bomb,Indiana
13357,25-44,1.0,Expats,Graduated,350,Bomb,Indiana
13358,45+,1.0,Expats,Graduated,150,Bomb,Indiana
13359,18-24,2.0,Expats,Graduated,100,Bomb,Indiana
13360,25-44,2.0,Expats,Graduated,190,Bomb,Indiana
13361,45+,2.0,Expats,Graduated,40,Bomb,Indiana
13362,18-24,1.0,Expats,No Degree,50,Bomb,Indiana
13363,25-44,1.0,Expats,No Degree,150,Bomb,Indiana
13364,45+,1.0,Expats,No Degree,50,Bomb,Indiana
13365,18-24,2.0,Expats,No Degree,130,Bomb,Indiana
13366,25-44,2.0,Expats,No Degree,80,Bomb,Indiana
13367,45+,2.0,Expats,No Degree,30,Bomb,Indiana
13368,18-24,1.0,Expats,High School,90,Bomb,Indiana
13369,25-44,1.0,Expats,High School,130,Bomb,Indiana
13370,45+,1.0,Expats,High School,40,Bomb,Indiana
13371,18-24,2.0,Expats,High School,200,Bomb,Indiana
13372,25-44,2.0,Expats,High School,90,Bomb,Indiana
13373,45+,2.0,Expats,High School,20,Bomb,Indiana
13374,18-24,1.0,Locals,Graduated,1300,Bomb,Indiana
13375,25-44,1.0,Locals,Graduated,7900,Bomb,Indiana
13376,45+,1.0,Locals,Graduated,7300,Bomb,Indiana
13377,18-24,2.0,Locals,Graduated,4000,Bomb,Indiana
13378,25-44,2.0,Locals,Graduated,5400,Bomb,Indiana
13379,45+,2.0,Locals,Graduated,2600,Bomb,Indiana
13380,18-24,1.0,Locals,No Degree,510,Bomb,Indiana
13381,25-44,1.0,Locals,No Degree,1300,Bomb,Indiana
13382,45+,1.0,Locals,No Degree,2100,Bomb,Indiana
13383,18-24,2.0,Locals,No Degree,3900,Bomb,Indiana
13384,25-44,2.0,Locals,No Degree,1500,Bomb,Indiana
13385,45+,2.0,Locals,No Degree,1000,Bomb,Indiana
13386,18-24,1.0,Locals,High School,2000,Bomb,Indiana
13387,25-44,1.0,Locals,High School,5100,Bomb,Indiana
13388,45+,1.0,Locals,High School,5200,Bomb,Indiana
13389,18-24,2.0,Locals,High School,8700,Bomb,Indiana
13390,25-44,2.0,Locals,High School,4100,Bomb,Indiana
13391,45+,2.0,Locals,High School,2300,Bomb,Indiana
13392,18-24,1.0,Expats,Graduated,30,Bomb,Iowa
13393,25-44,1.0,Expats,Graduated,140,Bomb,Iowa
13394,45+,1.0,Expats,Graduated,90,Bomb,Iowa
13395,18-24,2.0,Expats,Graduated,50,Bomb,Iowa
13396,25-44,2.0,Expats,Graduated,90,Bomb,Iowa
13397,45+,2.0,Expats,Graduated,30,Bomb,Iowa
13398,18-24,1.0,Expats,No Degree,20,Bomb,Iowa
13399,25-44,1.0,Expats,No Degree,60,Bomb,Iowa
13400,45+,1.0,Expats,No Degree,20,Bomb,Iowa
13401,18-24,2.0,Expats,No Degree,30,Bomb,Iowa
13402,25-44,2.0,Expats,No Degree,40,Bomb,Iowa
13403,45+,2.0,Expats,No Degree,20,Bomb,Iowa
13404,18-24,1.0,Expats,High School,40,Bomb,Iowa
13405,25-44,1.0,Expats,High School,60,Bomb,Iowa
13406,45+,1.0,Expats,High School,20,Bomb,Iowa
13407,18-24,2.0,Expats,High School,150,Bomb,Iowa
13408,25-44,2.0,Expats,High School,40,Bomb,Iowa
13409,45+,2.0,Expats,High School,20,Bomb,Iowa
13410,18-24,1.0,Locals,Graduated,640,Bomb,Iowa
13411,25-44,1.0,Locals,Graduated,4800,Bomb,Iowa
13412,45+,1.0,Locals,Graduated,3400,Bomb,Iowa
13413,18-24,2.0,Locals,Graduated,2000,Bomb,Iowa
13414,25-44,2.0,Locals,Graduated,2600,Bomb,Iowa
13415,45+,2.0,Locals,Graduated,1200,Bomb,Iowa
13416,18-24,1.0,Locals,No Degree,150,Bomb,Iowa
13417,25-44,1.0,Locals,No Degree,660,Bomb,Iowa
13418,45+,1.0,Locals,No Degree,1300,Bomb,Iowa
13419,18-24,2.0,Locals,No Degree,1900,Bomb,Iowa
13420,25-44,2.0,Locals,No Degree,570,Bomb,Iowa
13421,45+,2.0,Locals,No Degree,440,Bomb,Iowa
13422,18-24,1.0,Locals,High School,1200,Bomb,Iowa
13423,25-44,1.0,Locals,High School,2500,Bomb,Iowa
13424,45+,1.0,Locals,High School,2500,Bomb,Iowa
13425,18-24,2.0,Locals,High School,4300,Bomb,Iowa
13426,25-44,2.0,Locals,High School,1800,Bomb,Iowa
13427,45+,2.0,Locals,High School,900,Bomb,Iowa
13428,18-24,1.0,Expats,Graduated,70,Bomb,Kansas
13429,25-44,1.0,Expats,Graduated,170,Bomb,Kansas
13430,45+,1.0,Expats,Graduated,60,Bomb,Kansas
13431,18-24,2.0,Expats,Graduated,30,Bomb,Kansas
13432,25-44,2.0,Expats,Graduated,60,Bomb,Kansas
13433,45+,2.0,Expats,Graduated,20,Bomb,Kansas
13434,18-24,1.0,Expats,No Degree,20,Bomb,Kansas
13435,25-44,1.0,Expats,No Degree,70,Bomb,Kansas
13436,45+,1.0,Expats,No Degree,20,Bomb,Kansas
13437,18-24,2.0,Expats,No Degree,80,Bomb,Kansas
13438,25-44,2.0,Expats,No Degree,20,Bomb,Kansas
13439,45+,2.0,Expats,No Degree,30,Bomb,Kansas
13440,18-24,1.0,Expats,High School,40,Bomb,Kansas
13441,25-44,1.0,Expats,High School,50,Bomb,Kansas
13442,45+,1.0,Expats,High School,20,Bomb,Kansas
13443,18-24,2.0,Expats,High School,210,Bomb,Kansas
13444,25-44,2.0,Expats,High School,80,Bomb,Kansas
13445,45+,2.0,Expats,High School,20,Bomb,Kansas
13446,18-24,1.0,Locals,Graduated,630,Bomb,Kansas
13447,25-44,1.0,Locals,Graduated,4200,Bomb,Kansas
13448,45+,1.0,Locals,Graduated,3900,Bomb,Kansas
13449,18-24,2.0,Locals,Graduated,1700,Bomb,Kansas
13450,25-44,2.0,Locals,Graduated,2500,Bomb,Kansas
13451,45+,2.0,Locals,Graduated,1300,Bomb,Kansas
13452,18-24,1.0,Locals,No Degree,230,Bomb,Kansas
13453,25-44,1.0,Locals,No Degree,720,Bomb,Kansas
13454,45+,1.0,Locals,No Degree,1200,Bomb,Kansas
13455,18-24,2.0,Locals,No Degree,1500,Bomb,Kansas
13456,25-44,2.0,Locals,No Degree,760,Bomb,Kansas
13457,45+,2.0,Locals,No Degree,420,Bomb,Kansas
13458,18-24,1.0,Locals,High School,1100,Bomb,Kansas
13459,25-44,1.0,Locals,High School,2100,Bomb,Kansas
13460,45+,1.0,Locals,High School,2100,Bomb,Kansas
13461,18-24,2.0,Locals,High School,3500,Bomb,Kansas
13462,25-44,2.0,Locals,High School,1500,Bomb,Kansas
13463,45+,2.0,Locals,High School,810,Bomb,Kansas
13464,18-24,1.0,Expats,Graduated,20,Bomb,Kentucky
13465,25-44,1.0,Expats,Graduated,150,Bomb,Kentucky
13466,45+,1.0,Expats,Graduated,70,Bomb,Kentucky
13467,18-24,2.0,Expats,Graduated,40,Bomb,Kentucky
13468,25-44,2.0,Expats,Graduated,80,Bomb,Kentucky
13469,45+,2.0,Expats,Graduated,20,Bomb,Kentucky
13470,18-24,1.0,Expats,No Degree,40,Bomb,Kentucky
13471,25-44,1.0,Expats,No Degree,80,Bomb,Kentucky
13472,45+,1.0,Expats,No Degree,20,Bomb,Kentucky
13473,18-24,2.0,Expats,No Degree,40,Bomb,Kentucky
13474,25-44,2.0,Expats,No Degree,30,Bomb,Kentucky
13475,45+,2.0,Expats,No Degree,30,Bomb,Kentucky
13476,18-24,1.0,Expats,High School,70,Bomb,Kentucky
13477,25-44,1.0,Expats,High School,20,Bomb,Kentucky
13478,45+,1.0,Expats,High School,20,Bomb,Kentucky
13479,18-24,2.0,Expats,High School,150,Bomb,Kentucky
13480,25-44,2.0,Expats,High School,20,Bomb,Kentucky
13481,45+,2.0,Expats,High School,20,Bomb,Kentucky
13482,18-24,1.0,Locals,Graduated,880,Bomb,Kentucky
13483,25-44,1.0,Locals,Graduated,5000,Bomb,Kentucky
13484,45+,1.0,Locals,Graduated,5200,Bomb,Kentucky
13485,18-24,2.0,Locals,Graduated,2900,Bomb,Kentucky
13486,25-44,2.0,Locals,Graduated,4200,Bomb,Kentucky
13487,45+,2.0,Locals,Graduated,1700,Bomb,Kentucky
13488,18-24,1.0,Locals,No Degree,320,Bomb,Kentucky
13489,25-44,1.0,Locals,No Degree,980,Bomb,Kentucky
13490,45+,1.0,Locals,No Degree,1700,Bomb,Kentucky
13491,18-24,2.0,Locals,No Degree,3000,Bomb,Kentucky
13492,25-44,2.0,Locals,No Degree,1500,Bomb,Kentucky
13493,45+,2.0,Locals,No Degree,880,Bomb,Kentucky
13494,18-24,1.0,Locals,High School,1300,Bomb,Kentucky
13495,25-44,1.0,Locals,High School,3800,Bomb,Kentucky
13496,45+,1.0,Locals,High School,3200,Bomb,Kentucky
13497,18-24,2.0,Locals,High School,6100,Bomb,Kentucky
13498,25-44,2.0,Locals,High School,3500,Bomb,Kentucky
13499,45+,2.0,Locals,High School,1500,Bomb,Kentucky
13500,18-24,1.0,Expats,Graduated,120,Bomb,Louisiana
13501,25-44,1.0,Expats,Graduated,540,Bomb,Louisiana
13502,45+,1.0,Expats,Graduated,140,Bomb,Louisiana
13503,18-24,2.0,Expats,Graduated,130,Bomb,Louisiana
13504,25-44,2.0,Expats,Graduated,410,Bomb,Louisiana
13505,45+,2.0,Expats,Graduated,90,Bomb,Louisiana
13506,18-24,1.0,Expats,No Degree,90,Bomb,Louisiana
13507,25-44,1.0,Expats,No Degree,360,Bomb,Louisiana
13508,45+,1.0,Expats,No Degree,110,Bomb,Louisiana
13509,18-24,2.0,Expats,No Degree,110,Bomb,Louisiana
13510,25-44,2.0,Expats,No Degree,180,Bomb,Louisiana
13511,45+,2.0,Expats,No Degree,90,Bomb,Louisiana
13512,18-24,1.0,Expats,High School,120,Bomb,Louisiana
13513,25-44,1.0,Expats,High School,240,Bomb,Louisiana
13514,45+,1.0,Expats,High School,50,Bomb,Louisiana
13515,18-24,2.0,Expats,High School,150,Bomb,Louisiana
13516,25-44,2.0,Expats,High School,180,Bomb,Louisiana
13517,45+,2.0,Expats,High School,30,Bomb,Louisiana
13518,18-24,1.0,Locals,Graduated,690,Bomb,Louisiana
13519,25-44,1.0,Locals,Graduated,4600,Bomb,Louisiana
13520,45+,1.0,Locals,Graduated,4000,Bomb,Louisiana
13521,18-24,2.0,Locals,Graduated,3100,Bomb,Louisiana
13522,25-44,2.0,Locals,Graduated,5600,Bomb,Louisiana
13523,45+,2.0,Locals,Graduated,1900,Bomb,Louisiana
13524,18-24,1.0,Locals,No Degree,230,Bomb,Louisiana
13525,25-44,1.0,Locals,No Degree,920,Bomb,Louisiana
13526,45+,1.0,Locals,No Degree,1300,Bomb,Louisiana
13527,18-24,2.0,Locals,No Degree,2600,Bomb,Louisiana
13528,25-44,2.0,Locals,No Degree,1600,Bomb,Louisiana
13529,45+,2.0,Locals,No Degree,1100,Bomb,Louisiana
13530,18-24,1.0,Locals,High School,1100,Bomb,Louisiana
13531,25-44,1.0,Locals,High School,3100,Bomb,Louisiana
13532,45+,1.0,Locals,High School,2600,Bomb,Louisiana
13533,18-24,2.0,Locals,High School,6400,Bomb,Louisiana
13534,25-44,2.0,Locals,High School,4400,Bomb,Louisiana
13535,45+,2.0,Locals,High School,2100,Bomb,Louisiana
13536,18-24,1.0,Expats,Graduated,20,Bomb,Maine
13537,25-44,1.0,Expats,Graduated,100,Bomb,Maine
13538,45+,1.0,Expats,Graduated,20,Bomb,Maine
13539,18-24,2.0,Expats,Graduated,20,Bomb,Maine
13540,25-44,2.0,Expats,Graduated,20,Bomb,Maine
13541,45+,2.0,Expats,Graduated,20,Bomb,Maine
13542,18-24,1.0,Expats,No Degree,20,Bomb,Maine
13543,25-44,1.0,Expats,No Degree,20,Bomb,Maine
13544,45+,1.0,Expats,No Degree,20,Bomb,Maine
13545,18-24,2.0,Expats,No Degree,20,Bomb,Maine
13546,25-44,2.0,Expats,No Degree,20,Bomb,Maine
13547,45+,2.0,Expats,No Degree,20,Bomb,Maine
13548,18-24,1.0,Expats,High School,20,Bomb,Maine
13549,25-44,1.0,Expats,High School,20,Bomb,Maine
13550,45+,1.0,Expats,High School,20,Bomb,Maine
13551,18-24,2.0,Expats,High School,20,Bomb,Maine
13552,25-44,2.0,Expats,High School,20,Bomb,Maine
13553,45+,2.0,Expats,High School,20,Bomb,Maine
13554,18-24,1.0,Locals,Graduated,330,Bomb,Maine
13555,25-44,1.0,Locals,Graduated,1800,Bomb,Maine
13556,45+,1.0,Locals,Graduated,1500,Bomb,Maine
13557,18-24,2.0,Locals,Graduated,690,Bomb,Maine
13558,25-44,2.0,Locals,Graduated,860,Bomb,Maine
13559,45+,2.0,Locals,Graduated,490,Bomb,Maine
13560,18-24,1.0,Locals,No Degree,100,Bomb,Maine
13561,25-44,1.0,Locals,No Degree,180,Bomb,Maine
13562,45+,1.0,Locals,No Degree,460,Bomb,Maine
13563,18-24,2.0,Locals,No Degree,740,Bomb,Maine
13564,25-44,2.0,Locals,No Degree,320,Bomb,Maine
13565,45+,2.0,Locals,No Degree,200,Bomb,Maine
13566,18-24,1.0,Locals,High School,440,Bomb,Maine
13567,25-44,1.0,Locals,High School,1200,Bomb,Maine
13568,45+,1.0,Locals,High School,1100,Bomb,Maine
13569,18-24,2.0,Locals,High School,1700,Bomb,Maine
13570,25-44,2.0,Locals,High School,780,Bomb,Maine
13571,45+,2.0,Locals,High School,390,Bomb,Maine
13572,18-24,1.0,Expats,Graduated,230,Bomb,Maryland
13573,25-44,1.0,Expats,Graduated,1000,Bomb,Maryland
13574,45+,1.0,Expats,Graduated,350,Bomb,Maryland
13575,18-24,2.0,Expats,Graduated,200,Bomb,Maryland
13576,25-44,2.0,Expats,Graduated,500,Bomb,Maryland
13577,45+,2.0,Expats,Graduated,140,Bomb,Maryland
13578,18-24,1.0,Expats,No Degree,160,Bomb,Maryland
13579,25-44,1.0,Expats,No Degree,620,Bomb,Maryland
13580,45+,1.0,Expats,No Degree,160,Bomb,Maryland
13581,18-24,2.0,Expats,No Degree,160,Bomb,Maryland
13582,25-44,2.0,Expats,No Degree,260,Bomb,Maryland
13583,45+,2.0,Expats,No Degree,80,Bomb,Maryland
13584,18-24,1.0,Expats,High School,220,Bomb,Maryland
13585,25-44,1.0,Expats,High School,450,Bomb,Maryland
13586,45+,1.0,Expats,High School,110,Bomb,Maryland
13587,18-24,2.0,Expats,High School,280,Bomb,Maryland
13588,25-44,2.0,Expats,High School,240,Bomb,Maryland
13589,45+,2.0,Expats,High School,40,Bomb,Maryland
13590,18-24,1.0,Locals,Graduated,880,Bomb,Maryland
13591,25-44,1.0,Locals,Graduated,5600,Bomb,Maryland
13592,45+,1.0,Locals,Graduated,4300,Bomb,Maryland
13593,18-24,2.0,Locals,Graduated,1900,Bomb,Maryland
13594,25-44,2.0,Locals,Graduated,3700,Bomb,Maryland
13595,45+,2.0,Locals,Graduated,1600,Bomb,Maryland
13596,18-24,1.0,Locals,No Degree,290,Bomb,Maryland
13597,25-44,1.0,Locals,No Degree,910,Bomb,Maryland
13598,45+,1.0,Locals,No Degree,1200,Bomb,Maryland
13599,18-24,2.0,Locals,No Degree,1300,Bomb,Maryland
13600,25-44,2.0,Locals,No Degree,850,Bomb,Maryland
13601,45+,2.0,Locals,No Degree,680,Bomb,Maryland
13602,18-24,1.0,Locals,High School,1200,Bomb,Maryland
13603,25-44,1.0,Locals,High School,2800,Bomb,Maryland
13604,45+,1.0,Locals,High School,2400,Bomb,Maryland
13605,18-24,2.0,Locals,High School,3600,Bomb,Maryland
13606,25-44,2.0,Locals,High School,2100,Bomb,Maryland
13607,45+,2.0,Locals,High School,1000,Bomb,Maryland
13608,18-24,1.0,Expats,Graduated,280,Bomb,Massachusetts
13609,25-44,1.0,Expats,Graduated,1300,Bomb,Massachusetts
13610,45+,1.0,Expats,Graduated,390,Bomb,Massachusetts
13611,18-24,2.0,Expats,Graduated,370,Bomb,Massachusetts
13612,25-44,2.0,Expats,Graduated,940,Bomb,Massachusetts
13613,45+,2.0,Expats,Graduated,250,Bomb,Massachusetts
13614,18-24,1.0,Expats,No Degree,110,Bomb,Massachusetts
13615,25-44,1.0,Expats,No Degree,410,Bomb,Massachusetts
13616,45+,1.0,Expats,No Degree,210,Bomb,Massachusetts
13617,18-24,2.0,Expats,No Degree,340,Bomb,Massachusetts
13618,25-44,2.0,Expats,No Degree,270,Bomb,Massachusetts
13619,45+,2.0,Expats,No Degree,140,Bomb,Massachusetts
13620,18-24,1.0,Expats,High School,240,Bomb,Massachusetts
13621,25-44,1.0,Expats,High School,400,Bomb,Massachusetts
13622,45+,1.0,Expats,High School,130,Bomb,Massachusetts
13623,18-24,2.0,Expats,High School,520,Bomb,Massachusetts
13624,25-44,2.0,Expats,High School,240,Bomb,Massachusetts
13625,45+,2.0,Expats,High School,70,Bomb,Massachusetts
13626,18-24,1.0,Locals,Graduated,1600,Bomb,Massachusetts
13627,25-44,1.0,Locals,Graduated,8000,Bomb,Massachusetts
13628,45+,1.0,Locals,Graduated,5000,Bomb,Massachusetts
13629,18-24,2.0,Locals,Graduated,2400,Bomb,Massachusetts
13630,25-44,2.0,Locals,Graduated,4700,Bomb,Massachusetts
13631,45+,2.0,Locals,Graduated,2000,Bomb,Massachusetts
13632,18-24,1.0,Locals,No Degree,410,Bomb,Massachusetts
13633,25-44,1.0,Locals,No Degree,1200,Bomb,Massachusetts
13634,45+,1.0,Locals,No Degree,1500,Bomb,Massachusetts
13635,18-24,2.0,Locals,No Degree,2100,Bomb,Massachusetts
13636,25-44,2.0,Locals,No Degree,970,Bomb,Massachusetts
13637,45+,2.0,Locals,No Degree,750,Bomb,Massachusetts
13638,18-24,1.0,Locals,High School,1900,Bomb,Massachusetts
13639,25-44,1.0,Locals,High School,3300,Bomb,Massachusetts
13640,45+,1.0,Locals,High School,2800,Bomb,Massachusetts
13641,18-24,2.0,Locals,High School,4600,Bomb,Massachusetts
13642,25-44,2.0,Locals,High School,1900,Bomb,Massachusetts
13643,45+,2.0,Locals,High School,1000,Bomb,Massachusetts
13644,18-24,1.0,Expats,Graduated,100,Bomb,Michigan
13645,25-44,1.0,Expats,Graduated,440,Bomb,Michigan
13646,45+,1.0,Expats,Graduated,260,Bomb,Michigan
13647,18-24,2.0,Expats,Graduated,150,Bomb,Michigan
13648,25-44,2.0,Expats,Graduated,260,Bomb,Michigan
13649,45+,2.0,Expats,Graduated,100,Bomb,Michigan
13650,18-24,1.0,Expats,No Degree,30,Bomb,Michigan
13651,25-44,1.0,Expats,No Degree,160,Bomb,Michigan
13652,45+,1.0,Expats,No Degree,110,Bomb,Michigan
13653,18-24,2.0,Expats,No Degree,160,Bomb,Michigan
13654,25-44,2.0,Expats,No Degree,120,Bomb,Michigan
13655,45+,2.0,Expats,No Degree,60,Bomb,Michigan
13656,18-24,1.0,Expats,High School,110,Bomb,Michigan
13657,25-44,1.0,Expats,High School,160,Bomb,Michigan
13658,45+,1.0,Expats,High School,80,Bomb,Michigan
13659,18-24,2.0,Expats,High School,300,Bomb,Michigan
13660,25-44,2.0,Expats,High School,130,Bomb,Michigan
13661,45+,2.0,Expats,High School,30,Bomb,Michigan
13662,18-24,1.0,Locals,Graduated,1700,Bomb,Michigan
13663,25-44,1.0,Locals,Graduated,11000,Bomb,Michigan
13664,45+,1.0,Locals,Graduated,10000,Bomb,Michigan
13665,18-24,2.0,Locals,Graduated,5400,Bomb,Michigan
13666,25-44,2.0,Locals,Graduated,7200,Bomb,Michigan
13667,45+,2.0,Locals,Graduated,3700,Bomb,Michigan
13668,18-24,1.0,Locals,No Degree,670,Bomb,Michigan
13669,25-44,1.0,Locals,No Degree,1800,Bomb,Michigan
13670,45+,1.0,Locals,No Degree,2900,Bomb,Michigan
13671,18-24,2.0,Locals,No Degree,5000,Bomb,Michigan
13672,25-44,2.0,Locals,No Degree,2100,Bomb,Michigan
13673,45+,2.0,Locals,No Degree,1500,Bomb,Michigan
13674,18-24,1.0,Locals,High School,2700,Bomb,Michigan
13675,25-44,1.0,Locals,High School,6400,Bomb,Michigan
13676,45+,1.0,Locals,High School,6300,Bomb,Michigan
13677,18-24,2.0,Locals,High School,11000,Bomb,Michigan
13678,25-44,2.0,Locals,High School,5100,Bomb,Michigan
13679,45+,2.0,Locals,High School,2900,Bomb,Michigan
13680,18-24,1.0,Expats,Graduated,80,Bomb,Minnesota
13681,25-44,1.0,Expats,Graduated,310,Bomb,Minnesota
13682,45+,1.0,Expats,Graduated,150,Bomb,Minnesota
13683,18-24,2.0,Expats,Graduated,110,Bomb,Minnesota
13684,25-44,2.0,Expats,Graduated,200,Bomb,Minnesota
13685,45+,2.0,Expats,Graduated,50,Bomb,Minnesota
13686,18-24,1.0,Expats,No Degree,30,Bomb,Minnesota
13687,25-44,1.0,Expats,No Degree,120,Bomb,Minnesota
13688,45+,1.0,Expats,No Degree,40,Bomb,Minnesota
13689,18-24,2.0,Expats,No Degree,130,Bomb,Minnesota
13690,25-44,2.0,Expats,No Degree,80,Bomb,Minnesota
13691,45+,2.0,Expats,No Degree,40,Bomb,Minnesota
13692,18-24,1.0,Expats,High School,70,Bomb,Minnesota
13693,25-44,1.0,Expats,High School,120,Bomb,Minnesota
13694,45+,1.0,Expats,High School,40,Bomb,Minnesota
13695,18-24,2.0,Expats,High School,180,Bomb,Minnesota
13696,25-44,2.0,Expats,High School,60,Bomb,Minnesota
13697,45+,2.0,Expats,High School,20,Bomb,Minnesota
13698,18-24,1.0,Locals,Graduated,1100,Bomb,Minnesota
13699,25-44,1.0,Locals,Graduated,7000,Bomb,Minnesota
13700,45+,1.0,Locals,Graduated,4900,Bomb,Minnesota
13701,18-24,2.0,Locals,Graduated,2400,Bomb,Minnesota
13702,25-44,2.0,Locals,Graduated,4300,Bomb,Minnesota
13703,45+,2.0,Locals,Graduated,2000,Bomb,Minnesota
13704,18-24,1.0,Locals,No Degree,360,Bomb,Minnesota
13705,25-44,1.0,Locals,No Degree,1100,Bomb,Minnesota
13706,45+,1.0,Locals,No Degree,1500,Bomb,Minnesota
13707,18-24,2.0,Locals,No Degree,2700,Bomb,Minnesota
13708,25-44,2.0,Locals,No Degree,1100,Bomb,Minnesota
13709,45+,2.0,Locals,No Degree,690,Bomb,Minnesota
13710,18-24,1.0,Locals,High School,1500,Bomb,Minnesota
13711,25-44,1.0,Locals,High School,3600,Bomb,Minnesota
13712,45+,1.0,Locals,High School,2700,Bomb,Minnesota
13713,18-24,2.0,Locals,High School,5400,Bomb,Minnesota
13714,25-44,2.0,Locals,High School,2500,Bomb,Minnesota
13715,45+,2.0,Locals,High School,1200,Bomb,Minnesota
13716,18-24,1.0,Expats,Graduated,20,Bomb,Mississippi
13717,25-44,1.0,Expats,Graduated,90,Bomb,Mississippi
13718,45+,1.0,Expats,Graduated,50,Bomb,Mississippi
13719,18-24,2.0,Expats,Graduated,50,Bomb,Mississippi
13720,25-44,2.0,Expats,Graduated,70,Bomb,Mississippi
13721,45+,2.0,Expats,Graduated,30,Bomb,Mississippi
13722,18-24,1.0,Expats,No Degree,20,Bomb,Mississippi
13723,25-44,1.0,Expats,No Degree,40,Bomb,Mississippi
13724,45+,1.0,Expats,No Degree,20,Bomb,Mississippi
13725,18-24,2.0,Expats,No Degree,30,Bomb,Mississippi
13726,25-44,2.0,Expats,No Degree,20,Bomb,Mississippi
13727,45+,2.0,Expats,No Degree,20,Bomb,Mississippi
13728,18-24,1.0,Expats,High School,20,Bomb,Mississippi
13729,25-44,1.0,Expats,High School,60,Bomb,Mississippi
13730,45+,1.0,Expats,High School,20,Bomb,Mississippi
13731,18-24,2.0,Expats,High School,70,Bomb,Mississippi
13732,25-44,2.0,Expats,High School,20,Bomb,Mississippi
13733,45+,2.0,Expats,High School,20,Bomb,Mississippi
13734,18-24,1.0,Locals,Graduated,350,Bomb,Mississippi
13735,25-44,1.0,Locals,Graduated,2900,Bomb,Mississippi
13736,45+,1.0,Locals,Graduated,2700,Bomb,Mississippi
13737,18-24,2.0,Locals,Graduated,2600,Bomb,Mississippi
13738,25-44,2.0,Locals,Graduated,3500,Bomb,Mississippi
13739,45+,2.0,Locals,Graduated,1100,Bomb,Mississippi
13740,18-24,1.0,Locals,No Degree,170,Bomb,Mississippi
13741,25-44,1.0,Locals,No Degree,720,Bomb,Mississippi
13742,45+,1.0,Locals,No Degree,980,Bomb,Mississippi
13743,18-24,2.0,Locals,No Degree,1500,Bomb,Mississippi
13744,25-44,2.0,Locals,No Degree,900,Bomb,Mississippi
13745,45+,2.0,Locals,No Degree,580,Bomb,Mississippi
13746,18-24,1.0,Locals,High School,620,Bomb,Mississippi
13747,25-44,1.0,Locals,High School,1400,Bomb,Mississippi
13748,45+,1.0,Locals,High School,1700,Bomb,Mississippi
13749,18-24,2.0,Locals,High School,4700,Bomb,Mississippi
13750,25-44,2.0,Locals,High School,2300,Bomb,Mississippi
13751,45+,2.0,Locals,High School,920,Bomb,Mississippi
13752,18-24,1.0,Expats,Graduated,50,Bomb,Missouri
13753,25-44,1.0,Expats,Graduated,280,Bomb,Missouri
13754,45+,1.0,Expats,Graduated,150,Bomb,Missouri
13755,18-24,2.0,Expats,Graduated,110,Bomb,Missouri
13756,25-44,2.0,Expats,Graduated,160,Bomb,Missouri
13757,45+,2.0,Expats,Graduated,50,Bomb,Missouri
13758,18-24,1.0,Expats,No Degree,20,Bomb,Missouri
13759,25-44,1.0,Expats,No Degree,110,Bomb,Missouri
13760,45+,1.0,Expats,No Degree,60,Bomb,Missouri
13761,18-24,2.0,Expats,No Degree,90,Bomb,Missouri
13762,25-44,2.0,Expats,No Degree,60,Bomb,Missouri
13763,45+,2.0,Expats,No Degree,30,Bomb,Missouri
13764,18-24,1.0,Expats,High School,70,Bomb,Missouri
13765,25-44,1.0,Expats,High School,130,Bomb,Missouri
13766,45+,1.0,Expats,High School,50,Bomb,Missouri
13767,18-24,2.0,Expats,High School,170,Bomb,Missouri
13768,25-44,2.0,Expats,High School,80,Bomb,Missouri
13769,45+,2.0,Expats,High School,20,Bomb,Missouri
13770,18-24,1.0,Locals,Graduated,1500,Bomb,Missouri
13771,25-44,1.0,Locals,Graduated,7600,Bomb,Missouri
13772,45+,1.0,Locals,Graduated,6600,Bomb,Missouri
13773,18-24,2.0,Locals,Graduated,3500,Bomb,Missouri
13774,25-44,2.0,Locals,Graduated,4600,Bomb,Missouri
13775,45+,2.0,Locals,Graduated,2300,Bomb,Missouri
13776,18-24,1.0,Locals,No Degree,480,Bomb,Missouri
13777,25-44,1.0,Locals,No Degree,1400,Bomb,Missouri
13778,45+,1.0,Locals,No Degree,2100,Bomb,Missouri
13779,18-24,2.0,Locals,No Degree,3300,Bomb,Missouri
13780,25-44,2.0,Locals,No Degree,1400,Bomb,Missouri
13781,45+,2.0,Locals,No Degree,1100,Bomb,Missouri
13782,18-24,1.0,Locals,High School,1900,Bomb,Missouri
13783,25-44,1.0,Locals,High School,4900,Bomb,Missouri
13784,45+,1.0,Locals,High School,4700,Bomb,Missouri
13785,18-24,2.0,Locals,High School,7700,Bomb,Missouri
13786,25-44,2.0,Locals,High School,3500,Bomb,Missouri
13787,45+,2.0,Locals,High School,1900,Bomb,Missouri
13788,18-24,1.0,Expats,Graduated,20,Bomb,Montana
13789,25-44,1.0,Expats,Graduated,30,Bomb,Montana
13790,45+,1.0,Expats,Graduated,30,Bomb,Montana
13791,18-24,2.0,Expats,Graduated,20,Bomb,Montana
13792,25-44,2.0,Expats,Graduated,20,Bomb,Montana
13793,45+,2.0,Expats,Graduated,20,Bomb,Montana
13794,18-24,1.0,Expats,No Degree,20,Bomb,Montana
13795,25-44,1.0,Expats,No Degree,20,Bomb,Montana
13796,45+,1.0,Expats,No Degree,20,Bomb,Montana
13797,18-24,2.0,Expats,No Degree,20,Bomb,Montana
13798,25-44,2.0,Expats,No Degree,20,Bomb,Montana
13799,45+,2.0,Expats,No Degree,20,Bomb,Montana
13800,18-24,1.0,Expats,High School,20,Bomb,Montana
13801,25-44,1.0,Expats,High School,20,Bomb,Montana
13802,45+,1.0,Expats,High School,20,Bomb,Montana
13803,18-24,2.0,Expats,High School,50,Bomb,Montana
13804,25-44,2.0,Expats,High School,20,Bomb,Montana
13805,45+,2.0,Expats,High School,20,Bomb,Montana
13806,18-24,1.0,Locals,Graduated,290,Bomb,Montana
13807,25-44,1.0,Locals,Graduated,1400,Bomb,Montana
13808,45+,1.0,Locals,Graduated,1100,Bomb,Montana
13809,18-24,2.0,Locals,Graduated,490,Bomb,Montana
13810,25-44,2.0,Locals,Graduated,820,Bomb,Montana
13811,45+,2.0,Locals,Graduated,380,Bomb,Montana
13812,18-24,1.0,Locals,No Degree,80,Bomb,Montana
13813,25-44,1.0,Locals,No Degree,260,Bomb,Montana
13814,45+,1.0,Locals,No Degree,300,Bomb,Montana
13815,18-24,2.0,Locals,No Degree,550,Bomb,Montana
13816,25-44,2.0,Locals,No Degree,200,Bomb,Montana
13817,45+,2.0,Locals,No Degree,140,Bomb,Montana
13818,18-24,1.0,Locals,High School,390,Bomb,Montana
13819,25-44,1.0,Locals,High School,880,Bomb,Montana
13820,45+,1.0,Locals,High School,760,Bomb,Montana
13821,18-24,2.0,Locals,High School,1400,Bomb,Montana
13822,25-44,2.0,Locals,High School,630,Bomb,Montana
13823,45+,2.0,Locals,High School,250,Bomb,Montana
13824,18-24,1.0,Expats,Graduated,20,Bomb,Nebraska
13825,25-44,1.0,Expats,Graduated,60,Bomb,Nebraska
13826,45+,1.0,Expats,Graduated,30,Bomb,Nebraska
13827,18-24,2.0,Expats,Graduated,90,Bomb,Nebraska
13828,25-44,2.0,Expats,Graduated,20,Bomb,Nebraska
13829,45+,2.0,Expats,Graduated,20,Bomb,Nebraska
13830,18-24,1.0,Expats,No Degree,20,Bomb,Nebraska
13831,25-44,1.0,Expats,No Degree,50,Bomb,Nebraska
13832,45+,1.0,Expats,No Degree,20,Bomb,Nebraska
13833,18-24,2.0,Expats,No Degree,70,Bomb,Nebraska
13834,25-44,2.0,Expats,No Degree,20,Bomb,Nebraska
13835,45+,2.0,Expats,No Degree,20,Bomb,Nebraska
13836,18-24,1.0,Expats,High School,20,Bomb,Nebraska
13837,25-44,1.0,Expats,High School,20,Bomb,Nebraska
13838,45+,1.0,Expats,High School,20,Bomb,Nebraska
13839,18-24,2.0,Expats,High School,90,Bomb,Nebraska
13840,25-44,2.0,Expats,High School,40,Bomb,Nebraska
13841,45+,2.0,Expats,High School,20,Bomb,Nebraska
13842,18-24,1.0,Locals,Graduated,290,Bomb,Nebraska
13843,25-44,1.0,Locals,Graduated,3000,Bomb,Nebraska
13844,45+,1.0,Locals,Graduated,1800,Bomb,Nebraska
13845,18-24,2.0,Locals,Graduated,970,Bomb,Nebraska
13846,25-44,2.0,Locals,Graduated,1700,Bomb,Nebraska
13847,45+,2.0,Locals,Graduated,820,Bomb,Nebraska
13848,18-24,1.0,Locals,No Degree,150,Bomb,Nebraska
13849,25-44,1.0,Locals,No Degree,430,Bomb,Nebraska
13850,45+,1.0,Locals,No Degree,640,Bomb,Nebraska
13851,18-24,2.0,Locals,No Degree,830,Bomb,Nebraska
13852,25-44,2.0,Locals,No Degree,450,Bomb,Nebraska
13853,45+,2.0,Locals,No Degree,200,Bomb,Nebraska
13854,18-24,1.0,Locals,High School,680,Bomb,Nebraska
13855,25-44,1.0,Locals,High School,1500,Bomb,Nebraska
13856,45+,1.0,Locals,High School,1300,Bomb,Nebraska
13857,18-24,2.0,Locals,High School,2400,Bomb,Nebraska
13858,25-44,2.0,Locals,High School,1100,Bomb,Nebraska
13859,45+,2.0,Locals,High School,620,Bomb,Nebraska
13860,18-24,1.0,Expats,Graduated,30,Bomb,Nevada
13861,25-44,1.0,Expats,Graduated,310,Bomb,Nevada
13862,45+,1.0,Expats,Graduated,150,Bomb,Nevada
13863,18-24,2.0,Expats,Graduated,180,Bomb,Nevada
13864,25-44,2.0,Expats,Graduated,140,Bomb,Nevada
13865,45+,2.0,Expats,Graduated,90,Bomb,Nevada
13866,18-24,1.0,Expats,No Degree,20,Bomb,Nevada
13867,25-44,1.0,Expats,No Degree,120,Bomb,Nevada
13868,45+,1.0,Expats,No Degree,140,Bomb,Nevada
13869,18-24,2.0,Expats,No Degree,170,Bomb,Nevada
13870,25-44,2.0,Expats,No Degree,110,Bomb,Nevada
13871,45+,2.0,Expats,No Degree,70,Bomb,Nevada
13872,18-24,1.0,Expats,High School,80,Bomb,Nevada
13873,25-44,1.0,Expats,High School,160,Bomb,Nevada
13874,45+,1.0,Expats,High School,70,Bomb,Nevada
13875,18-24,2.0,Expats,High School,200,Bomb,Nevada
13876,25-44,2.0,Expats,High School,100,Bomb,Nevada
13877,45+,2.0,Expats,High School,40,Bomb,Nevada
13878,18-24,1.0,Locals,Graduated,250,Bomb,Nevada
13879,25-44,1.0,Locals,Graduated,2400,Bomb,Nevada
13880,45+,1.0,Locals,Graduated,2100,Bomb,Nevada
13881,18-24,2.0,Locals,Graduated,1000,Bomb,Nevada
13882,25-44,2.0,Locals,Graduated,1600,Bomb,Nevada
13883,45+,2.0,Locals,Graduated,760,Bomb,Nevada
13884,18-24,1.0,Locals,No Degree,240,Bomb,Nevada
13885,25-44,1.0,Locals,No Degree,600,Bomb,Nevada
13886,45+,1.0,Locals,No Degree,720,Bomb,Nevada
13887,18-24,2.0,Locals,No Degree,1500,Bomb,Nevada
13888,25-44,2.0,Locals,No Degree,680,Bomb,Nevada
13889,45+,2.0,Locals,No Degree,230,Bomb,Nevada
13890,18-24,1.0,Locals,High School,560,Bomb,Nevada
13891,25-44,1.0,Locals,High School,1600,Bomb,Nevada
13892,45+,1.0,Locals,High School,1200,Bomb,Nevada
13893,18-24,2.0,Locals,High School,2100,Bomb,Nevada
13894,25-44,2.0,Locals,High School,1000,Bomb,Nevada
13895,45+,2.0,Locals,High School,630,Bomb,Nevada
13896,18-24,1.0,Expats,Graduated,20,Bomb,New Hampshire
13897,25-44,1.0,Expats,Graduated,100,Bomb,New Hampshire
13898,45+,1.0,Expats,Graduated,90,Bomb,New Hampshire
13899,18-24,2.0,Expats,Graduated,20,Bomb,New Hampshire
13900,25-44,2.0,Expats,Graduated,60,Bomb,New Hampshire
13901,45+,2.0,Expats,Graduated,20,Bomb,New Hampshire
13902,18-24,1.0,Expats,No Degree,20,Bomb,New Hampshire
13903,25-44,1.0,Expats,No Degree,90,Bomb,New Hampshire
13904,45+,1.0,Expats,No Degree,20,Bomb,New Hampshire
13905,18-24,2.0,Expats,No Degree,20,Bomb,New Hampshire
13906,25-44,2.0,Expats,No Degree,60,Bomb,New Hampshire
13907,45+,2.0,Expats,No Degree,20,Bomb,New Hampshire
13908,18-24,1.0,Expats,High School,20,Bomb,New Hampshire
13909,25-44,1.0,Expats,High School,20,Bomb,New Hampshire
13910,45+,1.0,Expats,High School,20,Bomb,New Hampshire
13911,18-24,2.0,Expats,High School,80,Bomb,New Hampshire
13912,25-44,2.0,Expats,High School,20,Bomb,New Hampshire
13913,45+,2.0,Expats,High School,20,Bomb,New Hampshire
13914,18-24,1.0,Locals,Graduated,370,Bomb,New Hampshire
13915,25-44,1.0,Locals,Graduated,1800,Bomb,New Hampshire
13916,45+,1.0,Locals,Graduated,1600,Bomb,New Hampshire
13917,18-24,2.0,Locals,Graduated,550,Bomb,New Hampshire
13918,25-44,2.0,Locals,Graduated,900,Bomb,New Hampshire
13919,45+,2.0,Locals,Graduated,480,Bomb,New Hampshire
13920,18-24,1.0,Locals,No Degree,140,Bomb,New Hampshire
13921,25-44,1.0,Locals,No Degree,310,Bomb,New Hampshire
13922,45+,1.0,Locals,No Degree,490,Bomb,New Hampshire
13923,18-24,2.0,Locals,No Degree,500,Bomb,New Hampshire
13924,25-44,2.0,Locals,No Degree,340,Bomb,New Hampshire
13925,45+,2.0,Locals,No Degree,220,Bomb,New Hampshire
13926,18-24,1.0,Locals,High School,470,Bomb,New Hampshire
13927,25-44,1.0,Locals,High School,1400,Bomb,New Hampshire
13928,45+,1.0,Locals,High School,910,Bomb,New Hampshire
13929,18-24,2.0,Locals,High School,1400,Bomb,New Hampshire
13930,25-44,2.0,Locals,High School,500,Bomb,New Hampshire
13931,45+,2.0,Locals,High School,350,Bomb,New Hampshire
13932,18-24,1.0,Expats,Graduated,300,Bomb,New Jersey
13933,25-44,1.0,Expats,Graduated,1500,Bomb,New Jersey
13934,45+,1.0,Expats,Graduated,540,Bomb,New Jersey
13935,18-24,2.0,Expats,Graduated,370,Bomb,New Jersey
13936,25-44,2.0,Expats,Graduated,870,Bomb,New Jersey
13937,45+,2.0,Expats,Graduated,260,Bomb,New Jersey
13938,18-24,1.0,Expats,No Degree,190,Bomb,New Jersey
13939,25-44,1.0,Expats,No Degree,760,Bomb,New Jersey
13940,45+,1.0,Expats,No Degree,360,Bomb,New Jersey
13941,18-24,2.0,Expats,No Degree,320,Bomb,New Jersey
13942,25-44,2.0,Expats,No Degree,380,Bomb,New Jersey
13943,45+,2.0,Expats,No Degree,190,Bomb,New Jersey
13944,18-24,1.0,Expats,High School,290,Bomb,New Jersey
13945,25-44,1.0,Expats,High School,620,Bomb,New Jersey
13946,45+,1.0,Expats,High School,200,Bomb,New Jersey
13947,18-24,2.0,Expats,High School,480,Bomb,New Jersey
13948,25-44,2.0,Expats,High School,320,Bomb,New Jersey
13949,45+,2.0,Expats,High School,100,Bomb,New Jersey
13950,18-24,1.0,Locals,Graduated,1200,Bomb,New Jersey
13951,25-44,1.0,Locals,Graduated,6500,Bomb,New Jersey
13952,45+,1.0,Locals,Graduated,5000,Bomb,New Jersey
13953,18-24,2.0,Locals,Graduated,2300,Bomb,New Jersey
13954,25-44,2.0,Locals,Graduated,3800,Bomb,New Jersey
13955,45+,2.0,Locals,Graduated,1900,Bomb,New Jersey
13956,18-24,1.0,Locals,No Degree,380,Bomb,New Jersey
13957,25-44,1.0,Locals,No Degree,1100,Bomb,New Jersey
13958,45+,1.0,Locals,No Degree,1600,Bomb,New Jersey
13959,18-24,2.0,Locals,No Degree,1900,Bomb,New Jersey
13960,25-44,2.0,Locals,No Degree,960,Bomb,New Jersey
13961,45+,2.0,Locals,No Degree,740,Bomb,New Jersey
13962,18-24,1.0,Locals,High School,1600,Bomb,New Jersey
13963,25-44,1.0,Locals,High School,3300,Bomb,New Jersey
13964,45+,1.0,Locals,High School,3300,Bomb,New Jersey
13965,18-24,2.0,Locals,High School,4600,Bomb,New Jersey
13966,25-44,2.0,Locals,High School,2000,Bomb,New Jersey
13967,45+,2.0,Locals,High School,1300,Bomb,New Jersey
13968,18-24,1.0,Expats,Graduated,20,Bomb,New Mexico
13969,25-44,1.0,Expats,Graduated,140,Bomb,New Mexico
13970,45+,1.0,Expats,Graduated,70,Bomb,New Mexico
13971,18-24,2.0,Expats,Graduated,80,Bomb,New Mexico
13972,25-44,2.0,Expats,Graduated,110,Bomb,New Mexico
13973,45+,2.0,Expats,Graduated,20,Bomb,New Mexico
13974,18-24,1.0,Expats,No Degree,20,Bomb,New Mexico
13975,25-44,1.0,Expats,No Degree,40,Bomb,New Mexico
13976,45+,1.0,Expats,No Degree,30,Bomb,New Mexico
13977,18-24,2.0,Expats,No Degree,120,Bomb,New Mexico
13978,25-44,2.0,Expats,No Degree,40,Bomb,New Mexico
13979,45+,2.0,Expats,No Degree,20,Bomb,New Mexico
13980,18-24,1.0,Expats,High School,20,Bomb,New Mexico
13981,25-44,1.0,Expats,High School,60,Bomb,New Mexico
13982,45+,1.0,Expats,High School,20,Bomb,New Mexico
13983,18-24,2.0,Expats,High School,120,Bomb,New Mexico
13984,25-44,2.0,Expats,High School,20,Bomb,New Mexico
13985,45+,2.0,Expats,High School,20,Bomb,New Mexico
13986,18-24,1.0,Locals,Graduated,230,Bomb,New Mexico
13987,25-44,1.0,Locals,Graduated,2000,Bomb,New Mexico
13988,45+,1.0,Locals,Graduated,1700,Bomb,New Mexico
13989,18-24,2.0,Locals,Graduated,930,Bomb,New Mexico
13990,25-44,2.0,Locals,Graduated,1100,Bomb,New Mexico
13991,45+,2.0,Locals,Graduated,600,Bomb,New Mexico
13992,18-24,1.0,Locals,No Degree,250,Bomb,New Mexico
13993,25-44,1.0,Locals,No Degree,420,Bomb,New Mexico
13994,45+,1.0,Locals,No Degree,450,Bomb,New Mexico
13995,18-24,2.0,Locals,No Degree,1500,Bomb,New Mexico
13996,25-44,2.0,Locals,No Degree,350,Bomb,New Mexico
13997,45+,2.0,Locals,No Degree,230,Bomb,New Mexico
13998,18-24,1.0,Locals,High School,450,Bomb,New Mexico
13999,25-44,1.0,Locals,High School,970,Bomb,New Mexico
14000,45+,1.0,Locals,High School,800,Bomb,New Mexico
14001,18-24,2.0,Locals,High School,2100,Bomb,New Mexico
14002,25-44,2.0,Locals,High School,810,Bomb,New Mexico
14003,45+,2.0,Locals,High School,360,Bomb,New Mexico
14004,18-24,1.0,Expats,Graduated,660,Bomb,New York
14005,25-44,1.0,Expats,Graduated,3100,Bomb,New York
14006,45+,1.0,Expats,Graduated,920,Bomb,New York
14007,18-24,2.0,Expats,Graduated,970,Bomb,New York
14008,25-44,2.0,Expats,Graduated,1900,Bomb,New York
14009,45+,2.0,Expats,Graduated,480,Bomb,New York
14010,18-24,1.0,Expats,No Degree,390,Bomb,New York
14011,25-44,1.0,Expats,No Degree,1600,Bomb,New York
14012,45+,1.0,Expats,No Degree,630,Bomb,New York
14013,18-24,2.0,Expats,No Degree,1100,Bomb,New York
14014,25-44,2.0,Expats,No Degree,830,Bomb,New York
14015,45+,2.0,Expats,No Degree,450,Bomb,New York
14016,18-24,1.0,Expats,High School,670,Bomb,New York
14017,25-44,1.0,Expats,High School,1200,Bomb,New York
14018,45+,1.0,Expats,High School,410,Bomb,New York
14019,18-24,2.0,Expats,High School,1400,Bomb,New York
14020,25-44,2.0,Expats,High School,800,Bomb,New York
14021,45+,2.0,Expats,High School,190,Bomb,New York
14022,18-24,1.0,Locals,Graduated,3200,Bomb,New York
14023,25-44,1.0,Locals,Graduated,16000,Bomb,New York
14024,45+,1.0,Locals,Graduated,9500,Bomb,New York
14025,18-24,2.0,Locals,Graduated,6300,Bomb,New York
14026,25-44,2.0,Locals,Graduated,9600,Bomb,New York
14027,45+,2.0,Locals,Graduated,3700,Bomb,New York
14028,18-24,1.0,Locals,No Degree,1100,Bomb,New York
14029,25-44,1.0,Locals,No Degree,3000,Bomb,New York
14030,45+,1.0,Locals,No Degree,3500,Bomb,New York
14031,18-24,2.0,Locals,No Degree,7500,Bomb,New York
14032,25-44,2.0,Locals,No Degree,3400,Bomb,New York
14033,45+,2.0,Locals,No Degree,1800,Bomb,New York
14034,18-24,1.0,Locals,High School,4100,Bomb,New York
14035,25-44,1.0,Locals,High School,7600,Bomb,New York
14036,45+,1.0,Locals,High School,6100,Bomb,New York
14037,18-24,2.0,Locals,High School,13000,Bomb,New York
14038,25-44,2.0,Locals,High School,5500,Bomb,New York
14039,45+,2.0,Locals,High School,2600,Bomb,New York
14040,18-24,1.0,Expats,Graduated,260,Bomb,North Carolina
14041,25-44,1.0,Expats,Graduated,960,Bomb,North Carolina
14042,45+,1.0,Expats,Graduated,350,Bomb,North Carolina
14043,18-24,2.0,Expats,Graduated,260,Bomb,North Carolina
14044,25-44,2.0,Expats,Graduated,570,Bomb,North Carolina
14045,45+,2.0,Expats,Graduated,150,Bomb,North Carolina
14046,18-24,1.0,Expats,No Degree,150,Bomb,North Carolina
14047,25-44,1.0,Expats,No Degree,570,Bomb,North Carolina
14048,45+,1.0,Expats,No Degree,200,Bomb,North Carolina
14049,18-24,2.0,Expats,No Degree,270,Bomb,North Carolina
14050,25-44,2.0,Expats,No Degree,290,Bomb,North Carolina
14051,45+,2.0,Expats,No Degree,100,Bomb,North Carolina
14052,18-24,1.0,Expats,High School,250,Bomb,North Carolina
14053,25-44,1.0,Expats,High School,470,Bomb,North Carolina
14054,45+,1.0,Expats,High School,130,Bomb,North Carolina
14055,18-24,2.0,Expats,High School,440,Bomb,North Carolina
14056,25-44,2.0,Expats,High School,280,Bomb,North Carolina
14057,45+,2.0,Expats,High School,50,Bomb,North Carolina
14058,18-24,1.0,Locals,Graduated,2100,Bomb,North Carolina
14059,25-44,1.0,Locals,Graduated,11000,Bomb,North Carolina
14060,45+,1.0,Locals,Graduated,9600,Bomb,North Carolina
14061,18-24,2.0,Locals,Graduated,5200,Bomb,North Carolina
14062,25-44,2.0,Locals,Graduated,7500,Bomb,North Carolina
14063,45+,2.0,Locals,Graduated,3800,Bomb,North Carolina
14064,18-24,1.0,Locals,No Degree,740,Bomb,North Carolina
14065,25-44,1.0,Locals,No Degree,2000,Bomb,North Carolina
14066,45+,1.0,Locals,No Degree,2700,Bomb,North Carolina
14067,18-24,2.0,Locals,No Degree,3900,Bomb,North Carolina
14068,25-44,2.0,Locals,No Degree,1800,Bomb,North Carolina
14069,45+,2.0,Locals,No Degree,1400,Bomb,North Carolina
14070,18-24,1.0,Locals,High School,3000,Bomb,North Carolina
14071,25-44,1.0,Locals,High School,6000,Bomb,North Carolina
14072,45+,1.0,Locals,High School,5100,Bomb,North Carolina
14073,18-24,2.0,Locals,High School,9900,Bomb,North Carolina
14074,25-44,2.0,Locals,High School,4300,Bomb,North Carolina
14075,45+,2.0,Locals,High School,2200,Bomb,North Carolina
14076,18-24,1.0,Expats,Graduated,30,Bomb,North Dakota
14077,25-44,1.0,Expats,Graduated,60,Bomb,North Dakota
14078,45+,1.0,Expats,Graduated,20,Bomb,North Dakota
14079,18-24,2.0,Expats,Graduated,20,Bomb,North Dakota
14080,25-44,2.0,Expats,Graduated,20,Bomb,North Dakota
14081,45+,2.0,Expats,Graduated,20,Bomb,North Dakota
14082,18-24,1.0,Expats,No Degree,20,Bomb,North Dakota
14083,25-44,1.0,Expats,No Degree,20,Bomb,North Dakota
14084,45+,1.0,Expats,No Degree,20,Bomb,North Dakota
14085,18-24,2.0,Expats,No Degree,20,Bomb,North Dakota
14086,25-44,2.0,Expats,No Degree,20,Bomb,North Dakota
14087,45+,2.0,Expats,No Degree,20,Bomb,North Dakota
14088,18-24,1.0,Expats,High School,20,Bomb,North Dakota
14089,25-44,1.0,Expats,High School,20,Bomb,North Dakota
14090,45+,1.0,Expats,High School,20,Bomb,North Dakota
14091,18-24,2.0,Expats,High School,30,Bomb,North Dakota
14092,25-44,2.0,Expats,High School,20,Bomb,North Dakota
14093,45+,2.0,Expats,High School,20,Bomb,North Dakota
14094,18-24,1.0,Locals,Graduated,250,Bomb,North Dakota
14095,25-44,1.0,Locals,Graduated,1500,Bomb,North Dakota
14096,45+,1.0,Locals,Graduated,880,Bomb,North Dakota
14097,18-24,2.0,Locals,Graduated,450,Bomb,North Dakota
14098,25-44,2.0,Locals,Graduated,700,Bomb,North Dakota
14099,45+,2.0,Locals,Graduated,300,Bomb,North Dakota
14100,18-24,1.0,Locals,No Degree,120,Bomb,North Dakota
14101,25-44,1.0,Locals,No Degree,270,Bomb,North Dakota
14102,45+,1.0,Locals,No Degree,270,Bomb,North Dakota
14103,18-24,2.0,Locals,No Degree,490,Bomb,North Dakota
14104,25-44,2.0,Locals,No Degree,170,Bomb,North Dakota
14105,45+,2.0,Locals,No Degree,60,Bomb,North Dakota
14106,18-24,1.0,Locals,High School,400,Bomb,North Dakota
14107,25-44,1.0,Locals,High School,840,Bomb,North Dakota
14108,45+,1.0,Locals,High School,450,Bomb,North Dakota
14109,18-24,2.0,Locals,High School,1100,Bomb,North Dakota
14110,25-44,2.0,Locals,High School,500,Bomb,North Dakota
14111,45+,2.0,Locals,High School,150,Bomb,North Dakota
14112,18-24,1.0,Expats,Graduated,90,Bomb,Ohio
14113,25-44,1.0,Expats,Graduated,460,Bomb,Ohio
14114,45+,1.0,Expats,Graduated,240,Bomb,Ohio
14115,18-24,2.0,Expats,Graduated,160,Bomb,Ohio
14116,25-44,2.0,Expats,Graduated,280,Bomb,Ohio
14117,45+,2.0,Expats,Graduated,100,Bomb,Ohio
14118,18-24,1.0,Expats,No Degree,40,Bomb,Ohio
14119,25-44,1.0,Expats,No Degree,180,Bomb,Ohio
14120,45+,1.0,Expats,No Degree,90,Bomb,Ohio
14121,18-24,2.0,Expats,No Degree,130,Bomb,Ohio
14122,25-44,2.0,Expats,No Degree,100,Bomb,Ohio
14123,45+,2.0,Expats,No Degree,50,Bomb,Ohio
14124,18-24,1.0,Expats,High School,110,Bomb,Ohio
14125,25-44,1.0,Expats,High School,170,Bomb,Ohio
14126,45+,1.0,Expats,High School,80,Bomb,Ohio
14127,18-24,2.0,Expats,High School,250,Bomb,Ohio
14128,25-44,2.0,Expats,High School,110,Bomb,Ohio
14129,45+,2.0,Expats,High School,40,Bomb,Ohio
14130,18-24,1.0,Locals,Graduated,2100,Bomb,Ohio
14131,25-44,1.0,Locals,Graduated,14000,Bomb,Ohio
14132,45+,1.0,Locals,Graduated,11000,Bomb,Ohio
14133,18-24,2.0,Locals,Graduated,6300,Bomb,Ohio
14134,25-44,2.0,Locals,Graduated,9700,Bomb,Ohio
14135,45+,2.0,Locals,Graduated,4500,Bomb,Ohio
14136,18-24,1.0,Locals,No Degree,790,Bomb,Ohio
14137,25-44,1.0,Locals,No Degree,2400,Bomb,Ohio
14138,45+,1.0,Locals,No Degree,3400,Bomb,Ohio
14139,18-24,2.0,Locals,No Degree,6300,Bomb,Ohio
14140,25-44,2.0,Locals,No Degree,2700,Bomb,Ohio
14141,45+,2.0,Locals,No Degree,1900,Bomb,Ohio
14142,18-24,1.0,Locals,High School,3200,Bomb,Ohio
14143,25-44,1.0,Locals,High School,8700,Bomb,Ohio
14144,45+,1.0,Locals,High School,8400,Bomb,Ohio
14145,18-24,2.0,Locals,High School,14000,Bomb,Ohio
14146,25-44,2.0,Locals,High School,7300,Bomb,Ohio
14147,45+,2.0,Locals,High School,4000,Bomb,Ohio
14148,18-24,1.0,Expats,Graduated,50,Bomb,Oklahoma
14149,25-44,1.0,Expats,Graduated,230,Bomb,Oklahoma
14150,45+,1.0,Expats,Graduated,70,Bomb,Oklahoma
14151,18-24,2.0,Expats,Graduated,70,Bomb,Oklahoma
14152,25-44,2.0,Expats,Graduated,130,Bomb,Oklahoma
14153,45+,2.0,Expats,Graduated,90,Bomb,Oklahoma
14154,18-24,1.0,Expats,No Degree,30,Bomb,Oklahoma
14155,25-44,1.0,Expats,No Degree,110,Bomb,Oklahoma
14156,45+,1.0,Expats,No Degree,20,Bomb,Oklahoma
14157,18-24,2.0,Expats,No Degree,140,Bomb,Oklahoma
14158,25-44,2.0,Expats,No Degree,20,Bomb,Oklahoma
14159,45+,2.0,Expats,No Degree,20,Bomb,Oklahoma
14160,18-24,1.0,Expats,High School,20,Bomb,Oklahoma
14161,25-44,1.0,Expats,High School,90,Bomb,Oklahoma
14162,45+,1.0,Expats,High School,40,Bomb,Oklahoma
14163,18-24,2.0,Expats,High School,140,Bomb,Oklahoma
14164,25-44,2.0,Expats,High School,60,Bomb,Oklahoma
14165,45+,2.0,Expats,High School,20,Bomb,Oklahoma
14166,18-24,1.0,Locals,Graduated,860,Bomb,Oklahoma
14167,25-44,1.0,Locals,Graduated,5200,Bomb,Oklahoma
14168,45+,1.0,Locals,Graduated,5000,Bomb,Oklahoma
14169,18-24,2.0,Locals,Graduated,2200,Bomb,Oklahoma
14170,25-44,2.0,Locals,Graduated,3700,Bomb,Oklahoma
14171,45+,2.0,Locals,Graduated,1500,Bomb,Oklahoma
14172,18-24,1.0,Locals,No Degree,330,Bomb,Oklahoma
14173,25-44,1.0,Locals,No Degree,990,Bomb,Oklahoma
14174,45+,1.0,Locals,No Degree,1600,Bomb,Oklahoma
14175,18-24,2.0,Locals,No Degree,2200,Bomb,Oklahoma
14176,25-44,2.0,Locals,No Degree,940,Bomb,Oklahoma
14177,45+,2.0,Locals,No Degree,690,Bomb,Oklahoma
14178,18-24,1.0,Locals,High School,1200,Bomb,Oklahoma
14179,25-44,1.0,Locals,High School,3500,Bomb,Oklahoma
14180,45+,1.0,Locals,High School,3500,Bomb,Oklahoma
14181,18-24,2.0,Locals,High School,4700,Bomb,Oklahoma
14182,25-44,2.0,Locals,High School,2700,Bomb,Oklahoma
14183,45+,2.0,Locals,High School,1400,Bomb,Oklahoma
14184,18-24,1.0,Expats,Graduated,40,Bomb,Oregon
14185,25-44,1.0,Expats,Graduated,240,Bomb,Oregon
14186,45+,1.0,Expats,Graduated,180,Bomb,Oregon
14187,18-24,2.0,Expats,Graduated,90,Bomb,Oregon
14188,25-44,2.0,Expats,Graduated,170,Bomb,Oregon
14189,45+,2.0,Expats,Graduated,20,Bomb,Oregon
14190,18-24,1.0,Expats,No Degree,20,Bomb,Oregon
14191,25-44,1.0,Expats,No Degree,120,Bomb,Oregon
14192,45+,1.0,Expats,No Degree,80,Bomb,Oregon
14193,18-24,2.0,Expats,No Degree,90,Bomb,Oregon
14194,25-44,2.0,Expats,No Degree,60,Bomb,Oregon
14195,45+,2.0,Expats,No Degree,20,Bomb,Oregon
14196,18-24,1.0,Expats,High School,60,Bomb,Oregon
14197,25-44,1.0,Expats,High School,140,Bomb,Oregon
14198,45+,1.0,Expats,High School,20,Bomb,Oregon
14199,18-24,2.0,Expats,High School,130,Bomb,Oregon
14200,25-44,2.0,Expats,High School,20,Bomb,Oregon
14201,45+,2.0,Expats,High School,20,Bomb,Oregon
14202,18-24,1.0,Locals,Graduated,830,Bomb,Oregon
14203,25-44,1.0,Locals,Graduated,4200,Bomb,Oregon
14204,45+,1.0,Locals,Graduated,3900,Bomb,Oregon
14205,18-24,2.0,Locals,Graduated,1600,Bomb,Oregon
14206,25-44,2.0,Locals,Graduated,2800,Bomb,Oregon
14207,45+,2.0,Locals,Graduated,1500,Bomb,Oregon
14208,18-24,1.0,Locals,No Degree,280,Bomb,Oregon
14209,25-44,1.0,Locals,No Degree,900,Bomb,Oregon
14210,45+,1.0,Locals,No Degree,1100,Bomb,Oregon
14211,18-24,2.0,Locals,No Degree,1900,Bomb,Oregon
14212,25-44,2.0,Locals,No Degree,710,Bomb,Oregon
14213,45+,2.0,Locals,No Degree,380,Bomb,Oregon
14214,18-24,1.0,Locals,High School,1200,Bomb,Oregon
14215,25-44,1.0,Locals,High School,2500,Bomb,Oregon
14216,45+,1.0,Locals,High School,2100,Bomb,Oregon
14217,18-24,2.0,Locals,High School,3700,Bomb,Oregon
14218,25-44,2.0,Locals,High School,1900,Bomb,Oregon
14219,45+,2.0,Locals,High School,970,Bomb,Oregon
14220,18-24,1.0,Expats,Graduated,180,Bomb,Pennsylvania
14221,25-44,1.0,Expats,Graduated,800,Bomb,Pennsylvania
14222,45+,1.0,Expats,Graduated,340,Bomb,Pennsylvania
14223,18-24,2.0,Expats,Graduated,310,Bomb,Pennsylvania
14224,25-44,2.0,Expats,Graduated,480,Bomb,Pennsylvania
14225,45+,2.0,Expats,Graduated,170,Bomb,Pennsylvania
14226,18-24,1.0,Expats,No Degree,100,Bomb,Pennsylvania
14227,25-44,1.0,Expats,No Degree,280,Bomb,Pennsylvania
14228,45+,1.0,Expats,No Degree,160,Bomb,Pennsylvania
14229,18-24,2.0,Expats,No Degree,280,Bomb,Pennsylvania
14230,25-44,2.0,Expats,No Degree,220,Bomb,Pennsylvania
14231,45+,2.0,Expats,No Degree,110,Bomb,Pennsylvania
14232,18-24,1.0,Expats,High School,180,Bomb,Pennsylvania
14233,25-44,1.0,Expats,High School,280,Bomb,Pennsylvania
14234,45+,1.0,Expats,High School,120,Bomb,Pennsylvania
14235,18-24,2.0,Expats,High School,480,Bomb,Pennsylvania
14236,25-44,2.0,Expats,High School,220,Bomb,Pennsylvania
14237,45+,2.0,Expats,High School,70,Bomb,Pennsylvania
14238,18-24,1.0,Locals,Graduated,2600,Bomb,Pennsylvania
14239,25-44,1.0,Locals,Graduated,14000,Bomb,Pennsylvania
14240,45+,1.0,Locals,Graduated,10000,Bomb,Pennsylvania
14241,18-24,2.0,Locals,Graduated,5800,Bomb,Pennsylvania
14242,25-44,2.0,Locals,Graduated,8800,Bomb,Pennsylvania
14243,45+,2.0,Locals,Graduated,4000,Bomb,Pennsylvania
14244,18-24,1.0,Locals,No Degree,920,Bomb,Pennsylvania
14245,25-44,1.0,Locals,No Degree,2500,Bomb,Pennsylvania
14246,45+,1.0,Locals,No Degree,3400,Bomb,Pennsylvania
14247,18-24,2.0,Locals,No Degree,5700,Bomb,Pennsylvania
14248,25-44,2.0,Locals,No Degree,2500,Bomb,Pennsylvania
14249,45+,2.0,Locals,No Degree,1800,Bomb,Pennsylvania
14250,18-24,1.0,Locals,High School,3600,Bomb,Pennsylvania
14251,25-44,1.0,Locals,High School,8300,Bomb,Pennsylvania
14252,45+,1.0,Locals,High School,7700,Bomb,Pennsylvania
14253,18-24,2.0,Locals,High School,13000,Bomb,Pennsylvania
14254,25-44,2.0,Locals,High School,5800,Bomb,Pennsylvania
14255,45+,2.0,Locals,High School,3500,Bomb,Pennsylvania
14256,18-24,1.0,Expats,Graduated,40,Bomb,Rhode Island
14257,25-44,1.0,Expats,Graduated,130,Bomb,Rhode Island
14258,45+,1.0,Expats,Graduated,90,Bomb,Rhode Island
14259,18-24,2.0,Expats,Graduated,40,Bomb,Rhode Island
14260,25-44,2.0,Expats,Graduated,60,Bomb,Rhode Island
14261,45+,2.0,Expats,Graduated,20,Bomb,Rhode Island
14262,18-24,1.0,Expats,No Degree,20,Bomb,Rhode Island
14263,25-44,1.0,Expats,No Degree,40,Bomb,Rhode Island
14264,45+,1.0,Expats,No Degree,20,Bomb,Rhode Island
14265,18-24,2.0,Expats,No Degree,80,Bomb,Rhode Island
14266,25-44,2.0,Expats,No Degree,20,Bomb,Rhode Island
14267,45+,2.0,Expats,No Degree,20,Bomb,Rhode Island
14268,18-24,1.0,Expats,High School,50,Bomb,Rhode Island
14269,25-44,1.0,Expats,High School,20,Bomb,Rhode Island
14270,45+,1.0,Expats,High School,20,Bomb,Rhode Island
14271,18-24,2.0,Expats,High School,50,Bomb,Rhode Island
14272,25-44,2.0,Expats,High School,20,Bomb,Rhode Island
14273,45+,2.0,Expats,High School,20,Bomb,Rhode Island
14274,18-24,1.0,Locals,Graduated,200,Bomb,Rhode Island
14275,25-44,1.0,Locals,Graduated,1000,Bomb,Rhode Island
14276,45+,1.0,Locals,Graduated,720,Bomb,Rhode Island
14277,18-24,2.0,Locals,Graduated,340,Bomb,Rhode Island
14278,25-44,2.0,Locals,Graduated,580,Bomb,Rhode Island
14279,45+,2.0,Locals,Graduated,320,Bomb,Rhode Island
14280,18-24,1.0,Locals,No Degree,70,Bomb,Rhode Island
14281,25-44,1.0,Locals,No Degree,180,Bomb,Rhode Island
14282,45+,1.0,Locals,No Degree,250,Bomb,Rhode Island
14283,18-24,2.0,Locals,No Degree,310,Bomb,Rhode Island
14284,25-44,2.0,Locals,No Degree,150,Bomb,Rhode Island
14285,45+,2.0,Locals,No Degree,110,Bomb,Rhode Island
14286,18-24,1.0,Locals,High School,300,Bomb,Rhode Island
14287,25-44,1.0,Locals,High School,640,Bomb,Rhode Island
14288,45+,1.0,Locals,High School,420,Bomb,Rhode Island
14289,18-24,2.0,Locals,High School,870,Bomb,Rhode Island
14290,25-44,2.0,Locals,High School,260,Bomb,Rhode Island
14291,45+,2.0,Locals,High School,130,Bomb,Rhode Island
14292,18-24,1.0,Expats,Graduated,70,Bomb,South Carolina
14293,25-44,1.0,Expats,Graduated,350,Bomb,South Carolina
14294,45+,1.0,Expats,Graduated,130,Bomb,South Carolina
14295,18-24,2.0,Expats,Graduated,110,Bomb,South Carolina
14296,25-44,2.0,Expats,Graduated,240,Bomb,South Carolina
14297,45+,2.0,Expats,Graduated,60,Bomb,South Carolina
14298,18-24,1.0,Expats,No Degree,60,Bomb,South Carolina
14299,25-44,1.0,Expats,No Degree,200,Bomb,South Carolina
14300,45+,1.0,Expats,No Degree,60,Bomb,South Carolina
14301,18-24,2.0,Expats,No Degree,80,Bomb,South Carolina
14302,25-44,2.0,Expats,No Degree,80,Bomb,South Carolina
14303,45+,2.0,Expats,No Degree,50,Bomb,South Carolina
14304,18-24,1.0,Expats,High School,80,Bomb,South Carolina
14305,25-44,1.0,Expats,High School,160,Bomb,South Carolina
14306,45+,1.0,Expats,High School,60,Bomb,South Carolina
14307,18-24,2.0,Expats,High School,170,Bomb,South Carolina
14308,25-44,2.0,Expats,High School,100,Bomb,South Carolina
14309,45+,2.0,Expats,High School,20,Bomb,South Carolina
14310,18-24,1.0,Locals,Graduated,1000,Bomb,South Carolina
14311,25-44,1.0,Locals,Graduated,5400,Bomb,South Carolina
14312,45+,1.0,Locals,Graduated,5000,Bomb,South Carolina
14313,18-24,2.0,Locals,Graduated,3000,Bomb,South Carolina
14314,25-44,2.0,Locals,Graduated,4500,Bomb,South Carolina
14315,45+,2.0,Locals,Graduated,1800,Bomb,South Carolina
14316,18-24,1.0,Locals,No Degree,430,Bomb,South Carolina
14317,25-44,1.0,Locals,No Degree,960,Bomb,South Carolina
14318,45+,1.0,Locals,No Degree,1200,Bomb,South Carolina
14319,18-24,2.0,Locals,No Degree,2600,Bomb,South Carolina
14320,25-44,2.0,Locals,No Degree,1200,Bomb,South Carolina
14321,45+,2.0,Locals,No Degree,770,Bomb,South Carolina
14322,18-24,1.0,Locals,High School,1400,Bomb,South Carolina
14323,25-44,1.0,Locals,High School,3100,Bomb,South Carolina
14324,45+,1.0,Locals,High School,2700,Bomb,South Carolina
14325,18-24,2.0,Locals,High School,5900,Bomb,South Carolina
14326,25-44,2.0,Locals,High School,3100,Bomb,South Carolina
14327,45+,2.0,Locals,High School,1300,Bomb,South Carolina
14328,18-24,1.0,Expats,Graduated,20,Bomb,South Dakota
14329,25-44,1.0,Expats,Graduated,70,Bomb,South Dakota
14330,45+,1.0,Expats,Graduated,20,Bomb,South Dakota
14331,18-24,2.0,Expats,Graduated,20,Bomb,South Dakota
14332,25-44,2.0,Expats,Graduated,20,Bomb,South Dakota
14333,45+,2.0,Expats,Graduated,20,Bomb,South Dakota
14334,18-24,1.0,Expats,No Degree,20,Bomb,South Dakota
14335,25-44,1.0,Expats,No Degree,40,Bomb,South Dakota
14336,45+,1.0,Expats,No Degree,20,Bomb,South Dakota
14337,18-24,2.0,Expats,No Degree,20,Bomb,South Dakota
14338,25-44,2.0,Expats,No Degree,20,Bomb,South Dakota
14339,45+,2.0,Expats,No Degree,20,Bomb,South Dakota
14340,18-24,1.0,Expats,High School,20,Bomb,South Dakota
14341,25-44,1.0,Expats,High School,20,Bomb,South Dakota
14342,45+,1.0,Expats,High School,20,Bomb,South Dakota
14343,18-24,2.0,Expats,High School,20,Bomb,South Dakota
14344,25-44,2.0,Expats,High School,20,Bomb,South Dakota
14345,45+,2.0,Expats,High School,20,Bomb,South Dakota
14346,18-24,1.0,Locals,Graduated,180,Bomb,South Dakota
14347,25-44,1.0,Locals,Graduated,1200,Bomb,South Dakota
14348,45+,1.0,Locals,Graduated,820,Bomb,South Dakota
14349,18-24,2.0,Locals,Graduated,520,Bomb,South Dakota
14350,25-44,2.0,Locals,Graduated,450,Bomb,South Dakota
14351,45+,2.0,Locals,Graduated,360,Bomb,South Dakota
14352,18-24,1.0,Locals,No Degree,40,Bomb,South Dakota
14353,25-44,1.0,Locals,No Degree,170,Bomb,South Dakota
14354,45+,1.0,Locals,No Degree,290,Bomb,South Dakota
14355,18-24,2.0,Locals,No Degree,480,Bomb,South Dakota
14356,25-44,2.0,Locals,No Degree,210,Bomb,South Dakota
14357,45+,2.0,Locals,No Degree,150,Bomb,South Dakota
14358,18-24,1.0,Locals,High School,250,Bomb,South Dakota
14359,25-44,1.0,Locals,High School,650,Bomb,South Dakota
14360,45+,1.0,Locals,High School,690,Bomb,South Dakota
14361,18-24,2.0,Locals,High School,1000,Bomb,South Dakota
14362,25-44,2.0,Locals,High School,490,Bomb,South Dakota
14363,45+,2.0,Locals,High School,180,Bomb,South Dakota
14364,18-24,1.0,Expats,Graduated,90,Bomb,Tennessee
14365,25-44,1.0,Expats,Graduated,430,Bomb,Tennessee
14366,45+,1.0,Expats,Graduated,170,Bomb,Tennessee
14367,18-24,2.0,Expats,Graduated,130,Bomb,Tennessee
14368,25-44,2.0,Expats,Graduated,220,Bomb,Tennessee
14369,45+,2.0,Expats,Graduated,70,Bomb,Tennessee
14370,18-24,1.0,Expats,No Degree,70,Bomb,Tennessee
14371,25-44,1.0,Expats,No Degree,260,Bomb,Tennessee
14372,45+,1.0,Expats,No Degree,70,Bomb,Tennessee
14373,18-24,2.0,Expats,No Degree,120,Bomb,Tennessee
14374,25-44,2.0,Expats,No Degree,130,Bomb,Tennessee
14375,45+,2.0,Expats,No Degree,40,Bomb,Tennessee
14376,18-24,1.0,Expats,High School,100,Bomb,Tennessee
14377,25-44,1.0,Expats,High School,190,Bomb,Tennessee
14378,45+,1.0,Expats,High School,70,Bomb,Tennessee
14379,18-24,2.0,Expats,High School,200,Bomb,Tennessee
14380,25-44,2.0,Expats,High School,140,Bomb,Tennessee
14381,45+,2.0,Expats,High School,20,Bomb,Tennessee
14382,18-24,1.0,Locals,Graduated,1300,Bomb,Tennessee
14383,25-44,1.0,Locals,Graduated,7500,Bomb,Tennessee
14384,45+,1.0,Locals,Graduated,7200,Bomb,Tennessee
14385,18-24,2.0,Locals,Graduated,3800,Bomb,Tennessee
14386,25-44,2.0,Locals,Graduated,5300,Bomb,Tennessee
14387,45+,2.0,Locals,Graduated,2700,Bomb,Tennessee
14388,18-24,1.0,Locals,No Degree,480,Bomb,Tennessee
14389,25-44,1.0,Locals,No Degree,1400,Bomb,Tennessee
14390,45+,1.0,Locals,No Degree,2200,Bomb,Tennessee
14391,18-24,2.0,Locals,No Degree,3300,Bomb,Tennessee
14392,25-44,2.0,Locals,No Degree,1500,Bomb,Tennessee
14393,45+,2.0,Locals,No Degree,1300,Bomb,Tennessee
14394,18-24,1.0,Locals,High School,1800,Bomb,Tennessee
14395,25-44,1.0,Locals,High School,4800,Bomb,Tennessee
14396,45+,1.0,Locals,High School,4600,Bomb,Tennessee
14397,18-24,2.0,Locals,High School,7700,Bomb,Tennessee
14398,25-44,2.0,Locals,High School,4000,Bomb,Tennessee
14399,45+,2.0,Locals,High School,2100,Bomb,Tennessee
14400,18-24,1.0,Expats,Graduated,900,Bomb,Texas
14401,25-44,1.0,Expats,Graduated,3700,Bomb,Texas
14402,45+,1.0,Expats,Graduated,1500,Bomb,Texas
14403,18-24,2.0,Expats,Graduated,1200,Bomb,Texas
14404,25-44,2.0,Expats,Graduated,2000,Bomb,Texas
14405,45+,2.0,Expats,Graduated,480,Bomb,Texas
14406,18-24,1.0,Expats,No Degree,680,Bomb,Texas
14407,25-44,1.0,Expats,No Degree,2100,Bomb,Texas
14408,45+,1.0,Expats,No Degree,770,Bomb,Texas
14409,18-24,2.0,Expats,No Degree,1200,Bomb,Texas
14410,25-44,2.0,Expats,No Degree,1300,Bomb,Texas
14411,45+,2.0,Expats,No Degree,460,Bomb,Texas
14412,18-24,1.0,Expats,High School,800,Bomb,Texas
14413,25-44,1.0,Expats,High School,1700,Bomb,Texas
14414,45+,1.0,Expats,High School,450,Bomb,Texas
14415,18-24,2.0,Expats,High School,1700,Bomb,Texas
14416,25-44,2.0,Expats,High School,1300,Bomb,Texas
14417,45+,2.0,Expats,High School,320,Bomb,Texas
14418,18-24,1.0,Locals,Graduated,4100,Bomb,Texas
14419,25-44,1.0,Locals,Graduated,27000,Bomb,Texas
14420,45+,1.0,Locals,Graduated,24000,Bomb,Texas
14421,18-24,2.0,Locals,Graduated,10000,Bomb,Texas
14422,25-44,2.0,Locals,Graduated,16000,Bomb,Texas
14423,45+,2.0,Locals,Graduated,8200,Bomb,Texas
14424,18-24,1.0,Locals,No Degree,2000,Bomb,Texas
14425,25-44,1.0,Locals,No Degree,5300,Bomb,Texas
14426,45+,1.0,Locals,No Degree,6400,Bomb,Texas
14427,18-24,2.0,Locals,No Degree,11000,Bomb,Texas
14428,25-44,2.0,Locals,No Degree,4700,Bomb,Texas
14429,45+,2.0,Locals,No Degree,3500,Bomb,Texas
14430,18-24,1.0,Locals,High School,6200,Bomb,Texas
14431,25-44,1.0,Locals,High School,16000,Bomb,Texas
14432,45+,1.0,Locals,High School,13000,Bomb,Texas
14433,18-24,2.0,Locals,High School,22000,Bomb,Texas
14434,25-44,2.0,Locals,High School,12000,Bomb,Texas
14435,45+,2.0,Locals,High School,6000,Bomb,Texas
14436,18-24,1.0,Expats,Graduated,90,Bomb,Utah
14437,25-44,1.0,Expats,Graduated,230,Bomb,Utah
14438,45+,1.0,Expats,Graduated,90,Bomb,Utah
14439,18-24,2.0,Expats,Graduated,60,Bomb,Utah
14440,25-44,2.0,Expats,Graduated,150,Bomb,Utah
14441,45+,2.0,Expats,Graduated,20,Bomb,Utah
14442,18-24,1.0,Expats,No Degree,20,Bomb,Utah
14443,25-44,1.0,Expats,No Degree,40,Bomb,Utah
14444,45+,1.0,Expats,No Degree,30,Bomb,Utah
14445,18-24,2.0,Expats,No Degree,100,Bomb,Utah
14446,25-44,2.0,Expats,No Degree,80,Bomb,Utah
14447,45+,2.0,Expats,No Degree,20,Bomb,Utah
14448,18-24,1.0,Expats,High School,20,Bomb,Utah
14449,25-44,1.0,Expats,High School,90,Bomb,Utah
14450,45+,1.0,Expats,High School,20,Bomb,Utah
14451,18-24,2.0,Expats,High School,220,Bomb,Utah
14452,25-44,2.0,Expats,High School,60,Bomb,Utah
14453,45+,2.0,Expats,High School,20,Bomb,Utah
14454,18-24,1.0,Locals,Graduated,690,Bomb,Utah
14455,25-44,1.0,Locals,Graduated,3300,Bomb,Utah
14456,45+,1.0,Locals,Graduated,2200,Bomb,Utah
14457,18-24,2.0,Locals,Graduated,1700,Bomb,Utah
14458,25-44,2.0,Locals,Graduated,2100,Bomb,Utah
14459,45+,2.0,Locals,Graduated,710,Bomb,Utah
14460,18-24,1.0,Locals,No Degree,230,Bomb,Utah
14461,25-44,1.0,Locals,No Degree,620,Bomb,Utah
14462,45+,1.0,Locals,No Degree,540,Bomb,Utah
14463,18-24,2.0,Locals,No Degree,1500,Bomb,Utah
14464,25-44,2.0,Locals,No Degree,630,Bomb,Utah
14465,45+,2.0,Locals,No Degree,290,Bomb,Utah
14466,18-24,1.0,Locals,High School,1100,Bomb,Utah
14467,25-44,1.0,Locals,High School,2200,Bomb,Utah
14468,45+,1.0,Locals,High School,1100,Bomb,Utah
14469,18-24,2.0,Locals,High School,3600,Bomb,Utah
14470,25-44,2.0,Locals,High School,1500,Bomb,Utah
14471,45+,2.0,Locals,High School,460,Bomb,Utah
14472,18-24,1.0,Expats,Graduated,20,Bomb,Vermont
14473,25-44,1.0,Expats,Graduated,20,Bomb,Vermont
14474,45+,1.0,Expats,Graduated,30,Bomb,Vermont
14475,18-24,2.0,Expats,Graduated,20,Bomb,Vermont
14476,25-44,2.0,Expats,Graduated,20,Bomb,Vermont
14477,45+,2.0,Expats,Graduated,20,Bomb,Vermont
14478,18-24,1.0,Expats,No Degree,20,Bomb,Vermont
14479,25-44,1.0,Expats,No Degree,20,Bomb,Vermont
14480,45+,1.0,Expats,No Degree,20,Bomb,Vermont
14481,18-24,2.0,Expats,No Degree,20,Bomb,Vermont
14482,25-44,2.0,Expats,No Degree,20,Bomb,Vermont
14483,45+,2.0,Expats,No Degree,20,Bomb,Vermont
14484,18-24,1.0,Expats,High School,20,Bomb,Vermont
14485,25-44,1.0,Expats,High School,20,Bomb,Vermont
14486,45+,1.0,Expats,High School,20,Bomb,Vermont
14487,18-24,2.0,Expats,High School,20,Bomb,Vermont
14488,25-44,2.0,Expats,High School,20,Bomb,Vermont
14489,45+,2.0,Expats,High School,20,Bomb,Vermont
14490,18-24,1.0,Locals,Graduated,130,Bomb,Vermont
14491,25-44,1.0,Locals,Graduated,670,Bomb,Vermont
14492,45+,1.0,Locals,Graduated,560,Bomb,Vermont
14493,18-24,2.0,Locals,Graduated,310,Bomb,Vermont
14494,25-44,2.0,Locals,Graduated,370,Bomb,Vermont
14495,45+,2.0,Locals,Graduated,210,Bomb,Vermont
14496,18-24,1.0,Locals,No Degree,90,Bomb,Vermont
14497,25-44,1.0,Locals,No Degree,90,Bomb,Vermont
14498,45+,1.0,Locals,No Degree,250,Bomb,Vermont
14499,18-24,2.0,Locals,No Degree,340,Bomb,Vermont
14500,25-44,2.0,Locals,No Degree,110,Bomb,Vermont
14501,45+,2.0,Locals,No Degree,120,Bomb,Vermont
14502,18-24,1.0,Locals,High School,270,Bomb,Vermont
14503,25-44,1.0,Locals,High School,410,Bomb,Vermont
14504,45+,1.0,Locals,High School,530,Bomb,Vermont
14505,18-24,2.0,Locals,High School,610,Bomb,Vermont
14506,25-44,2.0,Locals,High School,280,Bomb,Vermont
14507,45+,2.0,Locals,High School,90,Bomb,Vermont
14508,18-24,1.0,Expats,Graduated,310,Bomb,Virginia
14509,25-44,1.0,Expats,Graduated,1300,Bomb,Virginia
14510,45+,1.0,Expats,Graduated,520,Bomb,Virginia
14511,18-24,2.0,Expats,Graduated,250,Bomb,Virginia
14512,25-44,2.0,Expats,Graduated,620,Bomb,Virginia
14513,45+,2.0,Expats,Graduated,180,Bomb,Virginia
14514,18-24,1.0,Expats,No Degree,170,Bomb,Virginia
14515,25-44,1.0,Expats,No Degree,740,Bomb,Virginia
14516,45+,1.0,Expats,No Degree,240,Bomb,Virginia
14517,18-24,2.0,Expats,No Degree,200,Bomb,Virginia
14518,25-44,2.0,Expats,No Degree,330,Bomb,Virginia
14519,45+,2.0,Expats,No Degree,130,Bomb,Virginia
14520,18-24,1.0,Expats,High School,260,Bomb,Virginia
14521,25-44,1.0,Expats,High School,530,Bomb,Virginia
14522,45+,1.0,Expats,High School,140,Bomb,Virginia
14523,18-24,2.0,Expats,High School,420,Bomb,Virginia
14524,25-44,2.0,Expats,High School,280,Bomb,Virginia
14525,45+,2.0,Expats,High School,60,Bomb,Virginia
14526,18-24,1.0,Locals,Graduated,1700,Bomb,Virginia
14527,25-44,1.0,Locals,Graduated,9700,Bomb,Virginia
14528,45+,1.0,Locals,Graduated,8400,Bomb,Virginia
14529,18-24,2.0,Locals,Graduated,3400,Bomb,Virginia
14530,25-44,2.0,Locals,Graduated,5700,Bomb,Virginia
14531,45+,2.0,Locals,Graduated,2900,Bomb,Virginia
14532,18-24,1.0,Locals,No Degree,550,Bomb,Virginia
14533,25-44,1.0,Locals,No Degree,1800,Bomb,Virginia
14534,45+,1.0,Locals,No Degree,2000,Bomb,Virginia
14535,18-24,2.0,Locals,No Degree,2800,Bomb,Virginia
14536,25-44,2.0,Locals,No Degree,1300,Bomb,Virginia
14537,45+,2.0,Locals,No Degree,1200,Bomb,Virginia
14538,18-24,1.0,Locals,High School,2500,Bomb,Virginia
14539,25-44,1.0,Locals,High School,5200,Bomb,Virginia
14540,45+,1.0,Locals,High School,4200,Bomb,Virginia
14541,18-24,2.0,Locals,High School,7200,Bomb,Virginia
14542,25-44,2.0,Locals,High School,3600,Bomb,Virginia
14543,45+,2.0,Locals,High School,1900,Bomb,Virginia
14544,18-24,1.0,Expats,Graduated,170,Bomb,Washington
14545,25-44,1.0,Expats,Graduated,770,Bomb,Washington
14546,45+,1.0,Expats,Graduated,390,Bomb,Washington
14547,18-24,2.0,Expats,Graduated,240,Bomb,Washington
14548,25-44,2.0,Expats,Graduated,460,Bomb,Washington
14549,45+,2.0,Expats,Graduated,140,Bomb,Washington
14550,18-24,1.0,Expats,No Degree,50,Bomb,Washington
14551,25-44,1.0,Expats,No Degree,220,Bomb,Washington
14552,45+,1.0,Expats,No Degree,150,Bomb,Washington
14553,18-24,2.0,Expats,No Degree,220,Bomb,Washington
14554,25-44,2.0,Expats,No Degree,180,Bomb,Washington
14555,45+,2.0,Expats,No Degree,80,Bomb,Washington
14556,18-24,1.0,Expats,High School,180,Bomb,Washington
14557,25-44,1.0,Expats,High School,250,Bomb,Washington
14558,45+,1.0,Expats,High School,130,Bomb,Washington
14559,18-24,2.0,Expats,High School,420,Bomb,Washington
14560,25-44,2.0,Expats,High School,190,Bomb,Washington
14561,45+,2.0,Expats,High School,40,Bomb,Washington
14562,18-24,1.0,Locals,Graduated,1500,Bomb,Washington
14563,25-44,1.0,Locals,Graduated,8400,Bomb,Washington
14564,45+,1.0,Locals,Graduated,7200,Bomb,Washington
14565,18-24,2.0,Locals,Graduated,3000,Bomb,Washington
14566,25-44,2.0,Locals,Graduated,4700,Bomb,Washington
14567,45+,2.0,Locals,Graduated,2300,Bomb,Washington
14568,18-24,1.0,Locals,No Degree,680,Bomb,Washington
14569,25-44,1.0,Locals,No Degree,1800,Bomb,Washington
14570,45+,1.0,Locals,No Degree,2100,Bomb,Washington
14571,18-24,2.0,Locals,No Degree,3300,Bomb,Washington
14572,25-44,2.0,Locals,No Degree,1400,Bomb,Washington
14573,45+,2.0,Locals,No Degree,920,Bomb,Washington
14574,18-24,1.0,Locals,High School,2200,Bomb,Washington
14575,25-44,1.0,Locals,High School,5100,Bomb,Washington
14576,45+,1.0,Locals,High School,3900,Bomb,Washington
14577,18-24,2.0,Locals,High School,6300,Bomb,Washington
14578,25-44,2.0,Locals,High School,3100,Bomb,Washington
14579,45+,2.0,Locals,High School,1400,Bomb,Washington
14580,18-24,1.0,Expats,Graduated,20,Bomb,West Virginia
14581,25-44,1.0,Expats,Graduated,20,Bomb,West Virginia
14582,45+,1.0,Expats,Graduated,20,Bomb,West Virginia
14583,18-24,2.0,Expats,Graduated,20,Bomb,West Virginia
14584,25-44,2.0,Expats,Graduated,20,Bomb,West Virginia
14585,45+,2.0,Expats,Graduated,20,Bomb,West Virginia
14586,18-24,1.0,Expats,No Degree,20,Bomb,West Virginia
14587,25-44,1.0,Expats,No Degree,20,Bomb,West Virginia
14588,45+,1.0,Expats,No Degree,20,Bomb,West Virginia
14589,18-24,2.0,Expats,No Degree,20,Bomb,West Virginia
14590,25-44,2.0,Expats,No Degree,20,Bomb,West Virginia
14591,45+,2.0,Expats,No Degree,20,Bomb,West Virginia
14592,18-24,1.0,Expats,High School,20,Bomb,West Virginia
14593,25-44,1.0,Expats,High School,20,Bomb,West Virginia
14594,45+,1.0,Expats,High School,20,Bomb,West Virginia
14595,18-24,2.0,Expats,High School,20,Bomb,West Virginia
14596,25-44,2.0,Expats,High School,20,Bomb,West Virginia
14597,45+,2.0,Expats,High School,20,Bomb,West Virginia
14598,18-24,1.0,Locals,Graduated,540,Bomb,West Virginia
14599,25-44,1.0,Locals,Graduated,2200,Bomb,West Virginia
14600,45+,1.0,Locals,Graduated,1700,Bomb,West Virginia
14601,18-24,2.0,Locals,Graduated,1400,Bomb,West Virginia
14602,25-44,2.0,Locals,Graduated,2000,Bomb,West Virginia
14603,45+,2.0,Locals,Graduated,850,Bomb,West Virginia
14604,18-24,1.0,Locals,No Degree,130,Bomb,West Virginia
14605,25-44,1.0,Locals,No Degree,300,Bomb,West Virginia
14606,45+,1.0,Locals,No Degree,510,Bomb,West Virginia
14607,18-24,2.0,Locals,No Degree,1500,Bomb,West Virginia
14608,25-44,2.0,Locals,No Degree,840,Bomb,West Virginia
14609,45+,2.0,Locals,No Degree,360,Bomb,West Virginia
14610,18-24,1.0,Locals,High School,610,Bomb,West Virginia
14611,25-44,1.0,Locals,High School,1500,Bomb,West Virginia
14612,45+,1.0,Locals,High School,1500,Bomb,West Virginia
14613,18-24,2.0,Locals,High School,3000,Bomb,West Virginia
14614,25-44,2.0,Locals,High School,1700,Bomb,West Virginia
14615,45+,2.0,Locals,High School,820,Bomb,West Virginia
14616,18-24,1.0,Expats,Graduated,60,Bomb,Wisconsin
14617,25-44,1.0,Expats,Graduated,240,Bomb,Wisconsin
14618,45+,1.0,Expats,Graduated,130,Bomb,Wisconsin
14619,18-24,2.0,Expats,Graduated,100,Bomb,Wisconsin
14620,25-44,2.0,Expats,Graduated,160,Bomb,Wisconsin
14621,45+,2.0,Expats,Graduated,40,Bomb,Wisconsin
14622,18-24,1.0,Expats,No Degree,30,Bomb,Wisconsin
14623,25-44,1.0,Expats,No Degree,100,Bomb,Wisconsin
14624,45+,1.0,Expats,No Degree,40,Bomb,Wisconsin
14625,18-24,2.0,Expats,No Degree,120,Bomb,Wisconsin
14626,25-44,2.0,Expats,No Degree,60,Bomb,Wisconsin
14627,45+,2.0,Expats,No Degree,20,Bomb,Wisconsin
14628,18-24,1.0,Expats,High School,70,Bomb,Wisconsin
14629,25-44,1.0,Expats,High School,90,Bomb,Wisconsin
14630,45+,1.0,Expats,High School,30,Bomb,Wisconsin
14631,18-24,2.0,Expats,High School,190,Bomb,Wisconsin
14632,25-44,2.0,Expats,High School,60,Bomb,Wisconsin
14633,45+,2.0,Expats,High School,20,Bomb,Wisconsin
14634,18-24,1.0,Locals,Graduated,1300,Bomb,Wisconsin
14635,25-44,1.0,Locals,Graduated,7600,Bomb,Wisconsin
14636,45+,1.0,Locals,Graduated,5400,Bomb,Wisconsin
14637,18-24,2.0,Locals,Graduated,2800,Bomb,Wisconsin
14638,25-44,2.0,Locals,Graduated,3900,Bomb,Wisconsin
14639,45+,2.0,Locals,Graduated,1700,Bomb,Wisconsin
14640,18-24,1.0,Locals,No Degree,490,Bomb,Wisconsin
14641,25-44,1.0,Locals,No Degree,1200,Bomb,Wisconsin
14642,45+,1.0,Locals,No Degree,1600,Bomb,Wisconsin
14643,18-24,2.0,Locals,No Degree,3100,Bomb,Wisconsin
14644,25-44,2.0,Locals,No Degree,1100,Bomb,Wisconsin
14645,45+,2.0,Locals,No Degree,700,Bomb,Wisconsin
14646,18-24,1.0,Locals,High School,1900,Bomb,Wisconsin
14647,25-44,1.0,Locals,High School,4200,Bomb,Wisconsin
14648,45+,1.0,Locals,High School,3200,Bomb,Wisconsin
14649,18-24,2.0,Locals,High School,6400,Bomb,Wisconsin
14650,25-44,2.0,Locals,High School,2600,Bomb,Wisconsin
14651,45+,2.0,Locals,High School,1400,Bomb,Wisconsin
14652,18-24,1.0,Expats,Graduated,20,Bomb,Wyoming
14653,25-44,1.0,Expats,Graduated,60,Bomb,Wyoming
14654,45+,1.0,Expats,Graduated,20,Bomb,Wyoming
14655,18-24,2.0,Expats,Graduated,30,Bomb,Wyoming
14656,25-44,2.0,Expats,Graduated,20,Bomb,Wyoming
14657,45+,2.0,Expats,Graduated,20,Bomb,Wyoming
14658,18-24,1.0,Expats,No Degree,20,Bomb,Wyoming
14659,25-44,1.0,Expats,No Degree,20,Bomb,Wyoming
14660,45+,1.0,Expats,No Degree,20,Bomb,Wyoming
14661,18-24,2.0,Expats,No Degree,20,Bomb,Wyoming
14662,25-44,2.0,Expats,No Degree,20,Bomb,Wyoming
14663,45+,2.0,Expats,No Degree,20,Bomb,Wyoming
14664,18-24,1.0,Expats,High School,20,Bomb,Wyoming
14665,25-44,1.0,Expats,High School,20,Bomb,Wyoming
14666,45+,1.0,Expats,High School,20,Bomb,Wyoming
14667,18-24,2.0,Expats,High School,40,Bomb,Wyoming
14668,25-44,2.0,Expats,High School,20,Bomb,Wyoming
14669,45+,2.0,Expats,High School,20,Bomb,Wyoming
14670,18-24,1.0,Locals,Graduated,340,Bomb,Wyoming
14671,25-44,1.0,Locals,Graduated,1200,Bomb,Wyoming
14672,45+,1.0,Locals,Graduated,900,Bomb,Wyoming
14673,18-24,2.0,Locals,Graduated,310,Bomb,Wyoming
14674,25-44,2.0,Locals,Graduated,630,Bomb,Wyoming
14675,45+,2.0,Locals,Graduated,360,Bomb,Wyoming
14676,18-24,1.0,Locals,No Degree,90,Bomb,Wyoming
14677,25-44,1.0,Locals,No Degree,140,Bomb,Wyoming
14678,45+,1.0,Locals,No Degree,270,Bomb,Wyoming
14679,18-24,2.0,Locals,No Degree,510,Bomb,Wyoming
14680,25-44,2.0,Locals,No Degree,220,Bomb,Wyoming
14681,45+,2.0,Locals,No Degree,180,Bomb,Wyoming
14682,18-24,1.0,Locals,High School,210,Bomb,Wyoming
14683,25-44,1.0,Locals,High School,740,Bomb,Wyoming
14684,45+,1.0,Locals,High School,550,Bomb,Wyoming
14685,18-24,2.0,Locals,High School,710,Bomb,Wyoming
14686,25-44,2.0,Locals,High School,630,Bomb,Wyoming
14687,45+,2.0,Locals,High School,250,Bomb,Wyoming
