,age_range,gender,citizenship,scholarity,audience,topic,country_code
7344,18-24,Male,Expats,Graduated,3000,stroke heart disease,DZ
7345,25-44,Male,Expats,Graduated,4600,stroke heart disease,DZ
7346,45+,Male,Expats,Graduated,930,stroke heart disease,DZ
7347,18-24,Female,Expats,Graduated,1400,stroke heart disease,DZ
7348,25-44,Female,Expats,Graduated,1300,stroke heart disease,DZ
7349,45+,Female,Expats,Graduated,390,stroke heart disease,DZ
7350,18-24,Male,Expats,No Degree,2700,stroke heart disease,DZ
7351,25-44,Male,Expats,No Degree,6200,stroke heart disease,DZ
7352,45+,Male,Expats,No Degree,1600,stroke heart disease,DZ
7353,18-24,Female,Expats,No Degree,1100,stroke heart disease,DZ
7354,25-44,Female,Expats,No Degree,2100,stroke heart disease,DZ
7355,45+,Female,Expats,No Degree,720,stroke heart disease,DZ
7356,18-24,Male,Expats,High School,1300,stroke heart disease,DZ
7357,25-44,Male,Expats,High School,1200,stroke heart disease,DZ
7358,45+,Male,Expats,High School,250,stroke heart disease,DZ
7359,18-24,Female,Expats,High School,480,stroke heart disease,DZ
7360,25-44,Female,Expats,High School,310,stroke heart disease,DZ
7361,45+,Female,Expats,High School,110,stroke heart disease,DZ
7362,18-24,Male,Locals,Graduated,13000,stroke heart disease,DZ
7363,25-44,Male,Locals,Graduated,35000,stroke heart disease,DZ
7364,45+,Male,Locals,Graduated,7500,stroke heart disease,DZ
7365,18-24,Female,Locals,Graduated,14000,stroke heart disease,DZ
7366,25-44,Female,Locals,Graduated,22000,stroke heart disease,DZ
7367,45+,Female,Locals,Graduated,4100,stroke heart disease,DZ
7368,18-24,Male,Locals,No Degree,19000,stroke heart disease,DZ
7369,25-44,Male,Locals,No Degree,57000,stroke heart disease,DZ
7370,45+,Male,Locals,No Degree,14000,stroke heart disease,DZ
7371,18-24,Female,Locals,No Degree,15000,stroke heart disease,DZ
7372,25-44,Female,Locals,No Degree,30000,stroke heart disease,DZ
7373,45+,Female,Locals,No Degree,8600,stroke heart disease,DZ
7374,18-24,Male,Locals,High School,6000,stroke heart disease,DZ
7375,25-44,Male,Locals,High School,10000,stroke heart disease,DZ
7376,45+,Male,Locals,High School,3000,stroke heart disease,DZ
7377,18-24,Female,Locals,High School,5700,stroke heart disease,DZ
7378,25-44,Female,Locals,High School,5000,stroke heart disease,DZ
7379,45+,Female,Locals,High School,1700,stroke heart disease,DZ
7380,18-24,Male,Expats,Graduated,460,stroke heart disease,BH
7381,25-44,Male,Expats,Graduated,1300,stroke heart disease,BH
7382,45+,Male,Expats,Graduated,270,stroke heart disease,BH
7383,18-24,Female,Expats,Graduated,70,stroke heart disease,BH
7384,25-44,Female,Expats,Graduated,1200,stroke heart disease,BH
7385,45+,Female,Expats,Graduated,820,stroke heart disease,BH
7386,18-24,Male,Expats,No Degree,360,stroke heart disease,BH
7387,25-44,Male,Expats,No Degree,900,stroke heart disease,BH
7388,45+,Male,Expats,No Degree,180,stroke heart disease,BH
7389,18-24,Female,Expats,No Degree,30,stroke heart disease,BH
7390,25-44,Female,Expats,No Degree,420,stroke heart disease,BH
7391,45+,Female,Expats,No Degree,540,stroke heart disease,BH
7392,18-24,Male,Expats,High School,140,stroke heart disease,BH
7393,25-44,Male,Expats,High School,410,stroke heart disease,BH
7394,45+,Male,Expats,High School,80,stroke heart disease,BH
7395,18-24,Female,Expats,High School,30,stroke heart disease,BH
7396,25-44,Female,Expats,High School,430,stroke heart disease,BH
7397,45+,Female,Expats,High School,230,stroke heart disease,BH
7398,18-24,Male,Locals,Graduated,50,stroke heart disease,BH
7399,25-44,Male,Locals,Graduated,90,stroke heart disease,BH
7400,45+,Male,Locals,Graduated,20,stroke heart disease,BH
7401,18-24,Female,Locals,Graduated,20,stroke heart disease,BH
7402,25-44,Female,Locals,Graduated,90,stroke heart disease,BH
7403,45+,Female,Locals,Graduated,20,stroke heart disease,BH
7404,18-24,Male,Locals,No Degree,20,stroke heart disease,BH
7405,25-44,Male,Locals,No Degree,70,stroke heart disease,BH
7406,45+,Male,Locals,No Degree,50,stroke heart disease,BH
7407,18-24,Female,Locals,No Degree,20,stroke heart disease,BH
7408,25-44,Female,Locals,No Degree,20,stroke heart disease,BH
7409,45+,Female,Locals,No Degree,20,stroke heart disease,BH
7410,18-24,Male,Locals,High School,20,stroke heart disease,BH
7411,25-44,Male,Locals,High School,30,stroke heart disease,BH
7412,45+,Male,Locals,High School,20,stroke heart disease,BH
7413,18-24,Female,Locals,High School,20,stroke heart disease,BH
7414,25-44,Female,Locals,High School,20,stroke heart disease,BH
7415,45+,Female,Locals,High School,20,stroke heart disease,BH
7416,18-24,Male,Expats,Graduated,3900,stroke heart disease,EG
7417,25-44,Male,Expats,Graduated,7500,stroke heart disease,EG
7418,45+,Male,Expats,Graduated,2700,stroke heart disease,EG
7419,18-24,Female,Expats,Graduated,2300,stroke heart disease,EG
7420,25-44,Female,Expats,Graduated,4200,stroke heart disease,EG
7421,45+,Female,Expats,Graduated,1400,stroke heart disease,EG
7422,18-24,Male,Expats,No Degree,1500,stroke heart disease,EG
7423,25-44,Male,Expats,No Degree,3000,stroke heart disease,EG
7424,45+,Male,Expats,No Degree,2000,stroke heart disease,EG
7425,18-24,Female,Expats,No Degree,1000,stroke heart disease,EG
7426,25-44,Female,Expats,No Degree,1900,stroke heart disease,EG
7427,45+,Female,Expats,No Degree,1600,stroke heart disease,EG
7428,18-24,Male,Expats,High School,2300,stroke heart disease,EG
7429,25-44,Male,Expats,High School,1700,stroke heart disease,EG
7430,45+,Male,Expats,High School,650,stroke heart disease,EG
7431,18-24,Female,Expats,High School,1600,stroke heart disease,EG
7432,25-44,Female,Expats,High School,1000,stroke heart disease,EG
7433,45+,Female,Expats,High School,480,stroke heart disease,EG
7434,18-24,Male,Locals,Graduated,73000,stroke heart disease,EG
7435,25-44,Male,Locals,Graduated,170000,stroke heart disease,EG
7436,45+,Male,Locals,Graduated,56000,stroke heart disease,EG
7437,18-24,Female,Locals,Graduated,85000,stroke heart disease,EG
7438,25-44,Female,Locals,Graduated,130000,stroke heart disease,EG
7439,45+,Female,Locals,Graduated,36000,stroke heart disease,EG
7440,18-24,Male,Locals,No Degree,39000,stroke heart disease,EG
7441,25-44,Male,Locals,No Degree,95000,stroke heart disease,EG
7442,45+,Male,Locals,No Degree,62000,stroke heart disease,EG
7443,18-24,Female,Locals,No Degree,54000,stroke heart disease,EG
7444,25-44,Female,Locals,No Degree,74000,stroke heart disease,EG
7445,45+,Female,Locals,No Degree,53000,stroke heart disease,EG
7446,18-24,Male,Locals,High School,47000,stroke heart disease,EG
7447,25-44,Male,Locals,High School,35000,stroke heart disease,EG
7448,45+,Male,Locals,High School,14000,stroke heart disease,EG
7449,18-24,Female,Locals,High School,60000,stroke heart disease,EG
7450,25-44,Female,Locals,High School,23000,stroke heart disease,EG
7451,45+,Female,Locals,High School,7400,stroke heart disease,EG
7452,18-24,Male,Expats,Graduated,2200,stroke heart disease,IQ
7453,25-44,Male,Expats,Graduated,7000,stroke heart disease,IQ
7454,45+,Male,Expats,Graduated,1400,stroke heart disease,IQ
7455,18-24,Female,Expats,Graduated,810,stroke heart disease,IQ
7456,25-44,Female,Expats,Graduated,1900,stroke heart disease,IQ
7457,45+,Female,Expats,Graduated,400,stroke heart disease,IQ
7458,18-24,Male,Expats,No Degree,1900,stroke heart disease,IQ
7459,25-44,Male,Expats,No Degree,3300,stroke heart disease,IQ
7460,45+,Male,Expats,No Degree,1000,stroke heart disease,IQ
7461,18-24,Female,Expats,No Degree,1200,stroke heart disease,IQ
7462,25-44,Female,Expats,No Degree,1700,stroke heart disease,IQ
7463,45+,Female,Expats,No Degree,490,stroke heart disease,IQ
7464,18-24,Male,Expats,High School,1300,stroke heart disease,IQ
7465,25-44,Male,Expats,High School,1600,stroke heart disease,IQ
7466,45+,Male,Expats,High School,450,stroke heart disease,IQ
7467,18-24,Female,Expats,High School,670,stroke heart disease,IQ
7468,25-44,Female,Expats,High School,660,stroke heart disease,IQ
7469,45+,Female,Expats,High School,90,stroke heart disease,IQ
7470,18-24,Male,Locals,Graduated,22000,stroke heart disease,IQ
7471,25-44,Male,Locals,Graduated,82000,stroke heart disease,IQ
7472,45+,Male,Locals,Graduated,23000,stroke heart disease,IQ
7473,18-24,Female,Locals,Graduated,13000,stroke heart disease,IQ
7474,25-44,Female,Locals,Graduated,33000,stroke heart disease,IQ
7475,45+,Female,Locals,Graduated,7800,stroke heart disease,IQ
7476,18-24,Male,Locals,No Degree,35000,stroke heart disease,IQ
7477,25-44,Male,Locals,No Degree,81000,stroke heart disease,IQ
7478,45+,Male,Locals,No Degree,35000,stroke heart disease,IQ
7479,18-24,Female,Locals,No Degree,25000,stroke heart disease,IQ
7480,25-44,Female,Locals,No Degree,39000,stroke heart disease,IQ
7481,45+,Female,Locals,No Degree,14000,stroke heart disease,IQ
7482,18-24,Male,Locals,High School,14000,stroke heart disease,IQ
7483,25-44,Male,Locals,High School,25000,stroke heart disease,IQ
7484,45+,Male,Locals,High School,7300,stroke heart disease,IQ
7485,18-24,Female,Locals,High School,13000,stroke heart disease,IQ
7486,25-44,Female,Locals,High School,10000,stroke heart disease,IQ
7487,45+,Female,Locals,High School,2600,stroke heart disease,IQ
7488,18-24,Male,Expats,Graduated,2800,stroke heart disease,JO
7489,25-44,Male,Expats,Graduated,9200,stroke heart disease,JO
7490,45+,Male,Expats,Graduated,3000,stroke heart disease,JO
7491,18-24,Female,Expats,Graduated,2400,stroke heart disease,JO
7492,25-44,Female,Expats,Graduated,8300,stroke heart disease,JO
7493,45+,Female,Expats,Graduated,2500,stroke heart disease,JO
7494,18-24,Male,Expats,No Degree,3600,stroke heart disease,JO
7495,25-44,Male,Expats,No Degree,10000,stroke heart disease,JO
7496,45+,Male,Expats,No Degree,4300,stroke heart disease,JO
7497,18-24,Female,Expats,No Degree,1900,stroke heart disease,JO
7498,25-44,Female,Expats,No Degree,5500,stroke heart disease,JO
7499,45+,Female,Expats,No Degree,3700,stroke heart disease,JO
7500,18-24,Male,Expats,High School,2500,stroke heart disease,JO
7501,25-44,Male,Expats,High School,3000,stroke heart disease,JO
7502,45+,Male,Expats,High School,920,stroke heart disease,JO
7503,18-24,Female,Expats,High School,1800,stroke heart disease,JO
7504,25-44,Female,Expats,High School,2600,stroke heart disease,JO
7505,45+,Female,Expats,High School,910,stroke heart disease,JO
7506,18-24,Male,Locals,Graduated,9100,stroke heart disease,JO
7507,25-44,Male,Locals,Graduated,28000,stroke heart disease,JO
7508,45+,Male,Locals,Graduated,10000,stroke heart disease,JO
7509,18-24,Female,Locals,Graduated,8400,stroke heart disease,JO
7510,25-44,Female,Locals,Graduated,29000,stroke heart disease,JO
7511,45+,Female,Locals,Graduated,6100,stroke heart disease,JO
7512,18-24,Male,Locals,No Degree,11000,stroke heart disease,JO
7513,25-44,Male,Locals,No Degree,25000,stroke heart disease,JO
7514,45+,Male,Locals,No Degree,17000,stroke heart disease,JO
7515,18-24,Female,Locals,No Degree,11000,stroke heart disease,JO
7516,25-44,Female,Locals,No Degree,26000,stroke heart disease,JO
7517,45+,Female,Locals,No Degree,13000,stroke heart disease,JO
7518,18-24,Male,Locals,High School,7400,stroke heart disease,JO
7519,25-44,Male,Locals,High School,8900,stroke heart disease,JO
7520,45+,Male,Locals,High School,4500,stroke heart disease,JO
7521,18-24,Female,Locals,High School,8000,stroke heart disease,JO
7522,25-44,Female,Locals,High School,9000,stroke heart disease,JO
7523,45+,Female,Locals,High School,2600,stroke heart disease,JO
7524,18-24,Male,Expats,Graduated,1100,stroke heart disease,KW
7525,25-44,Male,Expats,Graduated,12000,stroke heart disease,KW
7526,45+,Male,Expats,Graduated,1900,stroke heart disease,KW
7527,18-24,Female,Expats,Graduated,520,stroke heart disease,KW
7528,25-44,Female,Expats,Graduated,9300,stroke heart disease,KW
7529,45+,Female,Expats,Graduated,2800,stroke heart disease,KW
7530,18-24,Male,Expats,No Degree,3500,stroke heart disease,KW
7531,25-44,Male,Expats,No Degree,14000,stroke heart disease,KW
7532,45+,Male,Expats,No Degree,3400,stroke heart disease,KW
7533,18-24,Female,Expats,No Degree,750,stroke heart disease,KW
7534,25-44,Female,Expats,No Degree,5200,stroke heart disease,KW
7535,45+,Female,Expats,No Degree,2000,stroke heart disease,KW
7536,18-24,Male,Expats,High School,590,stroke heart disease,KW
7537,25-44,Male,Expats,High School,3900,stroke heart disease,KW
7538,45+,Male,Expats,High School,540,stroke heart disease,KW
7539,18-24,Female,Expats,High School,360,stroke heart disease,KW
7540,25-44,Female,Expats,High School,3400,stroke heart disease,KW
7541,45+,Female,Expats,High School,1000,stroke heart disease,KW
7542,18-24,Male,Locals,Graduated,30,stroke heart disease,KW
7543,25-44,Male,Locals,Graduated,350,stroke heart disease,KW
7544,45+,Male,Locals,Graduated,40,stroke heart disease,KW
7545,18-24,Female,Locals,Graduated,20,stroke heart disease,KW
7546,25-44,Female,Locals,Graduated,280,stroke heart disease,KW
7547,45+,Female,Locals,Graduated,90,stroke heart disease,KW
7548,18-24,Male,Locals,No Degree,160,stroke heart disease,KW
7549,25-44,Male,Locals,No Degree,450,stroke heart disease,KW
7550,45+,Male,Locals,No Degree,140,stroke heart disease,KW
7551,18-24,Female,Locals,No Degree,60,stroke heart disease,KW
7552,25-44,Female,Locals,No Degree,210,stroke heart disease,KW
7553,45+,Female,Locals,No Degree,40,stroke heart disease,KW
7554,18-24,Male,Locals,High School,20,stroke heart disease,KW
7555,25-44,Male,Locals,High School,50,stroke heart disease,KW
7556,45+,Male,Locals,High School,20,stroke heart disease,KW
7557,18-24,Female,Locals,High School,40,stroke heart disease,KW
7558,25-44,Female,Locals,High School,70,stroke heart disease,KW
7559,45+,Female,Locals,High School,20,stroke heart disease,KW
7560,18-24,Male,Expats,Graduated,1400,stroke heart disease,LB
7561,25-44,Male,Expats,Graduated,2700,stroke heart disease,LB
7562,45+,Male,Expats,Graduated,690,stroke heart disease,LB
7563,18-24,Female,Expats,Graduated,540,stroke heart disease,LB
7564,25-44,Female,Expats,Graduated,1600,stroke heart disease,LB
7565,45+,Female,Expats,Graduated,1100,stroke heart disease,LB
7566,18-24,Male,Expats,No Degree,2200,stroke heart disease,LB
7567,25-44,Male,Expats,No Degree,4600,stroke heart disease,LB
7568,45+,Male,Expats,No Degree,1200,stroke heart disease,LB
7569,18-24,Female,Expats,No Degree,790,stroke heart disease,LB
7570,25-44,Female,Expats,No Degree,2000,stroke heart disease,LB
7571,45+,Female,Expats,No Degree,1900,stroke heart disease,LB
7572,18-24,Male,Expats,High School,850,stroke heart disease,LB
7573,25-44,Male,Expats,High School,1300,stroke heart disease,LB
7574,45+,Male,Expats,High School,360,stroke heart disease,LB
7575,18-24,Female,Expats,High School,320,stroke heart disease,LB
7576,25-44,Female,Expats,High School,580,stroke heart disease,LB
7577,45+,Female,Expats,High School,400,stroke heart disease,LB
7578,18-24,Male,Locals,Graduated,3000,stroke heart disease,LB
7579,25-44,Male,Locals,Graduated,7700,stroke heart disease,LB
7580,45+,Male,Locals,Graduated,3200,stroke heart disease,LB
7581,18-24,Female,Locals,Graduated,3000,stroke heart disease,LB
7582,25-44,Female,Locals,Graduated,8200,stroke heart disease,LB
7583,45+,Female,Locals,Graduated,5600,stroke heart disease,LB
7584,18-24,Male,Locals,No Degree,5000,stroke heart disease,LB
7585,25-44,Male,Locals,No Degree,7600,stroke heart disease,LB
7586,45+,Male,Locals,No Degree,6600,stroke heart disease,LB
7587,18-24,Female,Locals,No Degree,3800,stroke heart disease,LB
7588,25-44,Female,Locals,No Degree,9600,stroke heart disease,LB
7589,45+,Female,Locals,No Degree,12000,stroke heart disease,LB
7590,18-24,Male,Locals,High School,2600,stroke heart disease,LB
7591,25-44,Male,Locals,High School,1900,stroke heart disease,LB
7592,45+,Male,Locals,High School,940,stroke heart disease,LB
7593,18-24,Female,Locals,High School,3200,stroke heart disease,LB
7594,25-44,Female,Locals,High School,1800,stroke heart disease,LB
7595,45+,Female,Locals,High School,1800,stroke heart disease,LB
7596,18-24,Male,Expats,Graduated,1000,stroke heart disease,LY
7597,25-44,Male,Expats,Graduated,3200,stroke heart disease,LY
7598,45+,Male,Expats,Graduated,830,stroke heart disease,LY
7599,18-24,Female,Expats,Graduated,410,stroke heart disease,LY
7600,25-44,Female,Expats,Graduated,1400,stroke heart disease,LY
7601,45+,Female,Expats,Graduated,410,stroke heart disease,LY
7602,18-24,Male,Expats,No Degree,1300,stroke heart disease,LY
7603,25-44,Male,Expats,No Degree,3200,stroke heart disease,LY
7604,45+,Male,Expats,No Degree,840,stroke heart disease,LY
7605,18-24,Female,Expats,No Degree,440,stroke heart disease,LY
7606,25-44,Female,Expats,No Degree,1400,stroke heart disease,LY
7607,45+,Female,Expats,No Degree,540,stroke heart disease,LY
7608,18-24,Male,Expats,High School,480,stroke heart disease,LY
7609,25-44,Male,Expats,High School,950,stroke heart disease,LY
7610,45+,Male,Expats,High School,220,stroke heart disease,LY
7611,18-24,Female,Expats,High School,270,stroke heart disease,LY
7612,25-44,Female,Expats,High School,370,stroke heart disease,LY
7613,45+,Female,Expats,High School,120,stroke heart disease,LY
7614,18-24,Male,Locals,Graduated,6700,stroke heart disease,LY
7615,25-44,Male,Locals,Graduated,18000,stroke heart disease,LY
7616,45+,Male,Locals,Graduated,5100,stroke heart disease,LY
7617,18-24,Female,Locals,Graduated,5900,stroke heart disease,LY
7618,25-44,Female,Locals,Graduated,15000,stroke heart disease,LY
7619,45+,Female,Locals,Graduated,3000,stroke heart disease,LY
7620,18-24,Male,Locals,No Degree,5800,stroke heart disease,LY
7621,25-44,Male,Locals,No Degree,15000,stroke heart disease,LY
7622,45+,Male,Locals,No Degree,6300,stroke heart disease,LY
7623,18-24,Female,Locals,No Degree,5400,stroke heart disease,LY
7624,25-44,Female,Locals,No Degree,16000,stroke heart disease,LY
7625,45+,Female,Locals,No Degree,7100,stroke heart disease,LY
7626,18-24,Male,Locals,High School,4100,stroke heart disease,LY
7627,25-44,Male,Locals,High School,3900,stroke heart disease,LY
7628,45+,Male,Locals,High School,1500,stroke heart disease,LY
7629,18-24,Female,Locals,High School,4200,stroke heart disease,LY
7630,25-44,Female,Locals,High School,3500,stroke heart disease,LY
7631,45+,Female,Locals,High School,920,stroke heart disease,LY
7632,18-24,Male,Expats,Graduated,2000,stroke heart disease,MA
7633,25-44,Male,Expats,Graduated,2400,stroke heart disease,MA
7634,45+,Male,Expats,Graduated,720,stroke heart disease,MA
7635,18-24,Female,Expats,Graduated,560,stroke heart disease,MA
7636,25-44,Female,Expats,Graduated,860,stroke heart disease,MA
7637,45+,Female,Expats,Graduated,330,stroke heart disease,MA
7638,18-24,Male,Expats,No Degree,840,stroke heart disease,MA
7639,25-44,Male,Expats,No Degree,1300,stroke heart disease,MA
7640,45+,Male,Expats,No Degree,580,stroke heart disease,MA
7641,18-24,Female,Expats,No Degree,410,stroke heart disease,MA
7642,25-44,Female,Expats,No Degree,920,stroke heart disease,MA
7643,45+,Female,Expats,No Degree,360,stroke heart disease,MA
7644,18-24,Male,Expats,High School,720,stroke heart disease,MA
7645,25-44,Male,Expats,High School,540,stroke heart disease,MA
7646,45+,Male,Expats,High School,220,stroke heart disease,MA
7647,18-24,Female,Expats,High School,280,stroke heart disease,MA
7648,25-44,Female,Expats,High School,240,stroke heart disease,MA
7649,45+,Female,Expats,High School,120,stroke heart disease,MA
7650,18-24,Male,Locals,Graduated,11000,stroke heart disease,MA
7651,25-44,Male,Locals,Graduated,20000,stroke heart disease,MA
7652,45+,Male,Locals,Graduated,9000,stroke heart disease,MA
7653,18-24,Female,Locals,Graduated,7900,stroke heart disease,MA
7654,25-44,Female,Locals,Graduated,10000,stroke heart disease,MA
7655,45+,Female,Locals,Graduated,3100,stroke heart disease,MA
7656,18-24,Male,Locals,No Degree,10000,stroke heart disease,MA
7657,25-44,Male,Locals,No Degree,23000,stroke heart disease,MA
7658,45+,Male,Locals,No Degree,11000,stroke heart disease,MA
7659,18-24,Female,Locals,No Degree,8900,stroke heart disease,MA
7660,25-44,Female,Locals,No Degree,13000,stroke heart disease,MA
7661,45+,Female,Locals,No Degree,5400,stroke heart disease,MA
7662,18-24,Male,Locals,High School,4500,stroke heart disease,MA
7663,25-44,Male,Locals,High School,5700,stroke heart disease,MA
7664,45+,Male,Locals,High School,3000,stroke heart disease,MA
7665,18-24,Female,Locals,High School,3600,stroke heart disease,MA
7666,25-44,Female,Locals,High School,3000,stroke heart disease,MA
7667,45+,Female,Locals,High School,1200,stroke heart disease,MA
7668,18-24,Male,Expats,Graduated,700,stroke heart disease,OM
7669,25-44,Male,Expats,Graduated,2800,stroke heart disease,OM
7670,45+,Male,Expats,Graduated,510,stroke heart disease,OM
7671,18-24,Female,Expats,Graduated,90,stroke heart disease,OM
7672,25-44,Female,Expats,Graduated,2700,stroke heart disease,OM
7673,45+,Female,Expats,Graduated,990,stroke heart disease,OM
7674,18-24,Male,Expats,No Degree,1200,stroke heart disease,OM
7675,25-44,Male,Expats,No Degree,2500,stroke heart disease,OM
7676,45+,Male,Expats,No Degree,460,stroke heart disease,OM
7677,18-24,Female,Expats,No Degree,230,stroke heart disease,OM
7678,25-44,Female,Expats,No Degree,1100,stroke heart disease,OM
7679,45+,Female,Expats,No Degree,720,stroke heart disease,OM
7680,18-24,Male,Expats,High School,200,stroke heart disease,OM
7681,25-44,Male,Expats,High School,780,stroke heart disease,OM
7682,45+,Male,Expats,High School,150,stroke heart disease,OM
7683,18-24,Female,Expats,High School,100,stroke heart disease,OM
7684,25-44,Female,Expats,High School,540,stroke heart disease,OM
7685,45+,Female,Expats,High School,300,stroke heart disease,OM
7686,18-24,Male,Locals,Graduated,100,stroke heart disease,OM
7687,25-44,Male,Locals,Graduated,270,stroke heart disease,OM
7688,45+,Male,Locals,Graduated,30,stroke heart disease,OM
7689,18-24,Female,Locals,Graduated,20,stroke heart disease,OM
7690,25-44,Female,Locals,Graduated,90,stroke heart disease,OM
7691,45+,Female,Locals,Graduated,20,stroke heart disease,OM
7692,18-24,Male,Locals,No Degree,70,stroke heart disease,OM
7693,25-44,Male,Locals,No Degree,200,stroke heart disease,OM
7694,45+,Male,Locals,No Degree,30,stroke heart disease,OM
7695,18-24,Female,Locals,No Degree,20,stroke heart disease,OM
7696,25-44,Female,Locals,No Degree,50,stroke heart disease,OM
7697,45+,Female,Locals,No Degree,20,stroke heart disease,OM
7698,18-24,Male,Locals,High School,40,stroke heart disease,OM
7699,25-44,Male,Locals,High School,50,stroke heart disease,OM
7700,45+,Male,Locals,High School,20,stroke heart disease,OM
7701,18-24,Female,Locals,High School,20,stroke heart disease,OM
7702,25-44,Female,Locals,High School,20,stroke heart disease,OM
7703,45+,Female,Locals,High School,20,stroke heart disease,OM
7704,18-24,Male,Expats,Graduated,3400,stroke heart disease,QA
7705,25-44,Male,Expats,Graduated,13000,stroke heart disease,QA
7706,45+,Male,Expats,Graduated,2200,stroke heart disease,QA
7707,18-24,Female,Expats,Graduated,700,stroke heart disease,QA
7708,25-44,Female,Expats,Graduated,7100,stroke heart disease,QA
7709,45+,Female,Expats,Graduated,1800,stroke heart disease,QA
7710,18-24,Male,Expats,No Degree,5100,stroke heart disease,QA
7711,25-44,Male,Expats,No Degree,12000,stroke heart disease,QA
7712,45+,Male,Expats,No Degree,1900,stroke heart disease,QA
7713,18-24,Female,Expats,No Degree,720,stroke heart disease,QA
7714,25-44,Female,Expats,No Degree,2700,stroke heart disease,QA
7715,45+,Female,Expats,No Degree,1100,stroke heart disease,QA
7716,18-24,Male,Expats,High School,1300,stroke heart disease,QA
7717,25-44,Male,Expats,High School,3100,stroke heart disease,QA
7718,45+,Male,Expats,High School,670,stroke heart disease,QA
7719,18-24,Female,Expats,High School,360,stroke heart disease,QA
7720,25-44,Female,Expats,High School,1800,stroke heart disease,QA
7721,45+,Female,Expats,High School,570,stroke heart disease,QA
7722,18-24,Male,Locals,Graduated,20,stroke heart disease,QA
7723,25-44,Male,Locals,Graduated,190,stroke heart disease,QA
7724,45+,Male,Locals,Graduated,20,stroke heart disease,QA
7725,18-24,Female,Locals,Graduated,30,stroke heart disease,QA
7726,25-44,Female,Locals,Graduated,70,stroke heart disease,QA
7727,45+,Female,Locals,Graduated,20,stroke heart disease,QA
7728,18-24,Male,Locals,No Degree,80,stroke heart disease,QA
7729,25-44,Male,Locals,No Degree,140,stroke heart disease,QA
7730,45+,Male,Locals,No Degree,20,stroke heart disease,QA
7731,18-24,Female,Locals,No Degree,20,stroke heart disease,QA
7732,25-44,Female,Locals,No Degree,110,stroke heart disease,QA
7733,45+,Female,Locals,No Degree,30,stroke heart disease,QA
7734,18-24,Male,Locals,High School,20,stroke heart disease,QA
7735,25-44,Male,Locals,High School,20,stroke heart disease,QA
7736,45+,Male,Locals,High School,20,stroke heart disease,QA
7737,18-24,Female,Locals,High School,20,stroke heart disease,QA
7738,25-44,Female,Locals,High School,20,stroke heart disease,QA
7739,45+,Female,Locals,High School,20,stroke heart disease,QA
7740,18-24,Male,Expats,Graduated,13000,stroke heart disease,SA
7741,25-44,Male,Expats,Graduated,78000,stroke heart disease,SA
7742,45+,Male,Expats,Graduated,15000,stroke heart disease,SA
7743,18-24,Female,Expats,Graduated,3100,stroke heart disease,SA
7744,25-44,Female,Expats,Graduated,27000,stroke heart disease,SA
7745,45+,Female,Expats,Graduated,8000,stroke heart disease,SA
7746,18-24,Male,Expats,No Degree,3900,stroke heart disease,SA
7747,25-44,Male,Expats,No Degree,16000,stroke heart disease,SA
7748,45+,Male,Expats,No Degree,3800,stroke heart disease,SA
7749,18-24,Female,Expats,No Degree,1100,stroke heart disease,SA
7750,25-44,Female,Expats,No Degree,6600,stroke heart disease,SA
7751,45+,Female,Expats,No Degree,2400,stroke heart disease,SA
7752,18-24,Male,Expats,High School,4200,stroke heart disease,SA
7753,25-44,Male,Expats,High School,19000,stroke heart disease,SA
7754,45+,Male,Expats,High School,4100,stroke heart disease,SA
7755,18-24,Female,Expats,High School,1500,stroke heart disease,SA
7756,25-44,Female,Expats,High School,8000,stroke heart disease,SA
7757,45+,Female,Expats,High School,2500,stroke heart disease,SA
7758,18-24,Male,Locals,Graduated,5100,stroke heart disease,SA
7759,25-44,Male,Locals,Graduated,25000,stroke heart disease,SA
7760,45+,Male,Locals,Graduated,4800,stroke heart disease,SA
7761,18-24,Female,Locals,Graduated,1300,stroke heart disease,SA
7762,25-44,Female,Locals,Graduated,7400,stroke heart disease,SA
7763,45+,Female,Locals,Graduated,2200,stroke heart disease,SA
7764,18-24,Male,Locals,No Degree,45000,stroke heart disease,SA
7765,25-44,Male,Locals,No Degree,110000,stroke heart disease,SA
7766,45+,Male,Locals,No Degree,19000,stroke heart disease,SA
7767,18-24,Female,Locals,No Degree,9900,stroke heart disease,SA
7768,25-44,Female,Locals,No Degree,16000,stroke heart disease,SA
7769,45+,Female,Locals,No Degree,6400,stroke heart disease,SA
7770,18-24,Male,Locals,High School,2800,stroke heart disease,SA
7771,25-44,Male,Locals,High School,10000,stroke heart disease,SA
7772,45+,Male,Locals,High School,2000,stroke heart disease,SA
7773,18-24,Female,Locals,High School,1000,stroke heart disease,SA
7774,25-44,Female,Locals,High School,3000,stroke heart disease,SA
7775,45+,Female,Locals,High School,920,stroke heart disease,SA
7776,18-24,Male,Expats,Graduated,70,stroke heart disease,SO
7777,25-44,Male,Expats,Graduated,160,stroke heart disease,SO
7778,45+,Male,Expats,Graduated,20,stroke heart disease,SO
7779,18-24,Female,Expats,Graduated,40,stroke heart disease,SO
7780,25-44,Female,Expats,Graduated,40,stroke heart disease,SO
7781,45+,Female,Expats,Graduated,20,stroke heart disease,SO
7782,18-24,Male,Expats,No Degree,20,stroke heart disease,SO
7783,25-44,Male,Expats,No Degree,20,stroke heart disease,SO
7784,45+,Male,Expats,No Degree,20,stroke heart disease,SO
7785,18-24,Female,Expats,No Degree,20,stroke heart disease,SO
7786,25-44,Female,Expats,No Degree,20,stroke heart disease,SO
7787,45+,Female,Expats,No Degree,20,stroke heart disease,SO
7788,18-24,Male,Expats,High School,30,stroke heart disease,SO
7789,25-44,Male,Expats,High School,20,stroke heart disease,SO
7790,45+,Male,Expats,High School,20,stroke heart disease,SO
7791,18-24,Female,Expats,High School,20,stroke heart disease,SO
7792,25-44,Female,Expats,High School,20,stroke heart disease,SO
7793,45+,Female,Expats,High School,20,stroke heart disease,SO
7794,18-24,Male,Locals,Graduated,310,stroke heart disease,SO
7795,25-44,Male,Locals,Graduated,420,stroke heart disease,SO
7796,45+,Male,Locals,Graduated,20,stroke heart disease,SO
7797,18-24,Female,Locals,Graduated,270,stroke heart disease,SO
7798,25-44,Female,Locals,Graduated,120,stroke heart disease,SO
7799,45+,Female,Locals,Graduated,20,stroke heart disease,SO
7800,18-24,Male,Locals,No Degree,180,stroke heart disease,SO
7801,25-44,Male,Locals,No Degree,90,stroke heart disease,SO
7802,45+,Male,Locals,No Degree,20,stroke heart disease,SO
7803,18-24,Female,Locals,No Degree,170,stroke heart disease,SO
7804,25-44,Female,Locals,No Degree,70,stroke heart disease,SO
7805,45+,Female,Locals,No Degree,20,stroke heart disease,SO
7806,18-24,Male,Locals,High School,90,stroke heart disease,SO
7807,25-44,Male,Locals,High School,80,stroke heart disease,SO
7808,45+,Male,Locals,High School,20,stroke heart disease,SO
7809,18-24,Female,Locals,High School,90,stroke heart disease,SO
7810,25-44,Female,Locals,High School,20,stroke heart disease,SO
7811,45+,Female,Locals,High School,30,stroke heart disease,SO
7812,18-24,Male,Expats,Graduated,630,stroke heart disease,TN
7813,25-44,Male,Expats,Graduated,1300,stroke heart disease,TN
7814,45+,Male,Expats,Graduated,670,stroke heart disease,TN
7815,18-24,Female,Expats,Graduated,560,stroke heart disease,TN
7816,25-44,Female,Expats,Graduated,1100,stroke heart disease,TN
7817,45+,Female,Expats,Graduated,410,stroke heart disease,TN
7818,18-24,Male,Expats,No Degree,400,stroke heart disease,TN
7819,25-44,Male,Expats,No Degree,790,stroke heart disease,TN
7820,45+,Male,Expats,No Degree,450,stroke heart disease,TN
7821,18-24,Female,Expats,No Degree,400,stroke heart disease,TN
7822,25-44,Female,Expats,No Degree,910,stroke heart disease,TN
7823,45+,Female,Expats,No Degree,440,stroke heart disease,TN
7824,18-24,Male,Expats,High School,300,stroke heart disease,TN
7825,25-44,Male,Expats,High School,360,stroke heart disease,TN
7826,45+,Male,Expats,High School,200,stroke heart disease,TN
7827,18-24,Female,Expats,High School,160,stroke heart disease,TN
7828,25-44,Female,Expats,High School,390,stroke heart disease,TN
7829,45+,Female,Expats,High School,90,stroke heart disease,TN
7830,18-24,Male,Locals,Graduated,3500,stroke heart disease,TN
7831,25-44,Male,Locals,Graduated,12000,stroke heart disease,TN
7832,45+,Male,Locals,Graduated,8000,stroke heart disease,TN
7833,18-24,Female,Locals,Graduated,8600,stroke heart disease,TN
7834,25-44,Female,Locals,Graduated,21000,stroke heart disease,TN
7835,45+,Female,Locals,Graduated,5600,stroke heart disease,TN
7836,18-24,Male,Locals,No Degree,2800,stroke heart disease,TN
7837,25-44,Male,Locals,No Degree,12000,stroke heart disease,TN
7838,45+,Male,Locals,No Degree,10000,stroke heart disease,TN
7839,18-24,Female,Locals,No Degree,6000,stroke heart disease,TN
7840,25-44,Female,Locals,No Degree,17000,stroke heart disease,TN
7841,45+,Female,Locals,No Degree,9400,stroke heart disease,TN
7842,18-24,Male,Locals,High School,1700,stroke heart disease,TN
7843,25-44,Male,Locals,High School,3900,stroke heart disease,TN
7844,45+,Male,Locals,High School,3500,stroke heart disease,TN
7845,18-24,Female,Locals,High School,4100,stroke heart disease,TN
7846,25-44,Female,Locals,High School,5800,stroke heart disease,TN
7847,45+,Female,Locals,High School,2800,stroke heart disease,TN
7848,18-24,Male,Expats,Graduated,6100,stroke heart disease,AE
7849,25-44,Male,Expats,Graduated,24000,stroke heart disease,AE
7850,45+,Male,Expats,Graduated,6000,stroke heart disease,AE
7851,18-24,Female,Expats,Graduated,4700,stroke heart disease,AE
7852,25-44,Female,Expats,Graduated,49000,stroke heart disease,AE
7853,45+,Female,Expats,Graduated,11000,stroke heart disease,AE
7854,18-24,Male,Expats,No Degree,10000,stroke heart disease,AE
7855,25-44,Male,Expats,No Degree,19000,stroke heart disease,AE
7856,45+,Male,Expats,No Degree,5300,stroke heart disease,AE
7857,18-24,Female,Expats,No Degree,5300,stroke heart disease,AE
7858,25-44,Female,Expats,No Degree,21000,stroke heart disease,AE
7859,45+,Female,Expats,No Degree,8000,stroke heart disease,AE
7860,18-24,Male,Expats,High School,2200,stroke heart disease,AE
7861,25-44,Male,Expats,High School,4800,stroke heart disease,AE
7862,45+,Male,Expats,High School,1500,stroke heart disease,AE
7863,18-24,Female,Expats,High School,2300,stroke heart disease,AE
7864,25-44,Female,Expats,High School,11000,stroke heart disease,AE
7865,45+,Female,Expats,High School,3500,stroke heart disease,AE
7866,18-24,Male,Locals,Graduated,190,stroke heart disease,AE
7867,25-44,Male,Locals,Graduated,630,stroke heart disease,AE
7868,45+,Male,Locals,Graduated,90,stroke heart disease,AE
7869,18-24,Female,Locals,Graduated,180,stroke heart disease,AE
7870,25-44,Female,Locals,Graduated,870,stroke heart disease,AE
7871,45+,Female,Locals,Graduated,60,stroke heart disease,AE
7872,18-24,Male,Locals,No Degree,460,stroke heart disease,AE
7873,25-44,Male,Locals,No Degree,1100,stroke heart disease,AE
7874,45+,Male,Locals,No Degree,150,stroke heart disease,AE
7875,18-24,Female,Locals,No Degree,400,stroke heart disease,AE
7876,25-44,Female,Locals,No Degree,1300,stroke heart disease,AE
7877,45+,Female,Locals,No Degree,220,stroke heart disease,AE
7878,18-24,Male,Locals,High School,110,stroke heart disease,AE
7879,25-44,Male,Locals,High School,180,stroke heart disease,AE
7880,45+,Male,Locals,High School,60,stroke heart disease,AE
7881,18-24,Female,Locals,High School,120,stroke heart disease,AE
7882,25-44,Female,Locals,High School,180,stroke heart disease,AE
7883,45+,Female,Locals,High School,20,stroke heart disease,AE
7884,18-24,Male,Expats,Graduated,1500,stroke heart disease,YE
7885,25-44,Male,Expats,Graduated,2500,stroke heart disease,YE
7886,45+,Male,Expats,Graduated,270,stroke heart disease,YE
7887,18-24,Female,Expats,Graduated,140,stroke heart disease,YE
7888,25-44,Female,Expats,Graduated,400,stroke heart disease,YE
7889,45+,Female,Expats,Graduated,70,stroke heart disease,YE
7890,18-24,Male,Expats,No Degree,610,stroke heart disease,YE
7891,25-44,Male,Expats,No Degree,1200,stroke heart disease,YE
7892,45+,Male,Expats,No Degree,90,stroke heart disease,YE
7893,18-24,Female,Expats,No Degree,240,stroke heart disease,YE
7894,25-44,Female,Expats,No Degree,270,stroke heart disease,YE
7895,45+,Female,Expats,No Degree,70,stroke heart disease,YE
7896,18-24,Male,Expats,High School,550,stroke heart disease,YE
7897,25-44,Male,Expats,High School,620,stroke heart disease,YE
7898,45+,Male,Expats,High School,120,stroke heart disease,YE
7899,18-24,Female,Expats,High School,220,stroke heart disease,YE
7900,25-44,Female,Expats,High School,110,stroke heart disease,YE
7901,45+,Female,Expats,High School,20,stroke heart disease,YE
7902,18-24,Male,Locals,Graduated,12000,stroke heart disease,YE
7903,25-44,Male,Locals,Graduated,28000,stroke heart disease,YE
7904,45+,Male,Locals,Graduated,3100,stroke heart disease,YE
7905,18-24,Female,Locals,Graduated,1600,stroke heart disease,YE
7906,25-44,Female,Locals,Graduated,3700,stroke heart disease,YE
7907,45+,Female,Locals,Graduated,420,stroke heart disease,YE
7908,18-24,Male,Locals,No Degree,14000,stroke heart disease,YE
7909,25-44,Male,Locals,No Degree,20000,stroke heart disease,YE
7910,45+,Male,Locals,No Degree,3900,stroke heart disease,YE
7911,18-24,Female,Locals,No Degree,1900,stroke heart disease,YE
7912,25-44,Female,Locals,No Degree,2700,stroke heart disease,YE
7913,45+,Female,Locals,No Degree,660,stroke heart disease,YE
7914,18-24,Male,Locals,High School,8700,stroke heart disease,YE
7915,25-44,Male,Locals,High School,8300,stroke heart disease,YE
7916,45+,Male,Locals,High School,990,stroke heart disease,YE
7917,18-24,Female,Locals,High School,2000,stroke heart disease,YE
7918,25-44,Female,Locals,High School,990,stroke heart disease,YE
7919,45+,Female,Locals,High School,150,stroke heart disease,YE
7920,18-24,Male,Expats,Graduated,390,stroke heart disease,PS
7921,25-44,Male,Expats,Graduated,930,stroke heart disease,PS
7922,45+,Male,Expats,Graduated,290,stroke heart disease,PS
7923,18-24,Female,Expats,Graduated,540,stroke heart disease,PS
7924,25-44,Female,Expats,Graduated,1500,stroke heart disease,PS
7925,45+,Female,Expats,Graduated,340,stroke heart disease,PS
7926,18-24,Male,Expats,No Degree,90,stroke heart disease,PS
7927,25-44,Male,Expats,No Degree,200,stroke heart disease,PS
7928,45+,Male,Expats,No Degree,120,stroke heart disease,PS
7929,18-24,Female,Expats,No Degree,300,stroke heart disease,PS
7930,25-44,Female,Expats,No Degree,730,stroke heart disease,PS
7931,45+,Female,Expats,No Degree,270,stroke heart disease,PS
7932,18-24,Male,Expats,High School,90,stroke heart disease,PS
7933,25-44,Male,Expats,High School,230,stroke heart disease,PS
7934,45+,Male,Expats,High School,60,stroke heart disease,PS
7935,18-24,Female,Expats,High School,430,stroke heart disease,PS
7936,25-44,Female,Expats,High School,440,stroke heart disease,PS
7937,45+,Female,Expats,High School,80,stroke heart disease,PS
7938,18-24,Male,Locals,Graduated,1200,stroke heart disease,PS
7939,25-44,Male,Locals,Graduated,4200,stroke heart disease,PS
7940,45+,Male,Locals,Graduated,1000,stroke heart disease,PS
7941,18-24,Female,Locals,Graduated,3000,stroke heart disease,PS
7942,25-44,Female,Locals,Graduated,6500,stroke heart disease,PS
7943,45+,Female,Locals,Graduated,1100,stroke heart disease,PS
7944,18-24,Male,Locals,No Degree,870,stroke heart disease,PS
7945,25-44,Male,Locals,No Degree,1800,stroke heart disease,PS
7946,45+,Male,Locals,No Degree,1100,stroke heart disease,PS
7947,18-24,Female,Locals,No Degree,1700,stroke heart disease,PS
7948,25-44,Female,Locals,No Degree,5000,stroke heart disease,PS
7949,45+,Female,Locals,No Degree,2300,stroke heart disease,PS
7950,18-24,Male,Locals,High School,800,stroke heart disease,PS
7951,25-44,Male,Locals,High School,840,stroke heart disease,PS
7952,45+,Male,Locals,High School,360,stroke heart disease,PS
7953,18-24,Female,Locals,High School,2000,stroke heart disease,PS
7954,25-44,Female,Locals,High School,1900,stroke heart disease,PS
7955,45+,Female,Locals,High School,480,stroke heart disease,PS
9180,18-24,Male,Expats,Graduated,190000,luxury,DZ
9181,25-44,Male,Expats,Graduated,210000,luxury,DZ
9182,45+,Male,Expats,Graduated,27000,luxury,DZ
9183,18-24,Female,Expats,Graduated,82000,luxury,DZ
9184,25-44,Female,Expats,Graduated,54000,luxury,DZ
9185,45+,Female,Expats,Graduated,7900,luxury,DZ
9186,18-24,Male,Expats,No Degree,180000,luxury,DZ
9187,25-44,Male,Expats,No Degree,290000,luxury,DZ
9188,45+,Male,Expats,No Degree,47000,luxury,DZ
9189,18-24,Female,Expats,No Degree,110000,luxury,DZ
9190,25-44,Female,Expats,No Degree,96000,luxury,DZ
9191,45+,Female,Expats,No Degree,14000,luxury,DZ
9192,18-24,Male,Expats,High School,71000,luxury,DZ
9193,25-44,Male,Expats,High School,50000,luxury,DZ
9194,45+,Male,Expats,High School,9100,luxury,DZ
9195,18-24,Female,Expats,High School,33000,luxury,DZ
9196,25-44,Female,Expats,High School,15000,luxury,DZ
9197,45+,Female,Expats,High School,3400,luxury,DZ
9198,18-24,Male,Locals,Graduated,880000,luxury,DZ
9199,25-44,Male,Locals,Graduated,1300000,luxury,DZ
9200,45+,Male,Locals,Graduated,150000,luxury,DZ
9201,18-24,Female,Locals,Graduated,630000,luxury,DZ
9202,25-44,Female,Locals,Graduated,610000,luxury,DZ
9203,45+,Female,Locals,Graduated,54000,luxury,DZ
9204,18-24,Male,Locals,No Degree,1800000,luxury,DZ
9205,25-44,Male,Locals,No Degree,2400000,luxury,DZ
9206,45+,Male,Locals,No Degree,390000,luxury,DZ
9207,18-24,Female,Locals,No Degree,1400000,luxury,DZ
9208,25-44,Female,Locals,No Degree,1100000,luxury,DZ
9209,45+,Female,Locals,No Degree,160000,luxury,DZ
9210,18-24,Male,Locals,High School,410000,luxury,DZ
9211,25-44,Male,Locals,High School,390000,luxury,DZ
9212,45+,Male,Locals,High School,59000,luxury,DZ
9213,18-24,Female,Locals,High School,320000,luxury,DZ
9214,25-44,Female,Locals,High School,150000,luxury,DZ
9215,45+,Female,Locals,High School,24000,luxury,DZ
9216,18-24,Male,Expats,Graduated,27000,luxury,BH
9217,25-44,Male,Expats,Graduated,140000,luxury,BH
9218,45+,Male,Expats,Graduated,21000,luxury,BH
9219,18-24,Female,Expats,Graduated,7700,luxury,BH
9220,25-44,Female,Expats,Graduated,49000,luxury,BH
9221,45+,Female,Expats,Graduated,8700,luxury,BH
9222,18-24,Male,Expats,No Degree,59000,luxury,BH
9223,25-44,Male,Expats,No Degree,160000,luxury,BH
9224,45+,Male,Expats,No Degree,29000,luxury,BH
9225,18-24,Female,Expats,No Degree,17000,luxury,BH
9226,25-44,Female,Expats,No Degree,39000,luxury,BH
9227,45+,Female,Expats,No Degree,9100,luxury,BH
9228,18-24,Male,Expats,High School,13000,luxury,BH
9229,25-44,Male,Expats,High School,39000,luxury,BH
9230,45+,Male,Expats,High School,6800,luxury,BH
9231,18-24,Female,Expats,High School,5200,luxury,BH
9232,25-44,Female,Expats,High School,15000,luxury,BH
9233,45+,Female,Expats,High School,2900,luxury,BH
9234,18-24,Male,Locals,Graduated,6700,luxury,BH
9235,25-44,Male,Locals,Graduated,22000,luxury,BH
9236,45+,Male,Locals,Graduated,3900,luxury,BH
9237,18-24,Female,Locals,Graduated,4100,luxury,BH
9238,25-44,Female,Locals,Graduated,13000,luxury,BH
9239,45+,Female,Locals,Graduated,1300,luxury,BH
9240,18-24,Male,Locals,No Degree,18000,luxury,BH
9241,25-44,Male,Locals,No Degree,31000,luxury,BH
9242,45+,Male,Locals,No Degree,8200,luxury,BH
9243,18-24,Female,Locals,No Degree,9800,luxury,BH
9244,25-44,Female,Locals,No Degree,16000,luxury,BH
9245,45+,Female,Locals,No Degree,3300,luxury,BH
9246,18-24,Male,Locals,High School,4700,luxury,BH
9247,25-44,Male,Locals,High School,6600,luxury,BH
9248,45+,Male,Locals,High School,1300,luxury,BH
9249,18-24,Female,Locals,High School,4500,luxury,BH
9250,25-44,Female,Locals,High School,3200,luxury,BH
9251,45+,Female,Locals,High School,410,luxury,BH
9252,18-24,Male,Expats,Graduated,130000,luxury,EG
9253,25-44,Male,Expats,Graduated,240000,luxury,EG
9254,45+,Male,Expats,Graduated,40000,luxury,EG
9255,18-24,Female,Expats,Graduated,57000,luxury,EG
9256,25-44,Female,Expats,Graduated,89000,luxury,EG
9257,45+,Female,Expats,Graduated,15000,luxury,EG
9258,18-24,Male,Expats,No Degree,100000,luxury,EG
9259,25-44,Male,Expats,No Degree,160000,luxury,EG
9260,45+,Male,Expats,No Degree,36000,luxury,EG
9261,18-24,Female,Expats,No Degree,55000,luxury,EG
9262,25-44,Female,Expats,No Degree,68000,luxury,EG
9263,45+,Female,Expats,No Degree,18000,luxury,EG
9264,18-24,Male,Expats,High School,67000,luxury,EG
9265,25-44,Male,Expats,High School,55000,luxury,EG
9266,45+,Male,Expats,High School,9800,luxury,EG
9267,18-24,Female,Expats,High School,38000,luxury,EG
9268,25-44,Female,Expats,High School,23000,luxury,EG
9269,45+,Female,Expats,High School,4800,luxury,EG
9270,18-24,Male,Locals,Graduated,2200000,luxury,EG
9271,25-44,Male,Locals,Graduated,3800000,luxury,EG
9272,45+,Male,Locals,Graduated,620000,luxury,EG
9273,18-24,Female,Locals,Graduated,1400000,luxury,EG
9274,25-44,Female,Locals,Graduated,1900000,luxury,EG
9275,45+,Female,Locals,Graduated,270000,luxury,EG
9276,18-24,Male,Locals,No Degree,2600000,luxury,EG
9277,25-44,Male,Locals,No Degree,3800000,luxury,EG
9278,45+,Male,Locals,No Degree,1100000,luxury,EG
9279,18-24,Female,Locals,No Degree,1700000,luxury,EG
9280,25-44,Female,Locals,No Degree,1800000,luxury,EG
9281,45+,Female,Locals,No Degree,560000,luxury,EG
9282,18-24,Male,Locals,High School,1300000,luxury,EG
9283,25-44,Male,Locals,High School,920000,luxury,EG
9284,45+,Male,Locals,High School,170000,luxury,EG
9285,18-24,Female,Locals,High School,1000000,luxury,EG
9286,25-44,Female,Locals,High School,400000,luxury,EG
9287,45+,Female,Locals,High School,68000,luxury,EG
9288,18-24,Male,Expats,Graduated,93000,luxury,IQ
9289,25-44,Male,Expats,Graduated,170000,luxury,IQ
9290,45+,Male,Expats,Graduated,23000,luxury,IQ
9291,18-24,Female,Expats,Graduated,25000,luxury,IQ
9292,25-44,Female,Expats,Graduated,34000,luxury,IQ
9293,45+,Female,Expats,Graduated,3800,luxury,IQ
9294,18-24,Male,Expats,No Degree,100000,luxury,IQ
9295,25-44,Male,Expats,No Degree,140000,luxury,IQ
9296,45+,Male,Expats,No Degree,24000,luxury,IQ
9297,18-24,Female,Expats,No Degree,50000,luxury,IQ
9298,25-44,Female,Expats,No Degree,43000,luxury,IQ
9299,45+,Female,Expats,No Degree,6900,luxury,IQ
9300,18-24,Male,Expats,High School,46000,luxury,IQ
9301,25-44,Male,Expats,High School,50000,luxury,IQ
9302,45+,Male,Expats,High School,6900,luxury,IQ
9303,18-24,Female,Expats,High School,17000,luxury,IQ
9304,25-44,Female,Expats,High School,11000,luxury,IQ
9305,45+,Female,Expats,High School,1400,luxury,IQ
9306,18-24,Male,Locals,Graduated,870000,luxury,IQ
9307,25-44,Male,Locals,Graduated,1600000,luxury,IQ
9308,45+,Male,Locals,Graduated,230000,luxury,IQ
9309,18-24,Female,Locals,Graduated,290000,luxury,IQ
9310,25-44,Female,Locals,Graduated,390000,luxury,IQ
9311,45+,Female,Locals,Graduated,57000,luxury,IQ
9312,18-24,Male,Locals,No Degree,2000000,luxury,IQ
9313,25-44,Male,Locals,No Degree,2100000,luxury,IQ
9314,45+,Male,Locals,No Degree,480000,luxury,IQ
9315,18-24,Female,Locals,No Degree,850000,luxury,IQ
9316,25-44,Female,Locals,No Degree,710000,luxury,IQ
9317,45+,Female,Locals,No Degree,170000,luxury,IQ
9318,18-24,Male,Locals,High School,530000,luxury,IQ
9319,25-44,Male,Locals,High School,480000,luxury,IQ
9320,45+,Male,Locals,High School,79000,luxury,IQ
9321,18-24,Female,Locals,High School,250000,luxury,IQ
9322,25-44,Female,Locals,High School,130000,luxury,IQ
9323,45+,Female,Locals,High School,21000,luxury,IQ
9324,18-24,Male,Expats,Graduated,68000,luxury,JO
9325,25-44,Male,Expats,Graduated,150000,luxury,JO
9326,45+,Male,Expats,Graduated,25000,luxury,JO
9327,18-24,Female,Expats,Graduated,40000,luxury,JO
9328,25-44,Female,Expats,Graduated,81000,luxury,JO
9329,45+,Female,Expats,Graduated,17000,luxury,JO
9330,18-24,Male,Expats,No Degree,110000,luxury,JO
9331,25-44,Male,Expats,No Degree,170000,luxury,JO
9332,45+,Male,Expats,No Degree,37000,luxury,JO
9333,18-24,Female,Expats,No Degree,68000,luxury,JO
9334,25-44,Female,Expats,No Degree,81000,luxury,JO
9335,45+,Female,Expats,No Degree,27000,luxury,JO
9336,18-24,Male,Expats,High School,50000,luxury,JO
9337,25-44,Male,Expats,High School,47000,luxury,JO
9338,45+,Male,Expats,High School,8200,luxury,JO
9339,18-24,Female,Expats,High School,44000,luxury,JO
9340,25-44,Female,Expats,High School,27000,luxury,JO
9341,45+,Female,Expats,High School,6500,luxury,JO
9342,18-24,Male,Locals,Graduated,200000,luxury,JO
9343,25-44,Male,Locals,Graduated,370000,luxury,JO
9344,45+,Male,Locals,Graduated,73000,luxury,JO
9345,18-24,Female,Locals,Graduated,130000,luxury,JO
9346,25-44,Female,Locals,Graduated,230000,luxury,JO
9347,45+,Female,Locals,Graduated,35000,luxury,JO
9348,18-24,Male,Locals,No Degree,340000,luxury,JO
9349,25-44,Male,Locals,No Degree,390000,luxury,JO
9350,45+,Male,Locals,No Degree,140000,luxury,JO
9351,18-24,Female,Locals,No Degree,280000,luxury,JO
9352,25-44,Female,Locals,No Degree,300000,luxury,JO
9353,45+,Female,Locals,No Degree,100000,luxury,JO
9354,18-24,Male,Locals,High School,160000,luxury,JO
9355,25-44,Male,Locals,High School,120000,luxury,JO
9356,45+,Male,Locals,High School,29000,luxury,JO
9357,18-24,Female,Locals,High School,150000,luxury,JO
9358,25-44,Female,Locals,High School,75000,luxury,JO
9359,45+,Female,Locals,High School,15000,luxury,JO
9360,18-24,Male,Expats,Graduated,47000,luxury,KW
9361,25-44,Male,Expats,Graduated,380000,luxury,KW
9362,45+,Male,Expats,Graduated,60000,luxury,KW
9363,18-24,Female,Expats,Graduated,21000,luxury,KW
9364,25-44,Female,Expats,Graduated,160000,luxury,KW
9365,45+,Female,Expats,Graduated,23000,luxury,KW
9366,18-24,Male,Expats,No Degree,150000,luxury,KW
9367,25-44,Male,Expats,No Degree,490000,luxury,KW
9368,45+,Male,Expats,No Degree,100000,luxury,KW
9369,18-24,Female,Expats,No Degree,63000,luxury,KW
9370,25-44,Female,Expats,No Degree,170000,luxury,KW
9371,45+,Female,Expats,No Degree,33000,luxury,KW
9372,18-24,Male,Expats,High School,25000,luxury,KW
9373,25-44,Male,Expats,High School,110000,luxury,KW
9374,45+,Male,Expats,High School,19000,luxury,KW
9375,18-24,Female,Expats,High School,16000,luxury,KW
9376,25-44,Female,Expats,High School,63000,luxury,KW
9377,45+,Female,Expats,High School,8600,luxury,KW
9378,18-24,Male,Locals,Graduated,6300,luxury,KW
9379,25-44,Male,Locals,Graduated,29000,luxury,KW
9380,45+,Male,Locals,Graduated,5500,luxury,KW
9381,18-24,Female,Locals,Graduated,2900,luxury,KW
9382,25-44,Female,Locals,Graduated,14000,luxury,KW
9383,45+,Female,Locals,Graduated,2100,luxury,KW
9384,18-24,Male,Locals,No Degree,35000,luxury,KW
9385,25-44,Male,Locals,No Degree,73000,luxury,KW
9386,45+,Male,Locals,No Degree,15000,luxury,KW
9387,18-24,Female,Locals,No Degree,18000,luxury,KW
9388,25-44,Female,Locals,No Degree,33000,luxury,KW
9389,45+,Female,Locals,No Degree,6000,luxury,KW
9390,18-24,Male,Locals,High School,4100,luxury,KW
9391,25-44,Male,Locals,High School,7800,luxury,KW
9392,45+,Male,Locals,High School,1500,luxury,KW
9393,18-24,Female,Locals,High School,3000,luxury,KW
9394,25-44,Female,Locals,High School,3400,luxury,KW
9395,45+,Female,Locals,High School,480,luxury,KW
9396,18-24,Male,Expats,Graduated,44000,luxury,LB
9397,25-44,Male,Expats,Graduated,87000,luxury,LB
9398,45+,Male,Expats,Graduated,12000,luxury,LB
9399,18-24,Female,Expats,Graduated,17000,luxury,LB
9400,25-44,Female,Expats,Graduated,44000,luxury,LB
9401,45+,Female,Expats,Graduated,9600,luxury,LB
9402,18-24,Male,Expats,No Degree,110000,luxury,LB
9403,25-44,Male,Expats,No Degree,150000,luxury,LB
9404,45+,Male,Expats,No Degree,25000,luxury,LB
9405,18-24,Female,Expats,No Degree,56000,luxury,LB
9406,25-44,Female,Expats,No Degree,73000,luxury,LB
9407,45+,Female,Expats,No Degree,17000,luxury,LB
9408,18-24,Male,Expats,High School,27000,luxury,LB
9409,25-44,Male,Expats,High School,33000,luxury,LB
9410,45+,Male,Expats,High School,4400,luxury,LB
9411,18-24,Female,Expats,High School,13000,luxury,LB
9412,25-44,Female,Expats,High School,19000,luxury,LB
9413,45+,Female,Expats,High School,3900,luxury,LB
9414,18-24,Male,Locals,Graduated,76000,luxury,LB
9415,25-44,Male,Locals,Graduated,180000,luxury,LB
9416,45+,Male,Locals,Graduated,51000,luxury,LB
9417,18-24,Female,Locals,Graduated,69000,luxury,LB
9418,25-44,Female,Locals,Graduated,160000,luxury,LB
9419,45+,Female,Locals,Graduated,40000,luxury,LB
9420,18-24,Male,Locals,No Degree,200000,luxury,LB
9421,25-44,Male,Locals,No Degree,280000,luxury,LB
9422,45+,Male,Locals,No Degree,130000,luxury,LB
9423,18-24,Female,Locals,No Degree,140000,luxury,LB
9424,25-44,Female,Locals,No Degree,220000,luxury,LB
9425,45+,Female,Locals,No Degree,130000,luxury,LB
9426,18-24,Male,Locals,High School,61000,luxury,LB
9427,25-44,Male,Locals,High School,51000,luxury,LB
9428,45+,Male,Locals,High School,16000,luxury,LB
9429,18-24,Female,Locals,High School,69000,luxury,LB
9430,25-44,Female,Locals,High School,46000,luxury,LB
9431,45+,Female,Locals,High School,15000,luxury,LB
9432,18-24,Male,Expats,Graduated,26000,luxury,LY
9433,25-44,Male,Expats,Graduated,72000,luxury,LY
9434,45+,Male,Expats,Graduated,9300,luxury,LY
9435,18-24,Female,Expats,Graduated,8100,luxury,LY
9436,25-44,Female,Expats,Graduated,17000,luxury,LY
9437,45+,Female,Expats,Graduated,3200,luxury,LY
9438,18-24,Male,Expats,No Degree,51000,luxury,LY
9439,25-44,Male,Expats,No Degree,110000,luxury,LY
9440,45+,Male,Expats,No Degree,15000,luxury,LY
9441,18-24,Female,Expats,No Degree,14000,luxury,LY
9442,25-44,Female,Expats,No Degree,24000,luxury,LY
9443,45+,Female,Expats,No Degree,5200,luxury,LY
9444,18-24,Male,Expats,High School,11000,luxury,LY
9445,25-44,Male,Expats,High School,19000,luxury,LY
9446,45+,Male,Expats,High School,2800,luxury,LY
9447,18-24,Female,Expats,High School,4700,luxury,LY
9448,25-44,Female,Expats,High School,4500,luxury,LY
9449,45+,Female,Expats,High School,900,luxury,LY
9450,18-24,Male,Locals,Graduated,130000,luxury,LY
9451,25-44,Male,Locals,Graduated,290000,luxury,LY
9452,45+,Male,Locals,Graduated,49000,luxury,LY
9453,18-24,Female,Locals,Graduated,96000,luxury,LY
9454,25-44,Female,Locals,Graduated,160000,luxury,LY
9455,45+,Female,Locals,Graduated,20000,luxury,LY
9456,18-24,Male,Locals,No Degree,180000,luxury,LY
9457,25-44,Male,Locals,No Degree,360000,luxury,LY
9458,45+,Male,Locals,No Degree,86000,luxury,LY
9459,18-24,Female,Locals,No Degree,140000,luxury,LY
9460,25-44,Female,Locals,No Degree,230000,luxury,LY
9461,45+,Female,Locals,No Degree,56000,luxury,LY
9462,18-24,Male,Locals,High School,69000,luxury,LY
9463,25-44,Male,Locals,High School,68000,luxury,LY
9464,45+,Male,Locals,High School,15000,luxury,LY
9465,18-24,Female,Locals,High School,71000,luxury,LY
9466,25-44,Female,Locals,High School,41000,luxury,LY
9467,45+,Female,Locals,High School,6500,luxury,LY
9468,18-24,Male,Expats,Graduated,140000,luxury,MA
9469,25-44,Male,Expats,Graduated,140000,luxury,MA
9470,45+,Male,Expats,Graduated,19000,luxury,MA
9471,18-24,Female,Expats,Graduated,53000,luxury,MA
9472,25-44,Female,Expats,Graduated,46000,luxury,MA
9473,45+,Female,Expats,Graduated,6700,luxury,MA
9474,18-24,Male,Expats,No Degree,88000,luxury,MA
9475,25-44,Male,Expats,No Degree,130000,luxury,MA
9476,45+,Male,Expats,No Degree,28000,luxury,MA
9477,18-24,Female,Expats,No Degree,57000,luxury,MA
9478,25-44,Female,Expats,No Degree,63000,luxury,MA
9479,45+,Female,Expats,No Degree,11000,luxury,MA
9480,18-24,Male,Expats,High School,53000,luxury,MA
9481,25-44,Male,Expats,High School,36000,luxury,MA
9482,45+,Male,Expats,High School,6500,luxury,MA
9483,18-24,Female,Expats,High School,23000,luxury,MA
9484,25-44,Female,Expats,High School,14000,luxury,MA
9485,45+,Female,Expats,High School,2800,luxury,MA
9486,18-24,Male,Locals,Graduated,920000,luxury,MA
9487,25-44,Male,Locals,Graduated,1100000,luxury,MA
9488,45+,Male,Locals,Graduated,160000,luxury,MA
9489,18-24,Female,Locals,Graduated,540000,luxury,MA
9490,25-44,Female,Locals,Graduated,450000,luxury,MA
9491,45+,Female,Locals,Graduated,57000,luxury,MA
9492,18-24,Male,Locals,No Degree,1300000,luxury,MA
9493,25-44,Male,Locals,No Degree,1600000,luxury,MA
9494,45+,Male,Locals,No Degree,350000,luxury,MA
9495,18-24,Female,Locals,No Degree,870000,luxury,MA
9496,25-44,Female,Locals,No Degree,740000,luxury,MA
9497,45+,Female,Locals,No Degree,140000,luxury,MA
9498,18-24,Male,Locals,High School,410000,luxury,MA
9499,25-44,Male,Locals,High School,300000,luxury,MA
9500,45+,Male,Locals,High School,53000,luxury,MA
9501,18-24,Female,Locals,High School,290000,luxury,MA
9502,25-44,Female,Locals,High School,140000,luxury,MA
9503,45+,Female,Locals,High School,24000,luxury,MA
9504,18-24,Male,Expats,Graduated,50000,luxury,OM
9505,25-44,Male,Expats,Graduated,250000,luxury,OM
9506,45+,Male,Expats,Graduated,29000,luxury,OM
9507,18-24,Female,Expats,Graduated,11000,luxury,OM
9508,25-44,Female,Expats,Graduated,57000,luxury,OM
9509,45+,Female,Expats,Graduated,8600,luxury,OM
9510,18-24,Male,Expats,No Degree,170000,luxury,OM
9511,25-44,Male,Expats,No Degree,360000,luxury,OM
9512,45+,Male,Expats,No Degree,40000,luxury,OM
9513,18-24,Female,Expats,No Degree,41000,luxury,OM
9514,25-44,Female,Expats,No Degree,60000,luxury,OM
9515,45+,Female,Expats,No Degree,8400,luxury,OM
9516,18-24,Male,Expats,High School,21000,luxury,OM
9517,25-44,Male,Expats,High School,63000,luxury,OM
9518,45+,Male,Expats,High School,8200,luxury,OM
9519,18-24,Female,Expats,High School,7300,luxury,OM
9520,25-44,Female,Expats,High School,15000,luxury,OM
9521,45+,Female,Expats,High School,2300,luxury,OM
9522,18-24,Male,Locals,Graduated,20000,luxury,OM
9523,25-44,Male,Locals,Graduated,51000,luxury,OM
9524,45+,Male,Locals,Graduated,3100,luxury,OM
9525,18-24,Female,Locals,Graduated,4900,luxury,OM
9526,25-44,Female,Locals,Graduated,9800,luxury,OM
9527,45+,Female,Locals,Graduated,520,luxury,OM
9528,18-24,Male,Locals,No Degree,49000,luxury,OM
9529,25-44,Male,Locals,No Degree,70000,luxury,OM
9530,45+,Male,Locals,No Degree,8100,luxury,OM
9531,18-24,Female,Locals,No Degree,16000,luxury,OM
9532,25-44,Female,Locals,No Degree,19000,luxury,OM
9533,45+,Female,Locals,No Degree,1700,luxury,OM
9534,18-24,Male,Locals,High School,12000,luxury,OM
9535,25-44,Male,Locals,High School,15000,luxury,OM
9536,45+,Male,Locals,High School,1300,luxury,OM
9537,18-24,Female,Locals,High School,3900,luxury,OM
9538,25-44,Female,Locals,High School,2600,luxury,OM
9539,45+,Female,Locals,High School,230,luxury,OM
9540,18-24,Male,Expats,Graduated,120000,luxury,QA
9541,25-44,Male,Expats,Graduated,520000,luxury,QA
9542,45+,Male,Expats,Graduated,62000,luxury,QA
9543,18-24,Female,Expats,Graduated,28000,luxury,QA
9544,25-44,Female,Expats,Graduated,150000,luxury,QA
9545,45+,Female,Expats,Graduated,17000,luxury,QA
9546,18-24,Male,Expats,No Degree,250000,luxury,QA
9547,25-44,Male,Expats,No Degree,480000,luxury,QA
9548,45+,Male,Expats,No Degree,72000,luxury,QA
9549,18-24,Female,Expats,No Degree,53000,luxury,QA
9550,25-44,Female,Expats,No Degree,100000,luxury,QA
9551,45+,Female,Expats,No Degree,17000,luxury,QA
9552,18-24,Male,Expats,High School,47000,luxury,QA
9553,25-44,Male,Expats,High School,130000,luxury,QA
9554,45+,Male,Expats,High School,18000,luxury,QA
9555,18-24,Female,Expats,High School,15000,luxury,QA
9556,25-44,Female,Expats,High School,39000,luxury,QA
9557,45+,Female,Expats,High School,5100,luxury,QA
9558,18-24,Male,Locals,Graduated,4600,luxury,QA
9559,25-44,Male,Locals,Graduated,12000,luxury,QA
9560,45+,Male,Locals,Graduated,1500,luxury,QA
9561,18-24,Female,Locals,Graduated,1900,luxury,QA
9562,25-44,Female,Locals,Graduated,4900,luxury,QA
9563,45+,Female,Locals,Graduated,450,luxury,QA
9564,18-24,Male,Locals,No Degree,20000,luxury,QA
9565,25-44,Male,Locals,No Degree,35000,luxury,QA
9566,45+,Male,Locals,No Degree,5800,luxury,QA
9567,18-24,Female,Locals,No Degree,8000,luxury,QA
9568,25-44,Female,Locals,No Degree,14000,luxury,QA
9569,45+,Female,Locals,No Degree,1800,luxury,QA
9570,18-24,Male,Locals,High School,2200,luxury,QA
9571,25-44,Male,Locals,High School,3800,luxury,QA
9572,45+,Male,Locals,High School,440,luxury,QA
9573,18-24,Female,Locals,High School,1700,luxury,QA
9574,25-44,Female,Locals,High School,1400,luxury,QA
9575,45+,Female,Locals,High School,150,luxury,QA
9576,18-24,Male,Expats,Graduated,370000,luxury,SA
9577,25-44,Male,Expats,Graduated,1900000,luxury,SA
9578,45+,Male,Expats,Graduated,240000,luxury,SA
9579,18-24,Female,Expats,Graduated,89000,luxury,SA
9580,25-44,Female,Expats,Graduated,420000,luxury,SA
9581,45+,Female,Expats,Graduated,53000,luxury,SA
9582,18-24,Male,Expats,No Degree,130000,luxury,SA
9583,25-44,Male,Expats,No Degree,410000,luxury,SA
9584,45+,Male,Expats,No Degree,67000,luxury,SA
9585,18-24,Female,Expats,No Degree,55000,luxury,SA
9586,25-44,Female,Expats,No Degree,130000,luxury,SA
9587,45+,Female,Expats,No Degree,22000,luxury,SA
9588,18-24,Male,Expats,High School,140000,luxury,SA
9589,25-44,Male,Expats,High School,440000,luxury,SA
9590,45+,Male,Expats,High School,60000,luxury,SA
9591,18-24,Female,Expats,High School,55000,luxury,SA
9592,25-44,Female,Expats,High School,120000,luxury,SA
9593,45+,Female,Expats,High School,16000,luxury,SA
9594,18-24,Male,Locals,Graduated,240000,luxury,SA
9595,25-44,Male,Locals,Graduated,960000,luxury,SA
9596,45+,Male,Locals,Graduated,120000,luxury,SA
9597,18-24,Female,Locals,Graduated,88000,luxury,SA
9598,25-44,Female,Locals,Graduated,250000,luxury,SA
9599,45+,Female,Locals,Graduated,26000,luxury,SA
9600,18-24,Male,Locals,No Degree,1700000,luxury,SA
9601,25-44,Male,Locals,No Degree,3100000,luxury,SA
9602,45+,Male,Locals,No Degree,480000,luxury,SA
9603,18-24,Female,Locals,No Degree,540000,luxury,SA
9604,25-44,Female,Locals,No Degree,680000,luxury,SA
9605,45+,Female,Locals,No Degree,110000,luxury,SA
9606,18-24,Male,Locals,High School,150000,luxury,SA
9607,25-44,Male,Locals,High School,340000,luxury,SA
9608,45+,Male,Locals,High School,44000,luxury,SA
9609,18-24,Female,Locals,High School,74000,luxury,SA
9610,25-44,Female,Locals,High School,85000,luxury,SA
9611,45+,Female,Locals,High School,10000,luxury,SA
9612,18-24,Male,Expats,Graduated,17000,luxury,SO
9613,25-44,Male,Expats,Graduated,18000,luxury,SO
9614,45+,Male,Expats,Graduated,2400,luxury,SO
9615,18-24,Female,Expats,Graduated,6700,luxury,SO
9616,25-44,Female,Expats,Graduated,4100,luxury,SO
9617,45+,Female,Expats,Graduated,510,luxury,SO
9618,18-24,Male,Expats,No Degree,6900,luxury,SO
9619,25-44,Male,Expats,No Degree,10000,luxury,SO
9620,45+,Male,Expats,No Degree,1900,luxury,SO
9621,18-24,Female,Expats,No Degree,4300,luxury,SO
9622,25-44,Female,Expats,No Degree,2600,luxury,SO
9623,45+,Female,Expats,No Degree,360,luxury,SO
9624,18-24,Male,Expats,High School,4400,luxury,SO
9625,25-44,Male,Expats,High School,3800,luxury,SO
9626,45+,Male,Expats,High School,630,luxury,SO
9627,18-24,Female,Expats,High School,2400,luxury,SO
9628,25-44,Female,Expats,High School,1000,luxury,SO
9629,45+,Female,Expats,High School,110,luxury,SO
9630,18-24,Male,Locals,Graduated,53000,luxury,SO
9631,25-44,Male,Locals,Graduated,55000,luxury,SO
9632,45+,Male,Locals,Graduated,4400,luxury,SO
9633,18-24,Female,Locals,Graduated,30000,luxury,SO
9634,25-44,Female,Locals,Graduated,17000,luxury,SO
9635,45+,Female,Locals,Graduated,1700,luxury,SO
9636,18-24,Male,Locals,No Degree,120000,luxury,SO
9637,25-44,Male,Locals,No Degree,79000,luxury,SO
9638,45+,Male,Locals,No Degree,13000,luxury,SO
9639,18-24,Female,Locals,No Degree,99000,luxury,SO
9640,25-44,Female,Locals,No Degree,40000,luxury,SO
9641,45+,Female,Locals,No Degree,4500,luxury,SO
9642,18-24,Male,Locals,High School,20000,luxury,SO
9643,25-44,Male,Locals,High School,12000,luxury,SO
9644,45+,Male,Locals,High School,1300,luxury,SO
9645,18-24,Female,Locals,High School,12000,luxury,SO
9646,25-44,Female,Locals,High School,4100,luxury,SO
9647,45+,Female,Locals,High School,570,luxury,SO
9648,18-24,Male,Expats,Graduated,54000,luxury,TN
9649,25-44,Male,Expats,Graduated,66000,luxury,TN
9650,45+,Male,Expats,Graduated,14000,luxury,TN
9651,18-24,Female,Expats,Graduated,25000,luxury,TN
9652,25-44,Female,Expats,Graduated,28000,luxury,TN
9653,45+,Female,Expats,Graduated,5900,luxury,TN
9654,18-24,Male,Expats,No Degree,38000,luxury,TN
9655,25-44,Male,Expats,No Degree,67000,luxury,TN
9656,45+,Male,Expats,No Degree,15000,luxury,TN
9657,18-24,Female,Expats,No Degree,27000,luxury,TN
9658,25-44,Female,Expats,No Degree,34000,luxury,TN
9659,45+,Female,Expats,No Degree,7200,luxury,TN
9660,18-24,Male,Expats,High School,23000,luxury,TN
9661,25-44,Male,Expats,High School,19000,luxury,TN
9662,45+,Male,Expats,High School,4700,luxury,TN
9663,18-24,Female,Expats,High School,13000,luxury,TN
9664,25-44,Female,Expats,High School,8800,luxury,TN
9665,45+,Female,Expats,High School,2700,luxury,TN
9666,18-24,Male,Locals,Graduated,290000,luxury,TN
9667,25-44,Male,Locals,Graduated,560000,luxury,TN
9668,45+,Male,Locals,Graduated,120000,luxury,TN
9669,18-24,Female,Locals,Graduated,270000,luxury,TN
9670,25-44,Female,Locals,Graduated,430000,luxury,TN
9671,45+,Female,Locals,Graduated,55000,luxury,TN
9672,18-24,Male,Locals,No Degree,430000,luxury,TN
9673,25-44,Male,Locals,No Degree,680000,luxury,TN
9674,45+,Male,Locals,No Degree,180000,luxury,TN
9675,18-24,Female,Locals,No Degree,390000,luxury,TN
9676,25-44,Female,Locals,No Degree,460000,luxury,TN
9677,45+,Female,Locals,No Degree,110000,luxury,TN
9678,18-24,Male,Locals,High School,150000,luxury,TN
9679,25-44,Male,Locals,High School,180000,luxury,TN
9680,45+,Male,Locals,High School,51000,luxury,TN
9681,18-24,Female,Locals,High School,160000,luxury,TN
9682,25-44,Female,Locals,High School,120000,luxury,TN
9683,45+,Female,Locals,High School,31000,luxury,TN
9684,18-24,Male,Expats,Graduated,370000,luxury,AE
9685,25-44,Male,Expats,Graduated,1800000,luxury,AE
9686,45+,Male,Expats,Graduated,210000,luxury,AE
9687,18-24,Female,Expats,Graduated,120000,luxury,AE
9688,25-44,Female,Expats,Graduated,680000,luxury,AE
9689,45+,Female,Expats,Graduated,86000,luxury,AE
9690,18-24,Male,Expats,No Degree,610000,luxury,AE
9691,25-44,Male,Expats,No Degree,1400000,luxury,AE
9692,45+,Male,Expats,No Degree,210000,luxury,AE
9693,18-24,Female,Expats,No Degree,180000,luxury,AE
9694,25-44,Female,Expats,No Degree,380000,luxury,AE
9695,45+,Female,Expats,No Degree,78000,luxury,AE
9696,18-24,Male,Expats,High School,140000,luxury,AE
9697,25-44,Male,Expats,High School,420000,luxury,AE
9698,45+,Male,Expats,High School,59000,luxury,AE
9699,18-24,Female,Expats,High School,66000,luxury,AE
9700,25-44,Female,Expats,High School,150000,luxury,AE
9701,45+,Female,Expats,High School,26000,luxury,AE
9702,18-24,Male,Locals,Graduated,18000,luxury,AE
9703,25-44,Male,Locals,Graduated,58000,luxury,AE
9704,45+,Male,Locals,Graduated,6200,luxury,AE
9705,18-24,Female,Locals,Graduated,8800,luxury,AE
9706,25-44,Female,Locals,Graduated,25000,luxury,AE
9707,45+,Female,Locals,Graduated,1600,luxury,AE
9708,18-24,Male,Locals,No Degree,78000,luxury,AE
9709,25-44,Male,Locals,No Degree,140000,luxury,AE
9710,45+,Male,Locals,No Degree,23000,luxury,AE
9711,18-24,Female,Locals,No Degree,39000,luxury,AE
9712,25-44,Female,Locals,No Degree,67000,luxury,AE
9713,45+,Female,Locals,No Degree,7600,luxury,AE
9714,18-24,Male,Locals,High School,12000,luxury,AE
9715,25-44,Male,Locals,High School,17000,luxury,AE
9716,45+,Male,Locals,High School,2100,luxury,AE
9717,18-24,Female,Locals,High School,7400,luxury,AE
9718,25-44,Female,Locals,High School,6400,luxury,AE
9719,45+,Female,Locals,High School,630,luxury,AE
9720,18-24,Male,Expats,Graduated,19000,luxury,YE
9721,25-44,Male,Expats,Graduated,33000,luxury,YE
9722,45+,Male,Expats,Graduated,3200,luxury,YE
9723,18-24,Female,Expats,Graduated,3800,luxury,YE
9724,25-44,Female,Expats,Graduated,5600,luxury,YE
9725,45+,Female,Expats,Graduated,520,luxury,YE
9726,18-24,Male,Expats,No Degree,18000,luxury,YE
9727,25-44,Male,Expats,No Degree,28000,luxury,YE
9728,45+,Male,Expats,No Degree,2800,luxury,YE
9729,18-24,Female,Expats,No Degree,9800,luxury,YE
9730,25-44,Female,Expats,No Degree,7400,luxury,YE
9731,45+,Female,Expats,No Degree,940,luxury,YE
9732,18-24,Male,Expats,High School,8400,luxury,YE
9733,25-44,Male,Expats,High School,8300,luxury,YE
9734,45+,Male,Expats,High School,890,luxury,YE
9735,18-24,Female,Expats,High School,2600,luxury,YE
9736,25-44,Female,Expats,High School,1600,luxury,YE
9737,45+,Female,Expats,High School,160,luxury,YE
9738,18-24,Male,Locals,Graduated,140000,luxury,YE
9739,25-44,Male,Locals,Graduated,280000,luxury,YE
9740,45+,Male,Locals,Graduated,23000,luxury,YE
9741,18-24,Female,Locals,Graduated,23000,luxury,YE
9742,25-44,Female,Locals,Graduated,37000,luxury,YE
9743,45+,Female,Locals,Graduated,2100,luxury,YE
9744,18-24,Male,Locals,No Degree,280000,luxury,YE
9745,25-44,Male,Locals,No Degree,320000,luxury,YE
9746,45+,Male,Locals,No Degree,41000,luxury,YE
9747,18-24,Female,Locals,No Degree,52000,luxury,YE
9748,25-44,Female,Locals,No Degree,47000,luxury,YE
9749,45+,Female,Locals,No Degree,5700,luxury,YE
9750,18-24,Male,Locals,High School,89000,luxury,YE
9751,25-44,Male,Locals,High School,84000,luxury,YE
9752,45+,Male,Locals,High School,7300,luxury,YE
9753,18-24,Female,Locals,High School,22000,luxury,YE
9754,25-44,Female,Locals,High School,11000,luxury,YE
9755,45+,Female,Locals,High School,850,luxury,YE
9756,18-24,Male,Expats,Graduated,19000,luxury,PS
9757,25-44,Male,Expats,Graduated,32000,luxury,PS
9758,45+,Male,Expats,Graduated,5200,luxury,PS
9759,18-24,Female,Expats,Graduated,15000,luxury,PS
9760,25-44,Female,Expats,Graduated,20000,luxury,PS
9761,45+,Female,Expats,Graduated,2700,luxury,PS
9762,18-24,Male,Expats,No Degree,12000,luxury,PS
9763,25-44,Male,Expats,No Degree,16000,luxury,PS
9764,45+,Male,Expats,No Degree,3900,luxury,PS
9765,18-24,Female,Expats,No Degree,15000,luxury,PS
9766,25-44,Female,Expats,No Degree,14000,luxury,PS
9767,45+,Female,Expats,No Degree,3500,luxury,PS
9768,18-24,Male,Expats,High School,10000,luxury,PS
9769,25-44,Male,Expats,High School,6800,luxury,PS
9770,45+,Male,Expats,High School,1400,luxury,PS
9771,18-24,Female,Expats,High School,12000,luxury,PS
9772,25-44,Female,Expats,High School,5500,luxury,PS
9773,45+,Female,Expats,High School,1300,luxury,PS
9774,18-24,Male,Locals,Graduated,82000,luxury,PS
9775,25-44,Male,Locals,Graduated,130000,luxury,PS
9776,45+,Male,Locals,Graduated,20000,luxury,PS
9777,18-24,Female,Locals,Graduated,71000,luxury,PS
9778,25-44,Female,Locals,Graduated,87000,luxury,PS
9779,45+,Female,Locals,Graduated,8700,luxury,PS
9780,18-24,Male,Locals,No Degree,90000,luxury,PS
9781,25-44,Male,Locals,No Degree,95000,luxury,PS
9782,45+,Male,Locals,No Degree,29000,luxury,PS
9783,18-24,Female,Locals,No Degree,80000,luxury,PS
9784,25-44,Female,Locals,No Degree,80000,luxury,PS
9785,45+,Female,Locals,No Degree,25000,luxury,PS
9786,18-24,Male,Locals,High School,52000,luxury,PS
9787,25-44,Male,Locals,High School,33000,luxury,PS
9788,45+,Male,Locals,High School,6900,luxury,PS
9789,18-24,Female,Locals,High School,57000,luxury,PS
9790,25-44,Female,Locals,High School,25000,luxury,PS
9791,45+,Female,Locals,High School,4000,luxury,PS
