,Unnamed: 0.1,ages_ranges,genders,behavior,scholarities,audience,timestamp,topic,country_code
1836,1836,18-24,1.0,Expats,Graduated,19000,1485789793.38,obesity,DZ
1837,1837,25-44,1.0,Expats,Graduated,17000,1485789793.38,obesity,DZ
1838,1838,45+,1.0,Expats,Graduated,2400,1485789793.38,obesity,DZ
1839,1839,18-24,2.0,Expats,Graduated,8800,1485789793.38,obesity,DZ
1840,1840,25-44,2.0,Expats,Graduated,7600,1485789793.38,obesity,DZ
1841,1841,45+,2.0,Expats,Graduated,1300,1485789793.38,obesity,DZ
1842,1842,18-24,1.0,Expats,No Degree,11000,1485789793.38,obesity,DZ
1843,1843,25-44,1.0,Expats,No Degree,16000,1485789793.38,obesity,DZ
1844,1844,45+,1.0,Expats,No Degree,3000,1485789793.38,obesity,DZ
1845,1845,18-24,2.0,Expats,No Degree,8200,1485789793.38,obesity,DZ
1846,1846,25-44,2.0,Expats,No Degree,9300,1485789793.38,obesity,DZ
1847,1847,45+,2.0,Expats,No Degree,2000,1485789793.38,obesity,DZ
1848,1848,18-24,1.0,Expats,High School,7300,1485789793.38,obesity,DZ
1849,1849,25-44,1.0,Expats,High School,4300,1485789793.38,obesity,DZ
1850,1850,45+,1.0,Expats,High School,880,1485789793.38,obesity,DZ
1851,1851,18-24,2.0,Expats,High School,3800,1485789793.38,obesity,DZ
1852,1852,25-44,2.0,Expats,High School,2100,1485789793.38,obesity,DZ
1853,1853,45+,2.0,Expats,High School,610,1485789793.38,obesity,DZ
1854,1854,18-24,1.0,Locals,Graduated,86000,1485789793.38,obesity,DZ
1855,1855,25-44,1.0,Locals,Graduated,120000,1485789793.38,obesity,DZ
1856,1856,45+,1.0,Locals,Graduated,13000,1485789793.38,obesity,DZ
1857,1857,18-24,2.0,Locals,Graduated,80000,1485789793.38,obesity,DZ
1858,1858,25-44,2.0,Locals,Graduated,100000,1485789793.38,obesity,DZ
1859,1859,45+,2.0,Locals,Graduated,10000,1485789793.38,obesity,DZ
1860,1860,18-24,1.0,Locals,No Degree,100000,1485789793.38,obesity,DZ
1861,1861,25-44,1.0,Locals,No Degree,170000,1485789793.38,obesity,DZ
1862,1862,45+,1.0,Locals,No Degree,24000,1485789793.38,obesity,DZ
1863,1863,18-24,2.0,Locals,No Degree,110000,1485789793.38,obesity,DZ
1864,1864,25-44,2.0,Locals,No Degree,140000,1485789793.38,obesity,DZ
1865,1865,45+,2.0,Locals,No Degree,22000,1485789793.38,obesity,DZ
1866,1866,18-24,1.0,Locals,High School,41000,1485789793.38,obesity,DZ
1867,1867,25-44,1.0,Locals,High School,34000,1485789793.38,obesity,DZ
1868,1868,45+,1.0,Locals,High School,4700,1485789793.38,obesity,DZ
1869,1869,18-24,2.0,Locals,High School,41000,1485789793.38,obesity,DZ
1870,1870,25-44,2.0,Locals,High School,26000,1485789793.38,obesity,DZ
1871,1871,45+,2.0,Locals,High School,4500,1485789793.38,obesity,DZ
1872,1872,18-24,1.0,Expats,Graduated,3200,1485789793.38,obesity,BH
1873,1873,25-44,1.0,Expats,Graduated,13000,1485789793.38,obesity,BH
1874,1874,45+,1.0,Expats,Graduated,1300,1485789793.38,obesity,BH
1875,1875,18-24,2.0,Expats,Graduated,1200,1485789793.38,obesity,BH
1876,1876,25-44,2.0,Expats,Graduated,12000,1485789793.38,obesity,BH
1877,1877,45+,2.0,Expats,Graduated,2300,1485789793.38,obesity,BH
1878,1878,18-24,1.0,Expats,No Degree,3300,1485789793.38,obesity,BH
1879,1879,25-44,1.0,Expats,No Degree,11000,1485789793.38,obesity,BH
1880,1880,45+,1.0,Expats,No Degree,1600,1485789793.38,obesity,BH
1881,1881,18-24,2.0,Expats,No Degree,1000,1485789793.38,obesity,BH
1882,1882,25-44,2.0,Expats,No Degree,5800,1485789793.38,obesity,BH
1883,1883,45+,2.0,Expats,No Degree,1500,1485789793.38,obesity,BH
1884,1884,18-24,1.0,Expats,High School,1500,1485789793.38,obesity,BH
1885,1885,25-44,1.0,Expats,High School,3400,1485789793.38,obesity,BH
1886,1886,45+,1.0,Expats,High School,540,1485789793.38,obesity,BH
1887,1887,18-24,2.0,Expats,High School,800,1485789793.38,obesity,BH
1888,1888,25-44,2.0,Expats,High School,3700,1485789793.38,obesity,BH
1889,1889,45+,2.0,Expats,High School,810,1485789793.38,obesity,BH
1890,1890,18-24,1.0,Locals,Graduated,840,1485789793.38,obesity,BH
1891,1891,25-44,1.0,Locals,Graduated,2400,1485789793.38,obesity,BH
1892,1892,45+,1.0,Locals,Graduated,270,1485789793.38,obesity,BH
1893,1893,18-24,2.0,Locals,Graduated,660,1485789793.38,obesity,BH
1894,1894,25-44,2.0,Locals,Graduated,2400,1485789793.38,obesity,BH
1895,1895,45+,2.0,Locals,Graduated,190,1485789793.38,obesity,BH
1896,1896,18-24,1.0,Locals,No Degree,940,1485789793.38,obesity,BH
1897,1897,25-44,1.0,Locals,No Degree,2000,1485789793.38,obesity,BH
1898,1898,45+,1.0,Locals,No Degree,250,1485789793.38,obesity,BH
1899,1899,18-24,2.0,Locals,No Degree,800,1485789793.38,obesity,BH
1900,1900,25-44,2.0,Locals,No Degree,1800,1485789793.38,obesity,BH
1901,1901,45+,2.0,Locals,No Degree,200,1485789793.38,obesity,BH
1902,1902,18-24,1.0,Locals,High School,460,1485789793.38,obesity,BH
1903,1903,25-44,1.0,Locals,High School,900,1485789793.38,obesity,BH
1904,1904,45+,1.0,Locals,High School,60,1485789793.38,obesity,BH
1905,1905,18-24,2.0,Locals,High School,640,1485789793.38,obesity,BH
1906,1906,25-44,2.0,Locals,High School,460,1485789793.38,obesity,BH
1907,1907,45+,2.0,Locals,High School,20,1485789793.38,obesity,BH
1908,1908,18-24,1.0,Expats,Graduated,17000,1485789793.38,obesity,EG
1909,1909,25-44,1.0,Expats,Graduated,26000,1485789793.38,obesity,EG
1910,1910,45+,1.0,Expats,Graduated,4500,1485789793.38,obesity,EG
1911,1911,18-24,2.0,Expats,Graduated,14000,1485789793.38,obesity,EG
1912,1912,25-44,2.0,Expats,Graduated,29000,1485789793.38,obesity,EG
1913,1913,45+,2.0,Expats,Graduated,5300,1485789793.38,obesity,EG
1914,1914,18-24,1.0,Expats,No Degree,6800,1485789793.38,obesity,EG
1915,1915,25-44,1.0,Expats,No Degree,10000,1485789793.38,obesity,EG
1916,1916,45+,1.0,Expats,No Degree,3100,1485789793.38,obesity,EG
1917,1917,18-24,2.0,Expats,No Degree,6900,1485789793.38,obesity,EG
1918,1918,25-44,2.0,Expats,No Degree,13000,1485789793.38,obesity,EG
1919,1919,45+,2.0,Expats,No Degree,5100,1485789793.38,obesity,EG
1920,1920,18-24,1.0,Expats,High School,11000,1485789793.38,obesity,EG
1921,1921,25-44,1.0,Expats,High School,5500,1485789793.38,obesity,EG
1922,1922,45+,1.0,Expats,High School,1200,1485789793.38,obesity,EG
1923,1923,18-24,2.0,Expats,High School,11000,1485789793.38,obesity,EG
1924,1924,25-44,2.0,Expats,High School,7100,1485789793.38,obesity,EG
1925,1925,45+,2.0,Expats,High School,1600,1485789793.38,obesity,EG
1926,1926,18-24,1.0,Locals,Graduated,330000,1485789793.38,obesity,EG
1927,1927,25-44,1.0,Locals,Graduated,540000,1485789793.38,obesity,EG
1928,1928,45+,1.0,Locals,Graduated,84000,1485789793.38,obesity,EG
1929,1929,18-24,2.0,Locals,Graduated,470000,1485789793.38,obesity,EG
1930,1930,25-44,2.0,Locals,Graduated,860000,1485789793.38,obesity,EG
1931,1931,45+,2.0,Locals,Graduated,120000,1485789793.38,obesity,EG
1932,1932,18-24,1.0,Locals,No Degree,180000,1485789793.38,obesity,EG
1933,1933,25-44,1.0,Locals,No Degree,300000,1485789793.38,obesity,EG
1934,1934,45+,1.0,Locals,No Degree,94000,1485789793.38,obesity,EG
1935,1935,18-24,2.0,Locals,No Degree,250000,1485789793.38,obesity,EG
1936,1936,25-44,2.0,Locals,No Degree,480000,1485789793.38,obesity,EG
1937,1937,45+,2.0,Locals,No Degree,180000,1485789793.38,obesity,EG
1938,1938,18-24,1.0,Locals,High School,220000,1485789793.38,obesity,EG
1939,1939,25-44,1.0,Locals,High School,110000,1485789793.38,obesity,EG
1940,1940,45+,1.0,Locals,High School,21000,1485789793.38,obesity,EG
1941,1941,18-24,2.0,Locals,High School,320000,1485789793.38,obesity,EG
1942,1942,25-44,2.0,Locals,High School,150000,1485789793.38,obesity,EG
1943,1943,45+,2.0,Locals,High School,28000,1485789793.38,obesity,EG
1944,1944,18-24,1.0,Expats,Graduated,14000,1485789793.38,obesity,IQ
1945,1945,25-44,1.0,Expats,Graduated,30000,1485789793.38,obesity,IQ
1946,1946,45+,1.0,Expats,Graduated,3900,1485789793.38,obesity,IQ
1947,1947,18-24,2.0,Expats,Graduated,3200,1485789793.38,obesity,IQ
1948,1948,25-44,2.0,Expats,Graduated,8000,1485789793.38,obesity,IQ
1949,1949,45+,2.0,Expats,Graduated,1200,1485789793.38,obesity,IQ
1950,1950,18-24,1.0,Expats,No Degree,11000,1485789793.38,obesity,IQ
1951,1951,25-44,1.0,Expats,No Degree,15000,1485789793.38,obesity,IQ
1952,1952,45+,1.0,Expats,No Degree,3200,1485789793.38,obesity,IQ
1953,1953,18-24,2.0,Expats,No Degree,4600,1485789793.38,obesity,IQ
1954,1954,25-44,2.0,Expats,No Degree,6300,1485789793.38,obesity,IQ
1955,1955,45+,2.0,Expats,No Degree,1300,1485789793.38,obesity,IQ
1956,1956,18-24,1.0,Expats,High School,7700,1485789793.38,obesity,IQ
1957,1957,25-44,1.0,Expats,High School,8200,1485789793.38,obesity,IQ
1958,1958,45+,1.0,Expats,High School,1200,1485789793.38,obesity,IQ
1959,1959,18-24,2.0,Expats,High School,2900,1485789793.38,obesity,IQ
1960,1960,25-44,2.0,Expats,High School,2300,1485789793.38,obesity,IQ
1961,1961,45+,2.0,Expats,High School,440,1485789793.38,obesity,IQ
1962,1962,18-24,1.0,Locals,Graduated,160000,1485789793.38,obesity,IQ
1963,1963,25-44,1.0,Locals,Graduated,350000,1485789793.38,obesity,IQ
1964,1964,45+,1.0,Locals,Graduated,51000,1485789793.38,obesity,IQ
1965,1965,18-24,2.0,Locals,Graduated,51000,1485789793.38,obesity,IQ
1966,1966,25-44,2.0,Locals,Graduated,130000,1485789793.38,obesity,IQ
1967,1967,45+,2.0,Locals,Graduated,22000,1485789793.38,obesity,IQ
1968,1968,18-24,1.0,Locals,No Degree,210000,1485789793.38,obesity,IQ
1969,1969,25-44,1.0,Locals,No Degree,320000,1485789793.38,obesity,IQ
1970,1970,45+,1.0,Locals,No Degree,82000,1485789793.38,obesity,IQ
1971,1971,18-24,2.0,Locals,No Degree,86000,1485789793.38,obesity,IQ
1972,1972,25-44,2.0,Locals,No Degree,150000,1485789793.38,obesity,IQ
1973,1973,45+,2.0,Locals,No Degree,43000,1485789793.38,obesity,IQ
1974,1974,18-24,1.0,Locals,High School,100000,1485789793.38,obesity,IQ
1975,1975,25-44,1.0,Locals,High School,110000,1485789793.38,obesity,IQ
1976,1976,45+,1.0,Locals,High School,18000,1485789793.38,obesity,IQ
1977,1977,18-24,2.0,Locals,High School,48000,1485789793.38,obesity,IQ
1978,1978,25-44,2.0,Locals,High School,41000,1485789793.38,obesity,IQ
1979,1979,45+,2.0,Locals,High School,7700,1485789793.38,obesity,IQ
1980,1980,18-24,1.0,Expats,Graduated,9700,1485789793.38,obesity,JO
1981,1981,25-44,1.0,Expats,Graduated,19000,1485789793.38,obesity,JO
1982,1982,45+,1.0,Expats,Graduated,3500,1485789793.38,obesity,JO
1983,1983,18-24,2.0,Expats,Graduated,9300,1485789793.38,obesity,JO
1984,1984,25-44,2.0,Expats,Graduated,26000,1485789793.38,obesity,JO
1985,1985,45+,2.0,Expats,Graduated,6300,1485789793.38,obesity,JO
1986,1986,18-24,1.0,Expats,No Degree,10000,1485789793.38,obesity,JO
1987,1987,25-44,1.0,Expats,No Degree,15000,1485789793.38,obesity,JO
1988,1988,45+,1.0,Expats,No Degree,3900,1485789793.38,obesity,JO
1989,1989,18-24,2.0,Expats,No Degree,6700,1485789793.38,obesity,JO
1990,1990,25-44,2.0,Expats,No Degree,16000,1485789793.38,obesity,JO
1991,1991,45+,2.0,Expats,No Degree,8200,1485789793.38,obesity,JO
1992,1992,18-24,1.0,Expats,High School,8400,1485789793.38,obesity,JO
1993,1993,25-44,1.0,Expats,High School,5800,1485789793.38,obesity,JO
1994,1994,45+,1.0,Expats,High School,1000,1485789793.38,obesity,JO
1995,1995,18-24,2.0,Expats,High School,10000,1485789793.38,obesity,JO
1996,1996,25-44,2.0,Expats,High School,7500,1485789793.38,obesity,JO
1997,1997,45+,2.0,Expats,High School,2400,1485789793.38,obesity,JO
1998,1998,18-24,1.0,Locals,Graduated,31000,1485789793.38,obesity,JO
1999,1999,25-44,1.0,Locals,Graduated,56000,1485789793.38,obesity,JO
2000,2000,45+,1.0,Locals,Graduated,11000,1485789793.38,obesity,JO
2001,2001,18-24,2.0,Locals,Graduated,31000,1485789793.38,obesity,JO
2002,2002,25-44,2.0,Locals,Graduated,85000,1485789793.38,obesity,JO
2003,2003,45+,2.0,Locals,Graduated,14000,1485789793.38,obesity,JO
2004,2004,18-24,1.0,Locals,No Degree,33000,1485789793.38,obesity,JO
2005,2005,25-44,1.0,Locals,No Degree,41000,1485789793.38,obesity,JO
2006,2006,45+,1.0,Locals,No Degree,17000,1485789793.38,obesity,JO
2007,2007,18-24,2.0,Locals,No Degree,34000,1485789793.38,obesity,JO
2008,2008,25-44,2.0,Locals,No Degree,72000,1485789793.38,obesity,JO
2009,2009,45+,2.0,Locals,No Degree,30000,1485789793.38,obesity,JO
2010,2010,18-24,1.0,Locals,High School,26000,1485789793.38,obesity,JO
2011,2011,25-44,1.0,Locals,High School,17000,1485789793.38,obesity,JO
2012,2012,45+,1.0,Locals,High School,4700,1485789793.38,obesity,JO
2013,2013,18-24,2.0,Locals,High School,35000,1485789793.38,obesity,JO
2014,2014,25-44,2.0,Locals,High School,25000,1485789793.38,obesity,JO
2015,2015,45+,2.0,Locals,High School,5900,1485789793.38,obesity,JO
2016,2016,18-24,1.0,Expats,Graduated,4000,1485789793.38,obesity,KW
2017,2017,25-44,1.0,Expats,Graduated,31000,1485789793.38,obesity,KW
2018,2018,45+,1.0,Expats,Graduated,3500,1485789793.38,obesity,KW
2019,2019,18-24,2.0,Expats,Graduated,2700,1485789793.38,obesity,KW
2020,2020,25-44,2.0,Expats,Graduated,29000,1485789793.38,obesity,KW
2021,2021,45+,2.0,Expats,Graduated,4800,1485789793.38,obesity,KW
2022,2022,18-24,1.0,Expats,No Degree,7200,1485789793.38,obesity,KW
2023,2023,25-44,1.0,Expats,No Degree,28000,1485789793.38,obesity,KW
2024,2024,45+,1.0,Expats,No Degree,5100,1485789793.38,obesity,KW
2025,2025,18-24,2.0,Expats,No Degree,2900,1485789793.38,obesity,KW
2026,2026,25-44,2.0,Expats,No Degree,13000,1485789793.38,obesity,KW
2027,2027,45+,2.0,Expats,No Degree,4200,1485789793.38,obesity,KW
2028,2028,18-24,1.0,Expats,High School,1800,1485789793.38,obesity,KW
2029,2029,25-44,1.0,Expats,High School,7800,1485789793.38,obesity,KW
2030,2030,45+,1.0,Expats,High School,950,1485789793.38,obesity,KW
2031,2031,18-24,2.0,Expats,High School,1900,1485789793.38,obesity,KW
2032,2032,25-44,2.0,Expats,High School,9100,1485789793.38,obesity,KW
2033,2033,45+,2.0,Expats,High School,1600,1485789793.38,obesity,KW
2034,2034,18-24,1.0,Locals,Graduated,460,1485789793.38,obesity,KW
2035,2035,25-44,1.0,Locals,Graduated,2900,1485789793.38,obesity,KW
2036,2036,45+,1.0,Locals,Graduated,450,1485789793.38,obesity,KW
2037,2037,18-24,2.0,Locals,Graduated,420,1485789793.38,obesity,KW
2038,2038,25-44,2.0,Locals,Graduated,3000,1485789793.38,obesity,KW
2039,2039,45+,2.0,Locals,Graduated,460,1485789793.38,obesity,KW
2040,2040,18-24,1.0,Locals,No Degree,920,1485789793.38,obesity,KW
2041,2041,25-44,1.0,Locals,No Degree,3100,1485789793.38,obesity,KW
2042,2042,45+,1.0,Locals,No Degree,450,1485789793.38,obesity,KW
2043,2043,18-24,2.0,Locals,No Degree,1200,1485789793.38,obesity,KW
2044,2044,25-44,2.0,Locals,No Degree,3200,1485789793.38,obesity,KW
2045,2045,45+,2.0,Locals,No Degree,620,1485789793.38,obesity,KW
2046,2046,18-24,1.0,Locals,High School,360,1485789793.38,obesity,KW
2047,2047,25-44,1.0,Locals,High School,710,1485789793.38,obesity,KW
2048,2048,45+,1.0,Locals,High School,90,1485789793.38,obesity,KW
2049,2049,18-24,2.0,Locals,High School,410,1485789793.38,obesity,KW
2050,2050,25-44,2.0,Locals,High School,620,1485789793.38,obesity,KW
2051,2051,45+,2.0,Locals,High School,110,1485789793.38,obesity,KW
2052,2052,18-24,1.0,Expats,Graduated,4400,1485789793.38,obesity,LB
2053,2053,25-44,1.0,Expats,Graduated,8200,1485789793.38,obesity,LB
2054,2054,45+,1.0,Expats,Graduated,1400,1485789793.38,obesity,LB
2055,2055,18-24,2.0,Expats,Graduated,2800,1485789793.38,obesity,LB
2056,2056,25-44,2.0,Expats,Graduated,9300,1485789793.38,obesity,LB
2057,2057,45+,2.0,Expats,Graduated,2900,1485789793.38,obesity,LB
2058,2058,18-24,1.0,Expats,No Degree,7000,1485789793.38,obesity,LB
2059,2059,25-44,1.0,Expats,No Degree,10000,1485789793.38,obesity,LB
2060,2060,45+,1.0,Expats,No Degree,2000,1485789793.38,obesity,LB
2061,2061,18-24,2.0,Expats,No Degree,3800,1485789793.38,obesity,LB
2062,2062,25-44,2.0,Expats,No Degree,7900,1485789793.38,obesity,LB
2063,2063,45+,2.0,Expats,No Degree,3900,1485789793.38,obesity,LB
2064,2064,18-24,1.0,Expats,High School,2800,1485789793.38,obesity,LB
2065,2065,25-44,1.0,Expats,High School,3000,1485789793.38,obesity,LB
2066,2066,45+,1.0,Expats,High School,520,1485789793.38,obesity,LB
2067,2067,18-24,2.0,Expats,High School,2500,1485789793.38,obesity,LB
2068,2068,25-44,2.0,Expats,High School,3400,1485789793.38,obesity,LB
2069,2069,45+,2.0,Expats,High School,830,1485789793.38,obesity,LB
2070,2070,18-24,1.0,Locals,Graduated,12000,1485789793.38,obesity,LB
2071,2071,25-44,1.0,Locals,Graduated,25000,1485789793.38,obesity,LB
2072,2072,45+,1.0,Locals,Graduated,7200,1485789793.38,obesity,LB
2073,2073,18-24,2.0,Locals,Graduated,23000,1485789793.38,obesity,LB
2074,2074,25-44,2.0,Locals,Graduated,58000,1485789793.38,obesity,LB
2075,2075,45+,2.0,Locals,Graduated,16000,1485789793.38,obesity,LB
2076,2076,18-24,1.0,Locals,No Degree,16000,1485789793.38,obesity,LB
2077,2077,25-44,1.0,Locals,No Degree,23000,1485789793.38,obesity,LB
2078,2078,45+,1.0,Locals,No Degree,12000,1485789793.38,obesity,LB
2079,2079,18-24,2.0,Locals,No Degree,22000,1485789793.38,obesity,LB
2080,2080,25-44,2.0,Locals,No Degree,48000,1485789793.38,obesity,LB
2081,2081,45+,2.0,Locals,No Degree,34000,1485789793.38,obesity,LB
2082,2082,18-24,1.0,Locals,High School,9300,1485789793.38,obesity,LB
2083,2083,25-44,1.0,Locals,High School,7200,1485789793.38,obesity,LB
2084,2084,45+,1.0,Locals,High School,2400,1485789793.38,obesity,LB
2085,2085,18-24,2.0,Locals,High School,23000,1485789793.38,obesity,LB
2086,2086,25-44,2.0,Locals,High School,15000,1485789793.38,obesity,LB
2087,2087,45+,2.0,Locals,High School,5200,1485789793.38,obesity,LB
2088,2088,18-24,1.0,Expats,Graduated,4700,1485789793.38,obesity,LY
2089,2089,25-44,1.0,Expats,Graduated,12000,1485789793.38,obesity,LY
2090,2090,45+,1.0,Expats,Graduated,1800,1485789793.38,obesity,LY
2091,2091,18-24,2.0,Expats,Graduated,1700,1485789793.38,obesity,LY
2092,2092,25-44,2.0,Expats,Graduated,5700,1485789793.38,obesity,LY
2093,2093,45+,2.0,Expats,Graduated,1400,1485789793.38,obesity,LY
2094,2094,18-24,1.0,Expats,No Degree,8200,1485789793.38,obesity,LY
2095,2095,25-44,1.0,Expats,No Degree,17000,1485789793.38,obesity,LY
2096,2096,45+,1.0,Expats,No Degree,2400,1485789793.38,obesity,LY
2097,2097,18-24,2.0,Expats,No Degree,2700,1485789793.38,obesity,LY
2098,2098,25-44,2.0,Expats,No Degree,6600,1485789793.38,obesity,LY
2099,2099,45+,2.0,Expats,No Degree,2000,1485789793.38,obesity,LY
2100,2100,18-24,1.0,Expats,High School,2100,1485789793.38,obesity,LY
2101,2101,25-44,1.0,Expats,High School,3600,1485789793.38,obesity,LY
2102,2102,45+,1.0,Expats,High School,510,1485789793.38,obesity,LY
2103,2103,18-24,2.0,Expats,High School,1200,1485789793.38,obesity,LY
2104,2104,25-44,2.0,Expats,High School,1600,1485789793.38,obesity,LY
2105,2105,45+,2.0,Expats,High School,400,1485789793.38,obesity,LY
2106,2106,18-24,1.0,Locals,Graduated,26000,1485789793.38,obesity,LY
2107,2107,25-44,1.0,Locals,Graduated,57000,1485789793.38,obesity,LY
2108,2108,45+,1.0,Locals,Graduated,9800,1485789793.38,obesity,LY
2109,2109,18-24,2.0,Locals,Graduated,28000,1485789793.38,obesity,LY
2110,2110,25-44,2.0,Locals,Graduated,63000,1485789793.38,obesity,LY
2111,2111,45+,2.0,Locals,Graduated,9200,1485789793.38,obesity,LY
2112,2112,18-24,1.0,Locals,No Degree,30000,1485789793.38,obesity,LY
2113,2113,25-44,1.0,Locals,No Degree,59000,1485789793.38,obesity,LY
2114,2114,45+,1.0,Locals,No Degree,16000,1485789793.38,obesity,LY
2115,2115,18-24,2.0,Locals,No Degree,32000,1485789793.38,obesity,LY
2116,2116,25-44,2.0,Locals,No Degree,72000,1485789793.38,obesity,LY
2117,2117,45+,2.0,Locals,No Degree,23000,1485789793.38,obesity,LY
2118,2118,18-24,1.0,Locals,High School,15000,1485789793.38,obesity,LY
2119,2119,25-44,1.0,Locals,High School,14000,1485789793.38,obesity,LY
2120,2120,45+,1.0,Locals,High School,3000,1485789793.38,obesity,LY
2121,2121,18-24,2.0,Locals,High School,21000,1485789793.38,obesity,LY
2122,2122,25-44,2.0,Locals,High School,16000,1485789793.38,obesity,LY
2123,2123,45+,2.0,Locals,High School,3200,1485789793.38,obesity,LY
2124,2124,18-24,1.0,Expats,Graduated,21000,1485789793.38,obesity,MA
2125,2125,25-44,1.0,Expats,Graduated,13000,1485789793.38,obesity,MA
2126,2126,45+,1.0,Expats,Graduated,1500,1485789793.38,obesity,MA
2127,2127,18-24,2.0,Expats,Graduated,8500,1485789793.38,obesity,MA
2128,2128,25-44,2.0,Expats,Graduated,7700,1485789793.38,obesity,MA
2129,2129,45+,2.0,Expats,Graduated,1300,1485789793.38,obesity,MA
2130,2130,18-24,1.0,Expats,No Degree,7800,1485789793.38,obesity,MA
2131,2131,25-44,1.0,Expats,No Degree,9300,1485789793.38,obesity,MA
2132,2132,45+,1.0,Expats,No Degree,1700,1485789793.38,obesity,MA
2133,2133,18-24,2.0,Expats,No Degree,6300,1485789793.38,obesity,MA
2134,2134,25-44,2.0,Expats,No Degree,7500,1485789793.38,obesity,MA
2135,2135,45+,2.0,Expats,No Degree,1700,1485789793.38,obesity,MA
2136,2136,18-24,1.0,Expats,High School,7500,1485789793.38,obesity,MA
2137,2137,25-44,1.0,Expats,High School,3100,1485789793.38,obesity,MA
2138,2138,45+,1.0,Expats,High School,470,1485789793.38,obesity,MA
2139,2139,18-24,2.0,Expats,High School,3700,1485789793.38,obesity,MA
2140,2140,25-44,2.0,Expats,High School,2100,1485789793.38,obesity,MA
2141,2141,45+,2.0,Expats,High School,540,1485789793.38,obesity,MA
2142,2142,18-24,1.0,Locals,Graduated,130000,1485789793.38,obesity,MA
2143,2143,25-44,1.0,Locals,Graduated,110000,1485789793.38,obesity,MA
2144,2144,45+,1.0,Locals,Graduated,11000,1485789793.38,obesity,MA
2145,2145,18-24,2.0,Locals,Graduated,96000,1485789793.38,obesity,MA
2146,2146,25-44,2.0,Locals,Graduated,84000,1485789793.38,obesity,MA
2147,2147,45+,2.0,Locals,Graduated,12000,1485789793.38,obesity,MA
2148,2148,18-24,1.0,Locals,No Degree,120000,1485789793.38,obesity,MA
2149,2149,25-44,1.0,Locals,No Degree,140000,1485789793.38,obesity,MA
2150,2150,45+,1.0,Locals,No Degree,21000,1485789793.38,obesity,MA
2151,2151,18-24,2.0,Locals,No Degree,120000,1485789793.38,obesity,MA
2152,2152,25-44,2.0,Locals,No Degree,99000,1485789793.38,obesity,MA
2153,2153,45+,2.0,Locals,No Degree,23000,1485789793.38,obesity,MA
2154,2154,18-24,1.0,Locals,High School,59000,1485789793.38,obesity,MA
2155,2155,25-44,1.0,Locals,High School,33000,1485789793.38,obesity,MA
2156,2156,45+,1.0,Locals,High School,3800,1485789793.38,obesity,MA
2157,2157,18-24,2.0,Locals,High School,50000,1485789793.38,obesity,MA
2158,2158,25-44,2.0,Locals,High School,24000,1485789793.38,obesity,MA
2159,2159,45+,2.0,Locals,High School,4900,1485789793.38,obesity,MA
2160,2160,18-24,1.0,Expats,Graduated,3800,1485789793.38,obesity,OM
2161,2161,25-44,1.0,Expats,Graduated,16000,1485789793.38,obesity,OM
2162,2162,45+,1.0,Expats,Graduated,2100,1485789793.38,obesity,OM
2163,2163,18-24,2.0,Expats,Graduated,1100,1485789793.38,obesity,OM
2164,2164,25-44,2.0,Expats,Graduated,11000,1485789793.38,obesity,OM
2165,2165,45+,2.0,Expats,Graduated,1900,1485789793.38,obesity,OM
2166,2166,18-24,1.0,Expats,No Degree,6300,1485789793.38,obesity,OM
2167,2167,25-44,1.0,Expats,No Degree,13000,1485789793.38,obesity,OM
2168,2168,45+,1.0,Expats,No Degree,1700,1485789793.38,obesity,OM
2169,2169,18-24,2.0,Expats,No Degree,1700,1485789793.38,obesity,OM
2170,2170,25-44,2.0,Expats,No Degree,5400,1485789793.38,obesity,OM
2171,2171,45+,2.0,Expats,No Degree,1200,1485789793.38,obesity,OM
2172,2172,18-24,1.0,Expats,High School,1600,1485789793.38,obesity,OM
2173,2173,25-44,1.0,Expats,High School,3200,1485789793.38,obesity,OM
2174,2174,45+,1.0,Expats,High School,530,1485789793.38,obesity,OM
2175,2175,18-24,2.0,Expats,High School,750,1485789793.38,obesity,OM
2176,2176,25-44,2.0,Expats,High School,2400,1485789793.38,obesity,OM
2177,2177,45+,2.0,Expats,High School,400,1485789793.38,obesity,OM
2178,2178,18-24,1.0,Locals,Graduated,1700,1485789793.38,obesity,OM
2179,2179,25-44,1.0,Locals,Graduated,5000,1485789793.38,obesity,OM
2180,2180,45+,1.0,Locals,Graduated,260,1485789793.38,obesity,OM
2181,2181,18-24,2.0,Locals,Graduated,380,1485789793.38,obesity,OM
2182,2182,25-44,2.0,Locals,Graduated,1100,1485789793.38,obesity,OM
2183,2183,45+,2.0,Locals,Graduated,50,1485789793.38,obesity,OM
2184,2184,18-24,1.0,Locals,No Degree,2300,1485789793.38,obesity,OM
2185,2185,25-44,1.0,Locals,No Degree,4800,1485789793.38,obesity,OM
2186,2186,45+,1.0,Locals,No Degree,400,1485789793.38,obesity,OM
2187,2187,18-24,2.0,Locals,No Degree,630,1485789793.38,obesity,OM
2188,2188,25-44,2.0,Locals,No Degree,1600,1485789793.38,obesity,OM
2189,2189,45+,2.0,Locals,No Degree,130,1485789793.38,obesity,OM
2190,2190,18-24,1.0,Locals,High School,920,1485789793.38,obesity,OM
2191,2191,25-44,1.0,Locals,High School,1700,1485789793.38,obesity,OM
2192,2192,45+,1.0,Locals,High School,140,1485789793.38,obesity,OM
2193,2193,18-24,2.0,Locals,High School,240,1485789793.38,obesity,OM
2194,2194,25-44,2.0,Locals,High School,290,1485789793.38,obesity,OM
2195,2195,45+,2.0,Locals,High School,40,1485789793.38,obesity,OM
2196,2196,18-24,1.0,Expats,Graduated,17000,1485789793.38,obesity,QA
2197,2197,25-44,1.0,Expats,Graduated,61000,1485789793.38,obesity,QA
2198,2198,45+,1.0,Expats,Graduated,6200,1485789793.38,obesity,QA
2199,2199,18-24,2.0,Expats,Graduated,5000,1485789793.38,obesity,QA
2200,2200,25-44,2.0,Expats,Graduated,40000,1485789793.38,obesity,QA
2201,2201,45+,2.0,Expats,Graduated,4800,1485789793.38,obesity,QA
2202,2202,18-24,1.0,Expats,No Degree,16000,1485789793.38,obesity,QA
2203,2203,25-44,1.0,Expats,No Degree,36000,1485789793.38,obesity,QA
2204,2204,45+,1.0,Expats,No Degree,4400,1485789793.38,obesity,QA
2205,2205,18-24,2.0,Expats,No Degree,3400,1485789793.38,obesity,QA
2206,2206,25-44,2.0,Expats,No Degree,13000,1485789793.38,obesity,QA
2207,2207,45+,2.0,Expats,No Degree,3100,1485789793.38,obesity,QA
2208,2208,18-24,1.0,Expats,High School,5900,1485789793.38,obesity,QA
2209,2209,25-44,1.0,Expats,High School,14000,1485789793.38,obesity,QA
2210,2210,45+,1.0,Expats,High School,1600,1485789793.38,obesity,QA
2211,2211,18-24,2.0,Expats,High School,2600,1485789793.38,obesity,QA
2212,2212,25-44,2.0,Expats,High School,8900,1485789793.38,obesity,QA
2213,2213,45+,2.0,Expats,High School,1500,1485789793.38,obesity,QA
2214,2214,18-24,1.0,Locals,Graduated,440,1485789793.38,obesity,QA
2215,2215,25-44,1.0,Locals,Graduated,1300,1485789793.38,obesity,QA
2216,2216,45+,1.0,Locals,Graduated,120,1485789793.38,obesity,QA
2217,2217,18-24,2.0,Locals,Graduated,270,1485789793.38,obesity,QA
2218,2218,25-44,2.0,Locals,Graduated,960,1485789793.38,obesity,QA
2219,2219,45+,2.0,Locals,Graduated,90,1485789793.38,obesity,QA
2220,2220,18-24,1.0,Locals,No Degree,560,1485789793.38,obesity,QA
2221,2221,25-44,1.0,Locals,No Degree,1300,1485789793.38,obesity,QA
2222,2222,45+,1.0,Locals,No Degree,180,1485789793.38,obesity,QA
2223,2223,18-24,2.0,Locals,No Degree,290,1485789793.38,obesity,QA
2224,2224,25-44,2.0,Locals,No Degree,1100,1485789793.38,obesity,QA
2225,2225,45+,2.0,Locals,No Degree,180,1485789793.38,obesity,QA
2226,2226,18-24,1.0,Locals,High School,240,1485789793.38,obesity,QA
2227,2227,25-44,1.0,Locals,High School,480,1485789793.38,obesity,QA
2228,2228,45+,1.0,Locals,High School,20,1485789793.38,obesity,QA
2229,2229,18-24,2.0,Locals,High School,180,1485789793.38,obesity,QA
2230,2230,25-44,2.0,Locals,High School,230,1485789793.38,obesity,QA
2231,2231,45+,2.0,Locals,High School,20,1485789793.38,obesity,QA
2232,2232,18-24,1.0,Expats,Graduated,43000,1485789793.38,obesity,SA
2233,2233,25-44,1.0,Expats,Graduated,240000,1485789793.38,obesity,SA
2234,2234,45+,1.0,Expats,Graduated,21000,1485789793.38,obesity,SA
2235,2235,18-24,2.0,Expats,Graduated,15000,1485789793.38,obesity,SA
2236,2236,25-44,2.0,Expats,Graduated,110000,1485789793.38,obesity,SA
2237,2237,45+,2.0,Expats,Graduated,15000,1485789793.38,obesity,SA
2238,2238,18-24,1.0,Expats,No Degree,13000,1485789793.38,obesity,SA
2239,2239,25-44,1.0,Expats,No Degree,43000,1485789793.38,obesity,SA
2240,2240,45+,1.0,Expats,No Degree,5400,1485789793.38,obesity,SA
2241,2241,18-24,2.0,Expats,No Degree,5900,1485789793.38,obesity,SA
2242,2242,25-44,2.0,Expats,No Degree,24000,1485789793.38,obesity,SA
2243,2243,45+,2.0,Expats,No Degree,5200,1485789793.38,obesity,SA
2244,2244,18-24,1.0,Expats,High School,16000,1485789793.38,obesity,SA
2245,2245,25-44,1.0,Expats,High School,53000,1485789793.38,obesity,SA
2246,2246,45+,1.0,Expats,High School,5400,1485789793.38,obesity,SA
2247,2247,18-24,2.0,Expats,High School,8000,1485789793.38,obesity,SA
2248,2248,25-44,2.0,Expats,High School,26000,1485789793.38,obesity,SA
2249,2249,45+,2.0,Expats,High School,4200,1485789793.38,obesity,SA
2250,2250,18-24,1.0,Locals,Graduated,22000,1485789793.38,obesity,SA
2251,2251,25-44,1.0,Locals,Graduated,100000,1485789793.38,obesity,SA
2252,2252,45+,1.0,Locals,Graduated,9200,1485789793.38,obesity,SA
2253,2253,18-24,2.0,Locals,Graduated,7900,1485789793.38,obesity,SA
2254,2254,25-44,2.0,Locals,Graduated,40000,1485789793.38,obesity,SA
2255,2255,45+,2.0,Locals,Graduated,4800,1485789793.38,obesity,SA
2256,2256,18-24,1.0,Locals,No Degree,100000,1485789793.38,obesity,SA
2257,2257,25-44,1.0,Locals,No Degree,250000,1485789793.38,obesity,SA
2258,2258,45+,1.0,Locals,No Degree,31000,1485789793.38,obesity,SA
2259,2259,18-24,2.0,Locals,No Degree,27000,1485789793.38,obesity,SA
2260,2260,25-44,2.0,Locals,No Degree,63000,1485789793.38,obesity,SA
2261,2261,45+,2.0,Locals,No Degree,13000,1485789793.38,obesity,SA
2262,2262,18-24,1.0,Locals,High School,12000,1485789793.38,obesity,SA
2263,2263,25-44,1.0,Locals,High School,37000,1485789793.38,obesity,SA
2264,2264,45+,1.0,Locals,High School,3500,1485789793.38,obesity,SA
2265,2265,18-24,2.0,Locals,High School,6300,1485789793.38,obesity,SA
2266,2266,25-44,2.0,Locals,High School,13000,1485789793.38,obesity,SA
2267,2267,45+,2.0,Locals,High School,1700,1485789793.38,obesity,SA
2268,2268,18-24,1.0,Expats,Graduated,840,1485789793.38,obesity,SO
2269,2269,25-44,1.0,Expats,Graduated,810,1485789793.38,obesity,SO
2270,2270,45+,1.0,Expats,Graduated,70,1485789793.38,obesity,SO
2271,2271,18-24,2.0,Expats,Graduated,750,1485789793.38,obesity,SO
2272,2272,25-44,2.0,Expats,Graduated,600,1485789793.38,obesity,SO
2273,2273,45+,2.0,Expats,Graduated,50,1485789793.38,obesity,SO
2274,2274,18-24,1.0,Expats,No Degree,300,1485789793.38,obesity,SO
2275,2275,25-44,1.0,Expats,No Degree,410,1485789793.38,obesity,SO
2276,2276,45+,1.0,Expats,No Degree,30,1485789793.38,obesity,SO
2277,2277,18-24,2.0,Expats,No Degree,270,1485789793.38,obesity,SO
2278,2278,25-44,2.0,Expats,No Degree,240,1485789793.38,obesity,SO
2279,2279,45+,2.0,Expats,No Degree,20,1485789793.38,obesity,SO
2280,2280,18-24,1.0,Expats,High School,330,1485789793.38,obesity,SO
2281,2281,25-44,1.0,Expats,High School,140,1485789793.38,obesity,SO
2282,2282,45+,1.0,Expats,High School,20,1485789793.38,obesity,SO
2283,2283,18-24,2.0,Expats,High School,260,1485789793.38,obesity,SO
2284,2284,25-44,2.0,Expats,High School,180,1485789793.38,obesity,SO
2285,2285,45+,2.0,Expats,High School,20,1485789793.38,obesity,SO
2286,2286,18-24,1.0,Locals,Graduated,3000,1485789793.38,obesity,SO
2287,2287,25-44,1.0,Locals,Graduated,2900,1485789793.38,obesity,SO
2288,2288,45+,1.0,Locals,Graduated,240,1485789793.38,obesity,SO
2289,2289,18-24,2.0,Locals,Graduated,4000,1485789793.38,obesity,SO
2290,2290,25-44,2.0,Locals,Graduated,2600,1485789793.38,obesity,SO
2291,2291,45+,2.0,Locals,Graduated,220,1485789793.38,obesity,SO
2292,2292,18-24,1.0,Locals,No Degree,3100,1485789793.38,obesity,SO
2293,2293,25-44,1.0,Locals,No Degree,2500,1485789793.38,obesity,SO
2294,2294,45+,1.0,Locals,No Degree,600,1485789793.38,obesity,SO
2295,2295,18-24,2.0,Locals,No Degree,6200,1485789793.38,obesity,SO
2296,2296,25-44,2.0,Locals,No Degree,3300,1485789793.38,obesity,SO
2297,2297,45+,2.0,Locals,No Degree,200,1485789793.38,obesity,SO
2298,2298,18-24,1.0,Locals,High School,1200,1485789793.38,obesity,SO
2299,2299,25-44,1.0,Locals,High School,600,1485789793.38,obesity,SO
2300,2300,45+,1.0,Locals,High School,100,1485789793.38,obesity,SO
2301,2301,18-24,2.0,Locals,High School,2000,1485789793.38,obesity,SO
2302,2302,25-44,2.0,Locals,High School,640,1485789793.38,obesity,SO
2303,2303,45+,2.0,Locals,High School,90,1485789793.38,obesity,SO
2304,2304,18-24,1.0,Expats,Graduated,7300,1485789793.38,obesity,TN
2305,2305,25-44,1.0,Expats,Graduated,5400,1485789793.38,obesity,TN
2306,2306,45+,1.0,Expats,Graduated,1600,1485789793.38,obesity,TN
2307,2307,18-24,2.0,Expats,Graduated,4300,1485789793.38,obesity,TN
2308,2308,25-44,2.0,Expats,Graduated,5600,1485789793.38,obesity,TN
2309,2309,45+,2.0,Expats,Graduated,1200,1485789793.38,obesity,TN
2310,2310,18-24,1.0,Expats,No Degree,2800,1485789793.38,obesity,TN
2311,2311,25-44,1.0,Expats,No Degree,2900,1485789793.38,obesity,TN
2312,2312,45+,1.0,Expats,No Degree,820,1485789793.38,obesity,TN
2313,2313,18-24,2.0,Expats,No Degree,2100,1485789793.38,obesity,TN
2314,2314,25-44,2.0,Expats,No Degree,3400,1485789793.38,obesity,TN
2315,2315,45+,2.0,Expats,No Degree,1100,1485789793.38,obesity,TN
2316,2316,18-24,1.0,Expats,High School,3200,1485789793.38,obesity,TN
2317,2317,25-44,1.0,Expats,High School,1500,1485789793.38,obesity,TN
2318,2318,45+,1.0,Expats,High School,450,1485789793.38,obesity,TN
2319,2319,18-24,2.0,Expats,High School,2100,1485789793.38,obesity,TN
2320,2320,25-44,2.0,Expats,High School,1500,1485789793.38,obesity,TN
2321,2321,45+,2.0,Expats,High School,510,1485789793.38,obesity,TN
2322,2322,18-24,1.0,Locals,Graduated,41000,1485789793.38,obesity,TN
2323,2323,25-44,1.0,Locals,Graduated,50000,1485789793.38,obesity,TN
2324,2324,45+,1.0,Locals,Graduated,13000,1485789793.38,obesity,TN
2325,2325,18-24,2.0,Locals,Graduated,61000,1485789793.38,obesity,TN
2326,2326,25-44,2.0,Locals,Graduated,110000,1485789793.38,obesity,TN
2327,2327,45+,2.0,Locals,Graduated,13000,1485789793.38,obesity,TN
2328,2328,18-24,1.0,Locals,No Degree,28000,1485789793.38,obesity,TN
2329,2329,25-44,1.0,Locals,No Degree,35000,1485789793.38,obesity,TN
2330,2330,45+,1.0,Locals,No Degree,13000,1485789793.38,obesity,TN
2331,2331,18-24,2.0,Locals,No Degree,43000,1485789793.38,obesity,TN
2332,2332,25-44,2.0,Locals,No Degree,67000,1485789793.38,obesity,TN
2333,2333,45+,2.0,Locals,No Degree,19000,1485789793.38,obesity,TN
2334,2334,18-24,1.0,Locals,High School,21000,1485789793.38,obesity,TN
2335,2335,25-44,1.0,Locals,High School,15000,1485789793.38,obesity,TN
2336,2336,45+,1.0,Locals,High School,5400,1485789793.38,obesity,TN
2337,2337,18-24,2.0,Locals,High School,34000,1485789793.38,obesity,TN
2338,2338,25-44,2.0,Locals,High School,29000,1485789793.38,obesity,TN
2339,2339,45+,2.0,Locals,High School,6800,1485789793.38,obesity,TN
2340,2340,18-24,1.0,Expats,Graduated,73000,1485789793.38,obesity,AE
2341,2341,25-44,1.0,Expats,Graduated,300000,1485789793.38,obesity,AE
2342,2342,45+,1.0,Expats,Graduated,26000,1485789793.38,obesity,AE
2343,2343,18-24,2.0,Expats,Graduated,27000,1485789793.38,obesity,AE
2344,2344,25-44,2.0,Expats,Graduated,230000,1485789793.38,obesity,AE
2345,2345,45+,2.0,Expats,Graduated,32000,1485789793.38,obesity,AE
2346,2346,18-24,1.0,Expats,No Degree,79000,1485789793.38,obesity,AE
2347,2347,25-44,1.0,Expats,No Degree,160000,1485789793.38,obesity,AE
2348,2348,45+,1.0,Expats,No Degree,21000,1485789793.38,obesity,AE
2349,2349,18-24,2.0,Expats,No Degree,17000,1485789793.38,obesity,AE
2350,2350,25-44,2.0,Expats,No Degree,75000,1485789793.38,obesity,AE
2351,2351,45+,2.0,Expats,No Degree,20000,1485789793.38,obesity,AE
2352,2352,18-24,1.0,Expats,High School,27000,1485789793.38,obesity,AE
2353,2353,25-44,1.0,Expats,High School,65000,1485789793.38,obesity,AE
2354,2354,45+,1.0,Expats,High School,7400,1485789793.38,obesity,AE
2355,2355,18-24,2.0,Expats,High School,13000,1485789793.38,obesity,AE
2356,2356,25-44,2.0,Expats,High School,47000,1485789793.38,obesity,AE
2357,2357,45+,2.0,Expats,High School,9500,1485789793.38,obesity,AE
2358,2358,18-24,1.0,Locals,Graduated,1900,1485789793.38,obesity,AE
2359,2359,25-44,1.0,Locals,Graduated,6700,1485789793.38,obesity,AE
2360,2360,45+,1.0,Locals,Graduated,630,1485789793.38,obesity,AE
2361,2361,18-24,2.0,Locals,Graduated,1200,1485789793.38,obesity,AE
2362,2362,25-44,2.0,Locals,Graduated,5700,1485789793.38,obesity,AE
2363,2363,45+,2.0,Locals,Graduated,450,1485789793.38,obesity,AE
2364,2364,18-24,1.0,Locals,No Degree,2900,1485789793.38,obesity,AE
2365,2365,25-44,1.0,Locals,No Degree,6500,1485789793.38,obesity,AE
2366,2366,45+,1.0,Locals,No Degree,990,1485789793.38,obesity,AE
2367,2367,18-24,2.0,Locals,No Degree,1800,1485789793.38,obesity,AE
2368,2368,25-44,2.0,Locals,No Degree,5700,1485789793.38,obesity,AE
2369,2369,45+,2.0,Locals,No Degree,720,1485789793.38,obesity,AE
2370,2370,18-24,1.0,Locals,High School,1300,1485789793.38,obesity,AE
2371,2371,25-44,1.0,Locals,High School,1700,1485789793.38,obesity,AE
2372,2372,45+,1.0,Locals,High School,160,1485789793.38,obesity,AE
2373,2373,18-24,2.0,Locals,High School,940,1485789793.38,obesity,AE
2374,2374,25-44,2.0,Locals,High School,1200,1485789793.38,obesity,AE
2375,2375,45+,2.0,Locals,High School,110,1485789793.38,obesity,AE
2376,2376,18-24,1.0,Expats,Graduated,1000,1485789793.38,obesity,YE
2377,2377,25-44,1.0,Expats,Graduated,1800,1485789793.38,obesity,YE
2378,2378,45+,1.0,Expats,Graduated,160,1485789793.38,obesity,YE
2379,2379,18-24,2.0,Expats,Graduated,150,1485789793.38,obesity,YE
2380,2380,25-44,2.0,Expats,Graduated,510,1485789793.38,obesity,YE
2381,2381,45+,2.0,Expats,Graduated,80,1485789793.38,obesity,YE
2382,2382,18-24,1.0,Expats,No Degree,580,1485789793.38,obesity,YE
2383,2383,25-44,1.0,Expats,No Degree,1000,1485789793.38,obesity,YE
2384,2384,45+,1.0,Expats,No Degree,120,1485789793.38,obesity,YE
2385,2385,18-24,2.0,Expats,No Degree,300,1485789793.38,obesity,YE
2386,2386,25-44,2.0,Expats,No Degree,360,1485789793.38,obesity,YE
2387,2387,45+,2.0,Expats,No Degree,180,1485789793.38,obesity,YE
2388,2388,18-24,1.0,Expats,High School,410,1485789793.38,obesity,YE
2389,2389,25-44,1.0,Expats,High School,470,1485789793.38,obesity,YE
2390,2390,45+,1.0,Expats,High School,80,1485789793.38,obesity,YE
2391,2391,18-24,2.0,Expats,High School,290,1485789793.38,obesity,YE
2392,2392,25-44,2.0,Expats,High School,190,1485789793.38,obesity,YE
2393,2393,45+,2.0,Expats,High School,20,1485789793.38,obesity,YE
2394,2394,18-24,1.0,Locals,Graduated,6700,1485789793.38,obesity,YE
2395,2395,25-44,1.0,Locals,Graduated,16000,1485789793.38,obesity,YE
2396,2396,45+,1.0,Locals,Graduated,1800,1485789793.38,obesity,YE
2397,2397,18-24,2.0,Locals,Graduated,1700,1485789793.38,obesity,YE
2398,2398,25-44,2.0,Locals,Graduated,4000,1485789793.38,obesity,YE
2399,2399,45+,2.0,Locals,Graduated,370,1485789793.38,obesity,YE
2400,2400,18-24,1.0,Locals,No Degree,8200,1485789793.38,obesity,YE
2401,2401,25-44,1.0,Locals,No Degree,12000,1485789793.38,obesity,YE
2402,2402,45+,1.0,Locals,No Degree,2100,1485789793.38,obesity,YE
2403,2403,18-24,2.0,Locals,No Degree,1800,1485789793.38,obesity,YE
2404,2404,25-44,2.0,Locals,No Degree,3100,1485789793.38,obesity,YE
2405,2405,45+,2.0,Locals,No Degree,680,1485789793.38,obesity,YE
2406,2406,18-24,1.0,Locals,High School,4800,1485789793.38,obesity,YE
2407,2407,25-44,1.0,Locals,High School,3900,1485789793.38,obesity,YE
2408,2408,45+,1.0,Locals,High School,530,1485789793.38,obesity,YE
2409,2409,18-24,2.0,Locals,High School,1900,1485789793.38,obesity,YE
2410,2410,25-44,2.0,Locals,High School,1200,1485789793.38,obesity,YE
2411,2411,45+,2.0,Locals,High School,90,1485789793.38,obesity,YE
2412,2412,18-24,1.0,Expats,Graduated,1800,1485789793.38,obesity,PS
2413,2413,25-44,1.0,Expats,Graduated,2800,1485789793.38,obesity,PS
2414,2414,45+,1.0,Expats,Graduated,590,1485789793.38,obesity,PS
2415,2415,18-24,2.0,Expats,Graduated,2200,1485789793.38,obesity,PS
2416,2416,25-44,2.0,Expats,Graduated,4800,1485789793.38,obesity,PS
2417,2417,45+,2.0,Expats,Graduated,880,1485789793.38,obesity,PS
2418,2418,18-24,1.0,Expats,No Degree,570,1485789793.38,obesity,PS
2419,2419,25-44,1.0,Expats,No Degree,900,1485789793.38,obesity,PS
2420,2420,45+,1.0,Expats,No Degree,280,1485789793.38,obesity,PS
2421,2421,18-24,2.0,Expats,No Degree,980,1485789793.38,obesity,PS
2422,2422,25-44,2.0,Expats,No Degree,1900,1485789793.38,obesity,PS
2423,2423,45+,2.0,Expats,No Degree,920,1485789793.38,obesity,PS
2424,2424,18-24,1.0,Expats,High School,1000,1485789793.38,obesity,PS
2425,2425,25-44,1.0,Expats,High School,650,1485789793.38,obesity,PS
2426,2426,45+,1.0,Expats,High School,110,1485789793.38,obesity,PS
2427,2427,18-24,2.0,Expats,High School,1700,1485789793.38,obesity,PS
2428,2428,25-44,2.0,Expats,High School,1400,1485789793.38,obesity,PS
2429,2429,45+,2.0,Expats,High School,420,1485789793.38,obesity,PS
2430,2430,18-24,1.0,Locals,Graduated,6500,1485789793.38,obesity,PS
2431,2431,25-44,1.0,Locals,Graduated,12000,1485789793.38,obesity,PS
2432,2432,45+,1.0,Locals,Graduated,2300,1485789793.38,obesity,PS
2433,2433,18-24,2.0,Locals,Graduated,12000,1485789793.38,obesity,PS
2434,2434,25-44,2.0,Locals,Graduated,23000,1485789793.38,obesity,PS
2435,2435,45+,2.0,Locals,Graduated,2900,1485789793.38,obesity,PS
2436,2436,18-24,1.0,Locals,No Degree,3900,1485789793.38,obesity,PS
2437,2437,25-44,1.0,Locals,No Degree,5500,1485789793.38,obesity,PS
2438,2438,45+,1.0,Locals,No Degree,2200,1485789793.38,obesity,PS
2439,2439,18-24,2.0,Locals,No Degree,7400,1485789793.38,obesity,PS
2440,2440,25-44,2.0,Locals,No Degree,16000,1485789793.38,obesity,PS
2441,2441,45+,2.0,Locals,No Degree,6300,1485789793.38,obesity,PS
2442,2442,18-24,1.0,Locals,High School,4700,1485789793.38,obesity,PS
2443,2443,25-44,1.0,Locals,High School,3000,1485789793.38,obesity,PS
2444,2444,45+,1.0,Locals,High School,760,1485789793.38,obesity,PS
2445,2445,18-24,2.0,Locals,High School,8800,1485789793.38,obesity,PS
2446,2446,25-44,2.0,Locals,High School,6200,1485789793.38,obesity,PS
2447,2447,45+,2.0,Locals,High School,1200,1485789793.38,obesity,PS
5508,5508,18-24,1.0,Expats,Graduated,17000,1485789793.38,fast food,DZ
5509,5509,25-44,1.0,Expats,Graduated,13000,1485789793.38,fast food,DZ
5510,5510,45+,1.0,Expats,Graduated,1500,1485789793.38,fast food,DZ
5511,5511,18-24,2.0,Expats,Graduated,6900,1485789793.38,fast food,DZ
5512,5512,25-44,2.0,Expats,Graduated,5000,1485789793.38,fast food,DZ
5513,5513,45+,2.0,Expats,Graduated,830,1485789793.38,fast food,DZ
5514,5514,18-24,1.0,Expats,No Degree,7500,1485789793.38,fast food,DZ
5515,5515,25-44,1.0,Expats,No Degree,7800,1485789793.38,fast food,DZ
5516,5516,45+,1.0,Expats,No Degree,1300,1485789793.38,fast food,DZ
5517,5517,18-24,2.0,Expats,No Degree,4200,1485789793.38,fast food,DZ
5518,5518,25-44,2.0,Expats,No Degree,4200,1485789793.38,fast food,DZ
5519,5519,45+,2.0,Expats,No Degree,960,1485789793.38,fast food,DZ
5520,5520,18-24,1.0,Expats,High School,6800,1485789793.38,fast food,DZ
5521,5521,25-44,1.0,Expats,High School,3300,1485789793.38,fast food,DZ
5522,5522,45+,1.0,Expats,High School,510,1485789793.38,fast food,DZ
5523,5523,18-24,2.0,Expats,High School,3500,1485789793.38,fast food,DZ
5524,5524,25-44,2.0,Expats,High School,1300,1485789793.38,fast food,DZ
5525,5525,45+,2.0,Expats,High School,320,1485789793.38,fast food,DZ
5526,5526,18-24,1.0,Locals,Graduated,59000,1485789793.38,fast food,DZ
5527,5527,25-44,1.0,Locals,Graduated,79000,1485789793.38,fast food,DZ
5528,5528,45+,1.0,Locals,Graduated,6300,1485789793.38,fast food,DZ
5529,5529,18-24,2.0,Locals,Graduated,57000,1485789793.38,fast food,DZ
5530,5530,25-44,2.0,Locals,Graduated,70000,1485789793.38,fast food,DZ
5531,5531,45+,2.0,Locals,Graduated,5800,1485789793.38,fast food,DZ
5532,5532,18-24,1.0,Locals,No Degree,50000,1485789793.38,fast food,DZ
5533,5533,25-44,1.0,Locals,No Degree,77000,1485789793.38,fast food,DZ
5534,5534,45+,1.0,Locals,No Degree,8800,1485789793.38,fast food,DZ
5535,5535,18-24,2.0,Locals,No Degree,52000,1485789793.38,fast food,DZ
5536,5536,25-44,2.0,Locals,No Degree,64000,1485789793.38,fast food,DZ
5537,5537,45+,2.0,Locals,No Degree,9500,1485789793.38,fast food,DZ
5538,5538,18-24,1.0,Locals,High School,29000,1485789793.38,fast food,DZ
5539,5539,25-44,1.0,Locals,High School,21000,1485789793.38,fast food,DZ
5540,5540,45+,1.0,Locals,High School,2400,1485789793.38,fast food,DZ
5541,5541,18-24,2.0,Locals,High School,31000,1485789793.38,fast food,DZ
5542,5542,25-44,2.0,Locals,High School,16000,1485789793.38,fast food,DZ
5543,5543,45+,2.0,Locals,High School,2800,1485789793.38,fast food,DZ
5544,5544,18-24,1.0,Expats,Graduated,6600,1485789793.38,fast food,BH
5545,5545,25-44,1.0,Expats,Graduated,24000,1485789793.38,fast food,BH
5546,5546,45+,1.0,Expats,Graduated,1900,1485789793.38,fast food,BH
5547,5547,18-24,2.0,Expats,Graduated,2100,1485789793.38,fast food,BH
5548,5548,25-44,2.0,Expats,Graduated,15000,1485789793.38,fast food,BH
5549,5549,45+,2.0,Expats,Graduated,1900,1485789793.38,fast food,BH
5550,5550,18-24,1.0,Expats,No Degree,5400,1485789793.38,fast food,BH
5551,5551,25-44,1.0,Expats,No Degree,14000,1485789793.38,fast food,BH
5552,5552,45+,1.0,Expats,No Degree,2000,1485789793.38,fast food,BH
5553,5553,18-24,2.0,Expats,No Degree,1700,1485789793.38,fast food,BH
5554,5554,25-44,2.0,Expats,No Degree,5400,1485789793.38,fast food,BH
5555,5555,45+,2.0,Expats,No Degree,1200,1485789793.38,fast food,BH
5556,5556,18-24,1.0,Expats,High School,2900,1485789793.38,fast food,BH
5557,5557,25-44,1.0,Expats,High School,5900,1485789793.38,fast food,BH
5558,5558,45+,1.0,Expats,High School,670,1485789793.38,fast food,BH
5559,5559,18-24,2.0,Expats,High School,1400,1485789793.38,fast food,BH
5560,5560,25-44,2.0,Expats,High School,4000,1485789793.38,fast food,BH
5561,5561,45+,2.0,Expats,High School,620,1485789793.38,fast food,BH
5562,5562,18-24,1.0,Locals,Graduated,1500,1485789793.38,fast food,BH
5563,5563,25-44,1.0,Locals,Graduated,3600,1485789793.38,fast food,BH
5564,5564,45+,1.0,Locals,Graduated,270,1485789793.38,fast food,BH
5565,5565,18-24,2.0,Locals,Graduated,900,1485789793.38,fast food,BH
5566,5566,25-44,2.0,Locals,Graduated,2400,1485789793.38,fast food,BH
5567,5567,45+,2.0,Locals,Graduated,130,1485789793.38,fast food,BH
5568,5568,18-24,1.0,Locals,No Degree,1200,1485789793.38,fast food,BH
5569,5569,25-44,1.0,Locals,No Degree,2100,1485789793.38,fast food,BH
5570,5570,45+,1.0,Locals,No Degree,280,1485789793.38,fast food,BH
5571,5571,18-24,2.0,Locals,No Degree,810,1485789793.38,fast food,BH
5572,5572,25-44,2.0,Locals,No Degree,1500,1485789793.38,fast food,BH
5573,5573,45+,2.0,Locals,No Degree,190,1485789793.38,fast food,BH
5574,5574,18-24,1.0,Locals,High School,930,1485789793.38,fast food,BH
5575,5575,25-44,1.0,Locals,High School,970,1485789793.38,fast food,BH
5576,5576,45+,1.0,Locals,High School,80,1485789793.38,fast food,BH
5577,5577,18-24,2.0,Locals,High School,1100,1485789793.38,fast food,BH
5578,5578,25-44,2.0,Locals,High School,610,1485789793.38,fast food,BH
5579,5579,45+,2.0,Locals,High School,20,1485789793.38,fast food,BH
5580,5580,18-24,1.0,Expats,Graduated,25000,1485789793.38,fast food,EG
5581,5581,25-44,1.0,Expats,Graduated,37000,1485789793.38,fast food,EG
5582,5582,45+,1.0,Expats,Graduated,4000,1485789793.38,fast food,EG
5583,5583,18-24,2.0,Expats,Graduated,16000,1485789793.38,fast food,EG
5584,5584,25-44,2.0,Expats,Graduated,28000,1485789793.38,fast food,EG
5585,5585,45+,2.0,Expats,Graduated,4000,1485789793.38,fast food,EG
5586,5586,18-24,1.0,Expats,No Degree,7800,1485789793.38,fast food,EG
5587,5587,25-44,1.0,Expats,No Degree,9400,1485789793.38,fast food,EG
5588,5588,45+,1.0,Expats,No Degree,1600,1485789793.38,fast food,EG
5589,5589,18-24,2.0,Expats,No Degree,5800,1485789793.38,fast food,EG
5590,5590,25-44,2.0,Expats,No Degree,9900,1485789793.38,fast food,EG
5591,5591,45+,2.0,Expats,No Degree,3400,1485789793.38,fast food,EG
5592,5592,18-24,1.0,Expats,High School,19000,1485789793.38,fast food,EG
5593,5593,25-44,1.0,Expats,High School,8300,1485789793.38,fast food,EG
5594,5594,45+,1.0,Expats,High School,950,1485789793.38,fast food,EG
5595,5595,18-24,2.0,Expats,High School,14000,1485789793.38,fast food,EG
5596,5596,25-44,2.0,Expats,High School,6500,1485789793.38,fast food,EG
5597,5597,45+,2.0,Expats,High School,1200,1485789793.38,fast food,EG
5598,5598,18-24,1.0,Locals,Graduated,530000,1485789793.38,fast food,EG
5599,5599,25-44,1.0,Locals,Graduated,840000,1485789793.38,fast food,EG
5600,5600,45+,1.0,Locals,Graduated,73000,1485789793.38,fast food,EG
5601,5601,18-24,2.0,Locals,Graduated,540000,1485789793.38,fast food,EG
5602,5602,25-44,2.0,Locals,Graduated,870000,1485789793.38,fast food,EG
5603,5603,45+,2.0,Locals,Graduated,110000,1485789793.38,fast food,EG
5604,5604,18-24,1.0,Locals,No Degree,220000,1485789793.38,fast food,EG
5605,5605,25-44,1.0,Locals,No Degree,330000,1485789793.38,fast food,EG
5606,5606,45+,1.0,Locals,No Degree,62000,1485789793.38,fast food,EG
5607,5607,18-24,2.0,Locals,No Degree,230000,1485789793.38,fast food,EG
5608,5608,25-44,2.0,Locals,No Degree,410000,1485789793.38,fast food,EG
5609,5609,45+,2.0,Locals,No Degree,160000,1485789793.38,fast food,EG
5610,5610,18-24,1.0,Locals,High School,370000,1485789793.38,fast food,EG
5611,5611,25-44,1.0,Locals,High School,170000,1485789793.38,fast food,EG
5612,5612,45+,1.0,Locals,High School,17000,1485789793.38,fast food,EG
5613,5613,18-24,2.0,Locals,High School,410000,1485789793.38,fast food,EG
5614,5614,25-44,2.0,Locals,High School,150000,1485789793.38,fast food,EG
5615,5615,45+,2.0,Locals,High School,25000,1485789793.38,fast food,EG
5616,5616,18-24,1.0,Expats,Graduated,6700,1485789793.38,fast food,IQ
5617,5617,25-44,1.0,Expats,Graduated,15000,1485789793.38,fast food,IQ
5618,5618,45+,1.0,Expats,Graduated,1200,1485789793.38,fast food,IQ
5619,5619,18-24,2.0,Expats,Graduated,1900,1485789793.38,fast food,IQ
5620,5620,25-44,2.0,Expats,Graduated,4800,1485789793.38,fast food,IQ
5621,5621,45+,2.0,Expats,Graduated,400,1485789793.38,fast food,IQ
5622,5622,18-24,1.0,Expats,No Degree,4600,1485789793.38,fast food,IQ
5623,5623,25-44,1.0,Expats,No Degree,6300,1485789793.38,fast food,IQ
5624,5624,45+,1.0,Expats,No Degree,670,1485789793.38,fast food,IQ
5625,5625,18-24,2.0,Expats,No Degree,2000,1485789793.38,fast food,IQ
5626,5626,25-44,2.0,Expats,No Degree,2300,1485789793.38,fast food,IQ
5627,5627,45+,2.0,Expats,No Degree,440,1485789793.38,fast food,IQ
5628,5628,18-24,1.0,Expats,High School,4600,1485789793.38,fast food,IQ
5629,5629,25-44,1.0,Expats,High School,4200,1485789793.38,fast food,IQ
5630,5630,45+,1.0,Expats,High School,420,1485789793.38,fast food,IQ
5631,5631,18-24,2.0,Expats,High School,2000,1485789793.38,fast food,IQ
5632,5632,25-44,2.0,Expats,High School,1300,1485789793.38,fast food,IQ
5633,5633,45+,2.0,Expats,High School,170,1485789793.38,fast food,IQ
5634,5634,18-24,1.0,Locals,Graduated,67000,1485789793.38,fast food,IQ
5635,5635,25-44,1.0,Locals,Graduated,150000,1485789793.38,fast food,IQ
5636,5636,45+,1.0,Locals,Graduated,12000,1485789793.38,fast food,IQ
5637,5637,18-24,2.0,Locals,Graduated,31000,1485789793.38,fast food,IQ
5638,5638,25-44,2.0,Locals,Graduated,69000,1485789793.38,fast food,IQ
5639,5639,45+,2.0,Locals,Graduated,7500,1485789793.38,fast food,IQ
5640,5640,18-24,1.0,Locals,No Degree,68000,1485789793.38,fast food,IQ
5641,5641,25-44,1.0,Locals,No Degree,89000,1485789793.38,fast food,IQ
5642,5642,45+,1.0,Locals,No Degree,13000,1485789793.38,fast food,IQ
5643,5643,18-24,2.0,Locals,No Degree,32000,1485789793.38,fast food,IQ
5644,5644,25-44,2.0,Locals,No Degree,48000,1485789793.38,fast food,IQ
5645,5645,45+,2.0,Locals,No Degree,11000,1485789793.38,fast food,IQ
5646,5646,18-24,1.0,Locals,High School,54000,1485789793.38,fast food,IQ
5647,5647,25-44,1.0,Locals,High School,42000,1485789793.38,fast food,IQ
5648,5648,45+,1.0,Locals,High School,3800,1485789793.38,fast food,IQ
5649,5649,18-24,2.0,Locals,High School,33000,1485789793.38,fast food,IQ
5650,5650,25-44,2.0,Locals,High School,19000,1485789793.38,fast food,IQ
5651,5651,45+,2.0,Locals,High School,2600,1485789793.38,fast food,IQ
5652,5652,18-24,1.0,Expats,Graduated,18000,1485789793.38,fast food,JO
5653,5653,25-44,1.0,Expats,Graduated,31000,1485789793.38,fast food,JO
5654,5654,45+,1.0,Expats,Graduated,3900,1485789793.38,fast food,JO
5655,5655,18-24,2.0,Expats,Graduated,15000,1485789793.38,fast food,JO
5656,5656,25-44,2.0,Expats,Graduated,27000,1485789793.38,fast food,JO
5657,5657,45+,2.0,Expats,Graduated,4600,1485789793.38,fast food,JO
5658,5658,18-24,1.0,Expats,No Degree,13000,1485789793.38,fast food,JO
5659,5659,25-44,1.0,Expats,No Degree,15000,1485789793.38,fast food,JO
5660,5660,45+,1.0,Expats,No Degree,3500,1485789793.38,fast food,JO
5661,5661,18-24,2.0,Expats,No Degree,8100,1485789793.38,fast food,JO
5662,5662,25-44,2.0,Expats,No Degree,13000,1485789793.38,fast food,JO
5663,5663,45+,2.0,Expats,No Degree,5800,1485789793.38,fast food,JO
5664,5664,18-24,1.0,Expats,High School,19000,1485789793.38,fast food,JO
5665,5665,25-44,1.0,Expats,High School,8900,1485789793.38,fast food,JO
5666,5666,45+,1.0,Expats,High School,1200,1485789793.38,fast food,JO
5667,5667,18-24,2.0,Expats,High School,21000,1485789793.38,fast food,JO
5668,5668,25-44,2.0,Expats,High School,8000,1485789793.38,fast food,JO
5669,5669,45+,2.0,Expats,High School,1900,1485789793.38,fast food,JO
5670,5670,18-24,1.0,Locals,Graduated,64000,1485789793.38,fast food,JO
5671,5671,25-44,1.0,Locals,Graduated,100000,1485789793.38,fast food,JO
5672,5672,45+,1.0,Locals,Graduated,13000,1485789793.38,fast food,JO
5673,5673,18-24,2.0,Locals,Graduated,49000,1485789793.38,fast food,JO
5674,5674,25-44,2.0,Locals,Graduated,83000,1485789793.38,fast food,JO
5675,5675,45+,2.0,Locals,Graduated,10000,1485789793.38,fast food,JO
5676,5676,18-24,1.0,Locals,No Degree,47000,1485789793.38,fast food,JO
5677,5677,25-44,1.0,Locals,No Degree,52000,1485789793.38,fast food,JO
5678,5678,45+,1.0,Locals,No Degree,16000,1485789793.38,fast food,JO
5679,5679,18-24,2.0,Locals,No Degree,39000,1485789793.38,fast food,JO
5680,5680,25-44,2.0,Locals,No Degree,51000,1485789793.38,fast food,JO
5681,5681,45+,2.0,Locals,No Degree,21000,1485789793.38,fast food,JO
5682,5682,18-24,1.0,Locals,High School,57000,1485789793.38,fast food,JO
5683,5683,25-44,1.0,Locals,High School,30000,1485789793.38,fast food,JO
5684,5684,45+,1.0,Locals,High School,5400,1485789793.38,fast food,JO
5685,5685,18-24,2.0,Locals,High School,60000,1485789793.38,fast food,JO
5686,5686,25-44,2.0,Locals,High School,24000,1485789793.38,fast food,JO
5687,5687,45+,2.0,Locals,High School,4400,1485789793.38,fast food,JO
5688,5688,18-24,1.0,Expats,Graduated,9600,1485789793.38,fast food,KW
5689,5689,25-44,1.0,Expats,Graduated,65000,1485789793.38,fast food,KW
5690,5690,45+,1.0,Expats,Graduated,5300,1485789793.38,fast food,KW
5691,5691,18-24,2.0,Expats,Graduated,5600,1485789793.38,fast food,KW
5692,5692,25-44,2.0,Expats,Graduated,49000,1485789793.38,fast food,KW
5693,5693,45+,2.0,Expats,Graduated,5700,1485789793.38,fast food,KW
5694,5694,18-24,1.0,Expats,No Degree,8400,1485789793.38,fast food,KW
5695,5695,25-44,1.0,Expats,No Degree,30000,1485789793.38,fast food,KW
5696,5696,45+,1.0,Expats,No Degree,5700,1485789793.38,fast food,KW
5697,5697,18-24,2.0,Expats,No Degree,3900,1485789793.38,fast food,KW
5698,5698,25-44,2.0,Expats,No Degree,18000,1485789793.38,fast food,KW
5699,5699,45+,2.0,Expats,No Degree,4300,1485789793.38,fast food,KW
5700,5700,18-24,1.0,Expats,High School,5000,1485789793.38,fast food,KW
5701,5701,25-44,1.0,Expats,High School,16000,1485789793.38,fast food,KW
5702,5702,45+,1.0,Expats,High School,1600,1485789793.38,fast food,KW
5703,5703,18-24,2.0,Expats,High School,4300,1485789793.38,fast food,KW
5704,5704,25-44,2.0,Expats,High School,15000,1485789793.38,fast food,KW
5705,5705,45+,2.0,Expats,High School,1900,1485789793.38,fast food,KW
5706,5706,18-24,1.0,Locals,Graduated,1100,1485789793.38,fast food,KW
5707,5707,25-44,1.0,Locals,Graduated,4300,1485789793.38,fast food,KW
5708,5708,45+,1.0,Locals,Graduated,470,1485789793.38,fast food,KW
5709,5709,18-24,2.0,Locals,Graduated,720,1485789793.38,fast food,KW
5710,5710,25-44,2.0,Locals,Graduated,2800,1485789793.38,fast food,KW
5711,5711,45+,2.0,Locals,Graduated,260,1485789793.38,fast food,KW
5712,5712,18-24,1.0,Locals,No Degree,1500,1485789793.38,fast food,KW
5713,5713,25-44,1.0,Locals,No Degree,3400,1485789793.38,fast food,KW
5714,5714,45+,1.0,Locals,No Degree,550,1485789793.38,fast food,KW
5715,5715,18-24,2.0,Locals,No Degree,980,1485789793.38,fast food,KW
5716,5716,25-44,2.0,Locals,No Degree,2000,1485789793.38,fast food,KW
5717,5717,45+,2.0,Locals,No Degree,370,1485789793.38,fast food,KW
5718,5718,18-24,1.0,Locals,High School,770,1485789793.38,fast food,KW
5719,5719,25-44,1.0,Locals,High School,1100,1485789793.38,fast food,KW
5720,5720,45+,1.0,Locals,High School,110,1485789793.38,fast food,KW
5721,5721,18-24,2.0,Locals,High School,720,1485789793.38,fast food,KW
5722,5722,25-44,2.0,Locals,High School,800,1485789793.38,fast food,KW
5723,5723,45+,2.0,Locals,High School,120,1485789793.38,fast food,KW
5724,5724,18-24,1.0,Expats,Graduated,6200,1485789793.38,fast food,LB
5725,5725,25-44,1.0,Expats,Graduated,11000,1485789793.38,fast food,LB
5726,5726,45+,1.0,Expats,Graduated,1500,1485789793.38,fast food,LB
5727,5727,18-24,2.0,Expats,Graduated,3200,1485789793.38,fast food,LB
5728,5728,25-44,2.0,Expats,Graduated,9200,1485789793.38,fast food,LB
5729,5729,45+,2.0,Expats,Graduated,2000,1485789793.38,fast food,LB
5730,5730,18-24,1.0,Expats,No Degree,7400,1485789793.38,fast food,LB
5731,5731,25-44,1.0,Expats,No Degree,9800,1485789793.38,fast food,LB
5732,5732,45+,1.0,Expats,No Degree,2100,1485789793.38,fast food,LB
5733,5733,18-24,2.0,Expats,No Degree,3500,1485789793.38,fast food,LB
5734,5734,25-44,2.0,Expats,No Degree,6300,1485789793.38,fast food,LB
5735,5735,45+,2.0,Expats,No Degree,2400,1485789793.38,fast food,LB
5736,5736,18-24,1.0,Expats,High School,4500,1485789793.38,fast food,LB
5737,5737,25-44,1.0,Expats,High School,3700,1485789793.38,fast food,LB
5738,5738,45+,1.0,Expats,High School,430,1485789793.38,fast food,LB
5739,5739,18-24,2.0,Expats,High School,3400,1485789793.38,fast food,LB
5740,5740,25-44,2.0,Expats,High School,3400,1485789793.38,fast food,LB
5741,5741,45+,2.0,Expats,High School,670,1485789793.38,fast food,LB
5742,5742,18-24,1.0,Locals,Graduated,23000,1485789793.38,fast food,LB
5743,5743,25-44,1.0,Locals,Graduated,38000,1485789793.38,fast food,LB
5744,5744,45+,1.0,Locals,Graduated,7600,1485789793.38,fast food,LB
5745,5745,18-24,2.0,Locals,Graduated,25000,1485789793.38,fast food,LB
5746,5746,25-44,2.0,Locals,Graduated,46000,1485789793.38,fast food,LB
5747,5747,45+,2.0,Locals,Graduated,8800,1485789793.38,fast food,LB
5748,5748,18-24,1.0,Locals,No Degree,24000,1485789793.38,fast food,LB
5749,5749,25-44,1.0,Locals,No Degree,29000,1485789793.38,fast food,LB
5750,5750,45+,1.0,Locals,No Degree,12000,1485789793.38,fast food,LB
5751,5751,18-24,2.0,Locals,No Degree,21000,1485789793.38,fast food,LB
5752,5752,25-44,2.0,Locals,No Degree,35000,1485789793.38,fast food,LB
5753,5753,45+,2.0,Locals,No Degree,20000,1485789793.38,fast food,LB
5754,5754,18-24,1.0,Locals,High School,21000,1485789793.38,fast food,LB
5755,5755,25-44,1.0,Locals,High School,12000,1485789793.38,fast food,LB
5756,5756,45+,1.0,Locals,High School,2700,1485789793.38,fast food,LB
5757,5757,18-24,2.0,Locals,High School,28000,1485789793.38,fast food,LB
5758,5758,25-44,2.0,Locals,High School,13000,1485789793.38,fast food,LB
5759,5759,45+,2.0,Locals,High School,3300,1485789793.38,fast food,LB
5760,5760,18-24,1.0,Expats,Graduated,2000,1485789793.38,fast food,LY
5761,5761,25-44,1.0,Expats,Graduated,5000,1485789793.38,fast food,LY
5762,5762,45+,1.0,Expats,Graduated,450,1485789793.38,fast food,LY
5763,5763,18-24,2.0,Expats,Graduated,1200,1485789793.38,fast food,LY
5764,5764,25-44,2.0,Expats,Graduated,3100,1485789793.38,fast food,LY
5765,5765,45+,2.0,Expats,Graduated,360,1485789793.38,fast food,LY
5766,5766,18-24,1.0,Expats,No Degree,960,1485789793.38,fast food,LY
5767,5767,25-44,1.0,Expats,No Degree,2700,1485789793.38,fast food,LY
5768,5768,45+,1.0,Expats,No Degree,230,1485789793.38,fast food,LY
5769,5769,18-24,2.0,Expats,No Degree,800,1485789793.38,fast food,LY
5770,5770,25-44,2.0,Expats,No Degree,1600,1485789793.38,fast food,LY
5771,5771,45+,2.0,Expats,No Degree,310,1485789793.38,fast food,LY
5772,5772,18-24,1.0,Expats,High School,1100,1485789793.38,fast food,LY
5773,5773,25-44,1.0,Expats,High School,1200,1485789793.38,fast food,LY
5774,5774,45+,1.0,Expats,High School,110,1485789793.38,fast food,LY
5775,5775,18-24,2.0,Expats,High School,1000,1485789793.38,fast food,LY
5776,5776,25-44,2.0,Expats,High School,760,1485789793.38,fast food,LY
5777,5777,45+,2.0,Expats,High School,90,1485789793.38,fast food,LY
5778,5778,18-24,1.0,Locals,Graduated,16000,1485789793.38,fast food,LY
5779,5779,25-44,1.0,Locals,Graduated,33000,1485789793.38,fast food,LY
5780,5780,45+,1.0,Locals,Graduated,2700,1485789793.38,fast food,LY
5781,5781,18-24,2.0,Locals,Graduated,19000,1485789793.38,fast food,LY
5782,5782,25-44,2.0,Locals,Graduated,36000,1485789793.38,fast food,LY
5783,5783,45+,2.0,Locals,Graduated,2900,1485789793.38,fast food,LY
5784,5784,18-24,1.0,Locals,No Degree,7700,1485789793.38,fast food,LY
5785,5785,25-44,1.0,Locals,No Degree,16000,1485789793.38,fast food,LY
5786,5786,45+,1.0,Locals,No Degree,2000,1485789793.38,fast food,LY
5787,5787,18-24,2.0,Locals,No Degree,12000,1485789793.38,fast food,LY
5788,5788,25-44,2.0,Locals,No Degree,24000,1485789793.38,fast food,LY
5789,5789,45+,2.0,Locals,No Degree,4600,1485789793.38,fast food,LY
5790,5790,18-24,1.0,Locals,High School,11000,1485789793.38,fast food,LY
5791,5791,25-44,1.0,Locals,High School,7500,1485789793.38,fast food,LY
5792,5792,45+,1.0,Locals,High School,620,1485789793.38,fast food,LY
5793,5793,18-24,2.0,Locals,High School,17000,1485789793.38,fast food,LY
5794,5794,25-44,2.0,Locals,High School,8800,1485789793.38,fast food,LY
5795,5795,45+,2.0,Locals,High School,1200,1485789793.38,fast food,LY
5796,5796,18-24,1.0,Expats,Graduated,18000,1485789793.38,fast food,MA
5797,5797,25-44,1.0,Expats,Graduated,11000,1485789793.38,fast food,MA
5798,5798,45+,1.0,Expats,Graduated,1400,1485789793.38,fast food,MA
5799,5799,18-24,2.0,Expats,Graduated,8100,1485789793.38,fast food,MA
5800,5800,25-44,2.0,Expats,Graduated,5800,1485789793.38,fast food,MA
5801,5801,45+,2.0,Expats,Graduated,700,1485789793.38,fast food,MA
5802,5802,18-24,1.0,Expats,No Degree,5900,1485789793.38,fast food,MA
5803,5803,25-44,1.0,Expats,No Degree,5400,1485789793.38,fast food,MA
5804,5804,45+,1.0,Expats,No Degree,950,1485789793.38,fast food,MA
5805,5805,18-24,2.0,Expats,No Degree,4200,1485789793.38,fast food,MA
5806,5806,25-44,2.0,Expats,No Degree,3700,1485789793.38,fast food,MA
5807,5807,45+,2.0,Expats,No Degree,730,1485789793.38,fast food,MA
5808,5808,18-24,1.0,Expats,High School,7400,1485789793.38,fast food,MA
5809,5809,25-44,1.0,Expats,High School,2900,1485789793.38,fast food,MA
5810,5810,45+,1.0,Expats,High School,470,1485789793.38,fast food,MA
5811,5811,18-24,2.0,Expats,High School,3900,1485789793.38,fast food,MA
5812,5812,25-44,2.0,Expats,High School,1700,1485789793.38,fast food,MA
5813,5813,45+,2.0,Expats,High School,270,1485789793.38,fast food,MA
5814,5814,18-24,1.0,Locals,Graduated,110000,1485789793.38,fast food,MA
5815,5815,25-44,1.0,Locals,Graduated,83000,1485789793.38,fast food,MA
5816,5816,45+,1.0,Locals,Graduated,6700,1485789793.38,fast food,MA
5817,5817,18-24,2.0,Locals,Graduated,93000,1485789793.38,fast food,MA
5818,5818,25-44,2.0,Locals,Graduated,68000,1485789793.38,fast food,MA
5819,5819,45+,2.0,Locals,Graduated,5800,1485789793.38,fast food,MA
5820,5820,18-24,1.0,Locals,No Degree,71000,1485789793.38,fast food,MA
5821,5821,25-44,1.0,Locals,No Degree,63000,1485789793.38,fast food,MA
5822,5822,45+,1.0,Locals,No Degree,9100,1485789793.38,fast food,MA
5823,5823,18-24,2.0,Locals,No Degree,66000,1485789793.38,fast food,MA
5824,5824,25-44,2.0,Locals,No Degree,49000,1485789793.38,fast food,MA
5825,5825,45+,2.0,Locals,No Degree,7900,1485789793.38,fast food,MA
5826,5826,18-24,1.0,Locals,High School,49000,1485789793.38,fast food,MA
5827,5827,25-44,1.0,Locals,High School,22000,1485789793.38,fast food,MA
5828,5828,45+,1.0,Locals,High School,2200,1485789793.38,fast food,MA
5829,5829,18-24,2.0,Locals,High School,49000,1485789793.38,fast food,MA
5830,5830,25-44,2.0,Locals,High School,19000,1485789793.38,fast food,MA
5831,5831,45+,2.0,Locals,High School,2400,1485789793.38,fast food,MA
5832,5832,18-24,1.0,Expats,Graduated,7700,1485789793.38,fast food,OM
5833,5833,25-44,1.0,Expats,Graduated,29000,1485789793.38,fast food,OM
5834,5834,45+,1.0,Expats,Graduated,2100,1485789793.38,fast food,OM
5835,5835,18-24,2.0,Expats,Graduated,2200,1485789793.38,fast food,OM
5836,5836,25-44,2.0,Expats,Graduated,14000,1485789793.38,fast food,OM
5837,5837,45+,2.0,Expats,Graduated,1600,1485789793.38,fast food,OM
5838,5838,18-24,1.0,Expats,No Degree,7400,1485789793.38,fast food,OM
5839,5839,25-44,1.0,Expats,No Degree,14000,1485789793.38,fast food,OM
5840,5840,45+,1.0,Expats,No Degree,1600,1485789793.38,fast food,OM
5841,5841,18-24,2.0,Expats,No Degree,2400,1485789793.38,fast food,OM
5842,5842,25-44,2.0,Expats,No Degree,5700,1485789793.38,fast food,OM
5843,5843,45+,2.0,Expats,No Degree,930,1485789793.38,fast food,OM
5844,5844,18-24,1.0,Expats,High School,3100,1485789793.38,fast food,OM
5845,5845,25-44,1.0,Expats,High School,5500,1485789793.38,fast food,OM
5846,5846,45+,1.0,Expats,High School,460,1485789793.38,fast food,OM
5847,5847,18-24,2.0,Expats,High School,1600,1485789793.38,fast food,OM
5848,5848,25-44,2.0,Expats,High School,3100,1485789793.38,fast food,OM
5849,5849,45+,2.0,Expats,High School,430,1485789793.38,fast food,OM
5850,5850,18-24,1.0,Locals,Graduated,3400,1485789793.38,fast food,OM
5851,5851,25-44,1.0,Locals,Graduated,6800,1485789793.38,fast food,OM
5852,5852,45+,1.0,Locals,Graduated,170,1485789793.38,fast food,OM
5853,5853,18-24,2.0,Locals,Graduated,770,1485789793.38,fast food,OM
5854,5854,25-44,2.0,Locals,Graduated,1700,1485789793.38,fast food,OM
5855,5855,45+,2.0,Locals,Graduated,90,1485789793.38,fast food,OM
5856,5856,18-24,1.0,Locals,No Degree,2600,1485789793.38,fast food,OM
5857,5857,25-44,1.0,Locals,No Degree,3200,1485789793.38,fast food,OM
5858,5858,45+,1.0,Locals,No Degree,170,1485789793.38,fast food,OM
5859,5859,18-24,2.0,Locals,No Degree,720,1485789793.38,fast food,OM
5860,5860,25-44,2.0,Locals,No Degree,1100,1485789793.38,fast food,OM
5861,5861,45+,2.0,Locals,No Degree,70,1485789793.38,fast food,OM
5862,5862,18-24,1.0,Locals,High School,2400,1485789793.38,fast food,OM
5863,5863,25-44,1.0,Locals,High School,2000,1485789793.38,fast food,OM
5864,5864,45+,1.0,Locals,High School,60,1485789793.38,fast food,OM
5865,5865,18-24,2.0,Locals,High School,870,1485789793.38,fast food,OM
5866,5866,25-44,2.0,Locals,High School,400,1485789793.38,fast food,OM
5867,5867,45+,2.0,Locals,High School,20,1485789793.38,fast food,OM
5868,5868,18-24,1.0,Expats,Graduated,26000,1485789793.38,fast food,QA
5869,5869,25-44,1.0,Expats,Graduated,100000,1485789793.38,fast food,QA
5870,5870,45+,1.0,Expats,Graduated,8600,1485789793.38,fast food,QA
5871,5871,18-24,2.0,Expats,Graduated,9000,1485789793.38,fast food,QA
5872,5872,25-44,2.0,Expats,Graduated,53000,1485789793.38,fast food,QA
5873,5873,45+,2.0,Expats,Graduated,5200,1485789793.38,fast food,QA
5874,5874,18-24,1.0,Expats,No Degree,25000,1485789793.38,fast food,QA
5875,5875,25-44,1.0,Expats,No Degree,46000,1485789793.38,fast food,QA
5876,5876,45+,1.0,Expats,No Degree,7300,1485789793.38,fast food,QA
5877,5877,18-24,2.0,Expats,No Degree,5000,1485789793.38,fast food,QA
5878,5878,25-44,2.0,Expats,No Degree,15000,1485789793.38,fast food,QA
5879,5879,45+,2.0,Expats,No Degree,3200,1485789793.38,fast food,QA
5880,5880,18-24,1.0,Expats,High School,10000,1485789793.38,fast food,QA
5881,5881,25-44,1.0,Expats,High School,22000,1485789793.38,fast food,QA
5882,5882,45+,1.0,Expats,High School,2100,1485789793.38,fast food,QA
5883,5883,18-24,2.0,Expats,High School,4800,1485789793.38,fast food,QA
5884,5884,25-44,2.0,Expats,High School,11000,1485789793.38,fast food,QA
5885,5885,45+,2.0,Expats,High School,1400,1485789793.38,fast food,QA
5886,5886,18-24,1.0,Locals,Graduated,1000,1485789793.38,fast food,QA
5887,5887,25-44,1.0,Locals,Graduated,1900,1485789793.38,fast food,QA
5888,5888,45+,1.0,Locals,Graduated,110,1485789793.38,fast food,QA
5889,5889,18-24,2.0,Locals,Graduated,430,1485789793.38,fast food,QA
5890,5890,25-44,2.0,Locals,Graduated,970,1485789793.38,fast food,QA
5891,5891,45+,2.0,Locals,Graduated,40,1485789793.38,fast food,QA
5892,5892,18-24,1.0,Locals,No Degree,740,1485789793.38,fast food,QA
5893,5893,25-44,1.0,Locals,No Degree,1400,1485789793.38,fast food,QA
5894,5894,45+,1.0,Locals,No Degree,200,1485789793.38,fast food,QA
5895,5895,18-24,2.0,Locals,No Degree,370,1485789793.38,fast food,QA
5896,5896,25-44,2.0,Locals,No Degree,830,1485789793.38,fast food,QA
5897,5897,45+,2.0,Locals,No Degree,150,1485789793.38,fast food,QA
5898,5898,18-24,1.0,Locals,High School,470,1485789793.38,fast food,QA
5899,5899,25-44,1.0,Locals,High School,580,1485789793.38,fast food,QA
5900,5900,45+,1.0,Locals,High School,50,1485789793.38,fast food,QA
5901,5901,18-24,2.0,Locals,High School,400,1485789793.38,fast food,QA
5902,5902,25-44,2.0,Locals,High School,190,1485789793.38,fast food,QA
5903,5903,45+,2.0,Locals,High School,40,1485789793.38,fast food,QA
5904,5904,18-24,1.0,Expats,Graduated,95000,1485789793.38,fast food,SA
5905,5905,25-44,1.0,Expats,Graduated,580000,1485789793.38,fast food,SA
5906,5906,45+,1.0,Expats,Graduated,50000,1485789793.38,fast food,SA
5907,5907,18-24,2.0,Expats,Graduated,33000,1485789793.38,fast food,SA
5908,5908,25-44,2.0,Expats,Graduated,220000,1485789793.38,fast food,SA
5909,5909,45+,2.0,Expats,Graduated,26000,1485789793.38,fast food,SA
5910,5910,18-24,1.0,Expats,No Degree,27000,1485789793.38,fast food,SA
5911,5911,25-44,1.0,Expats,No Degree,92000,1485789793.38,fast food,SA
5912,5912,45+,1.0,Expats,No Degree,13000,1485789793.38,fast food,SA
5913,5913,18-24,2.0,Expats,No Degree,16000,1485789793.38,fast food,SA
5914,5914,25-44,2.0,Expats,No Degree,48000,1485789793.38,fast food,SA
5915,5915,45+,2.0,Expats,No Degree,10000,1485789793.38,fast food,SA
5916,5916,18-24,1.0,Expats,High School,37000,1485789793.38,fast food,SA
5917,5917,25-44,1.0,Expats,High School,120000,1485789793.38,fast food,SA
5918,5918,45+,1.0,Expats,High School,12000,1485789793.38,fast food,SA
5919,5919,18-24,2.0,Expats,High School,21000,1485789793.38,fast food,SA
5920,5920,25-44,2.0,Expats,High School,53000,1485789793.38,fast food,SA
5921,5921,45+,2.0,Expats,High School,7300,1485789793.38,fast food,SA
5922,5922,18-24,1.0,Locals,Graduated,48000,1485789793.38,fast food,SA
5923,5923,25-44,1.0,Locals,Graduated,200000,1485789793.38,fast food,SA
5924,5924,45+,1.0,Locals,Graduated,19000,1485789793.38,fast food,SA
5925,5925,18-24,2.0,Locals,Graduated,21000,1485789793.38,fast food,SA
5926,5926,25-44,2.0,Locals,Graduated,77000,1485789793.38,fast food,SA
5927,5927,45+,2.0,Locals,Graduated,8900,1485789793.38,fast food,SA
5928,5928,18-24,1.0,Locals,No Degree,190000,1485789793.38,fast food,SA
5929,5929,25-44,1.0,Locals,No Degree,440000,1485789793.38,fast food,SA
5930,5930,45+,1.0,Locals,No Degree,63000,1485789793.38,fast food,SA
5931,5931,18-24,2.0,Locals,No Degree,61000,1485789793.38,fast food,SA
5932,5932,25-44,2.0,Locals,No Degree,120000,1485789793.38,fast food,SA
5933,5933,45+,2.0,Locals,No Degree,26000,1485789793.38,fast food,SA
5934,5934,18-24,1.0,Locals,High School,29000,1485789793.38,fast food,SA
5935,5935,25-44,1.0,Locals,High School,70000,1485789793.38,fast food,SA
5936,5936,45+,1.0,Locals,High School,7300,1485789793.38,fast food,SA
5937,5937,18-24,2.0,Locals,High School,19000,1485789793.38,fast food,SA
5938,5938,25-44,2.0,Locals,High School,25000,1485789793.38,fast food,SA
5939,5939,45+,2.0,Locals,High School,3200,1485789793.38,fast food,SA
5940,5940,18-24,1.0,Expats,Graduated,650,1485789793.38,fast food,SO
5941,5941,25-44,1.0,Expats,Graduated,700,1485789793.38,fast food,SO
5942,5942,45+,1.0,Expats,Graduated,30,1485789793.38,fast food,SO
5943,5943,18-24,2.0,Expats,Graduated,350,1485789793.38,fast food,SO
5944,5944,25-44,2.0,Expats,Graduated,170,1485789793.38,fast food,SO
5945,5945,45+,2.0,Expats,Graduated,20,1485789793.38,fast food,SO
5946,5946,18-24,1.0,Expats,No Degree,220,1485789793.38,fast food,SO
5947,5947,25-44,1.0,Expats,No Degree,220,1485789793.38,fast food,SO
5948,5948,45+,1.0,Expats,No Degree,20,1485789793.38,fast food,SO
5949,5949,18-24,2.0,Expats,No Degree,190,1485789793.38,fast food,SO
5950,5950,25-44,2.0,Expats,No Degree,130,1485789793.38,fast food,SO
5951,5951,45+,2.0,Expats,No Degree,20,1485789793.38,fast food,SO
5952,5952,18-24,1.0,Expats,High School,210,1485789793.38,fast food,SO
5953,5953,25-44,1.0,Expats,High School,110,1485789793.38,fast food,SO
5954,5954,45+,1.0,Expats,High School,20,1485789793.38,fast food,SO
5955,5955,18-24,2.0,Expats,High School,180,1485789793.38,fast food,SO
5956,5956,25-44,2.0,Expats,High School,20,1485789793.38,fast food,SO
5957,5957,45+,2.0,Expats,High School,20,1485789793.38,fast food,SO
5958,5958,18-24,1.0,Locals,Graduated,1600,1485789793.38,fast food,SO
5959,5959,25-44,1.0,Locals,Graduated,1600,1485789793.38,fast food,SO
5960,5960,45+,1.0,Locals,Graduated,50,1485789793.38,fast food,SO
5961,5961,18-24,2.0,Locals,Graduated,1400,1485789793.38,fast food,SO
5962,5962,25-44,2.0,Locals,Graduated,640,1485789793.38,fast food,SO
5963,5963,45+,2.0,Locals,Graduated,60,1485789793.38,fast food,SO
5964,5964,18-24,1.0,Locals,No Degree,1200,1485789793.38,fast food,SO
5965,5965,25-44,1.0,Locals,No Degree,960,1485789793.38,fast food,SO
5966,5966,45+,1.0,Locals,No Degree,90,1485789793.38,fast food,SO
5967,5967,18-24,2.0,Locals,No Degree,1900,1485789793.38,fast food,SO
5968,5968,25-44,2.0,Locals,No Degree,720,1485789793.38,fast food,SO
5969,5969,45+,2.0,Locals,No Degree,40,1485789793.38,fast food,SO
5970,5970,18-24,1.0,Locals,High School,540,1485789793.38,fast food,SO
5971,5971,25-44,1.0,Locals,High School,300,1485789793.38,fast food,SO
5972,5972,45+,1.0,Locals,High School,20,1485789793.38,fast food,SO
5973,5973,18-24,2.0,Locals,High School,690,1485789793.38,fast food,SO
5974,5974,25-44,2.0,Locals,High School,120,1485789793.38,fast food,SO
5975,5975,45+,2.0,Locals,High School,40,1485789793.38,fast food,SO
5976,5976,18-24,1.0,Expats,Graduated,6000,1485789793.38,fast food,TN
5977,5977,25-44,1.0,Expats,Graduated,6200,1485789793.38,fast food,TN
5978,5978,45+,1.0,Expats,Graduated,1100,1485789793.38,fast food,TN
5979,5979,18-24,2.0,Expats,Graduated,4200,1485789793.38,fast food,TN
5980,5980,25-44,2.0,Expats,Graduated,4700,1485789793.38,fast food,TN
5981,5981,45+,2.0,Expats,Graduated,990,1485789793.38,fast food,TN
5982,5982,18-24,1.0,Expats,No Degree,2500,1485789793.38,fast food,TN
5983,5983,25-44,1.0,Expats,No Degree,2900,1485789793.38,fast food,TN
5984,5984,45+,1.0,Expats,No Degree,780,1485789793.38,fast food,TN
5985,5985,18-24,2.0,Expats,No Degree,2200,1485789793.38,fast food,TN
5986,5986,25-44,2.0,Expats,No Degree,2700,1485789793.38,fast food,TN
5987,5987,45+,2.0,Expats,No Degree,830,1485789793.38,fast food,TN
5988,5988,18-24,1.0,Expats,High School,2800,1485789793.38,fast food,TN
5989,5989,25-44,1.0,Expats,High School,1600,1485789793.38,fast food,TN
5990,5990,45+,1.0,Expats,High School,450,1485789793.38,fast food,TN
5991,5991,18-24,2.0,Expats,High School,2200,1485789793.38,fast food,TN
5992,5992,25-44,2.0,Expats,High School,1300,1485789793.38,fast food,TN
5993,5993,45+,2.0,Expats,High School,360,1485789793.38,fast food,TN
5994,5994,18-24,1.0,Locals,Graduated,33000,1485789793.38,fast food,TN
5995,5995,25-44,1.0,Locals,Graduated,60000,1485789793.38,fast food,TN
5996,5996,45+,1.0,Locals,Graduated,9400,1485789793.38,fast food,TN
5997,5997,18-24,2.0,Locals,Graduated,54000,1485789793.38,fast food,TN
5998,5998,25-44,2.0,Locals,Graduated,93000,1485789793.38,fast food,TN
5999,5999,45+,2.0,Locals,Graduated,10000,1485789793.38,fast food,TN
6000,6000,18-24,1.0,Locals,No Degree,23000,1485789793.38,fast food,TN
6001,6001,25-44,1.0,Locals,No Degree,37000,1485789793.38,fast food,TN
6002,6002,45+,1.0,Locals,No Degree,10000,1485789793.38,fast food,TN
6003,6003,18-24,2.0,Locals,No Degree,37000,1485789793.38,fast food,TN
6004,6004,25-44,2.0,Locals,No Degree,52000,1485789793.38,fast food,TN
6005,6005,45+,2.0,Locals,No Degree,13000,1485789793.38,fast food,TN
6006,6006,18-24,1.0,Locals,High School,17000,1485789793.38,fast food,TN
6007,6007,25-44,1.0,Locals,High School,17000,1485789793.38,fast food,TN
6008,6008,45+,1.0,Locals,High School,4400,1485789793.38,fast food,TN
6009,6009,18-24,2.0,Locals,High School,33000,1485789793.38,fast food,TN
6010,6010,25-44,2.0,Locals,High School,23000,1485789793.38,fast food,TN
6011,6011,45+,2.0,Locals,High School,5300,1485789793.38,fast food,TN
6012,6012,18-24,1.0,Expats,Graduated,110000,1485789793.38,fast food,AE
6013,6013,25-44,1.0,Expats,Graduated,450000,1485789793.38,fast food,AE
6014,6014,45+,1.0,Expats,Graduated,33000,1485789793.38,fast food,AE
6015,6015,18-24,2.0,Expats,Graduated,42000,1485789793.38,fast food,AE
6016,6016,25-44,2.0,Expats,Graduated,280000,1485789793.38,fast food,AE
6017,6017,45+,2.0,Expats,Graduated,30000,1485789793.38,fast food,AE
6018,6018,18-24,1.0,Expats,No Degree,87000,1485789793.38,fast food,AE
6019,6019,25-44,1.0,Expats,No Degree,190000,1485789793.38,fast food,AE
6020,6020,45+,1.0,Expats,No Degree,24000,1485789793.38,fast food,AE
6021,6021,18-24,2.0,Expats,No Degree,25000,1485789793.38,fast food,AE
6022,6022,25-44,2.0,Expats,No Degree,84000,1485789793.38,fast food,AE
6023,6023,45+,2.0,Expats,No Degree,21000,1485789793.38,fast food,AE
6024,6024,18-24,1.0,Expats,High School,41000,1485789793.38,fast food,AE
6025,6025,25-44,1.0,Expats,High School,94000,1485789793.38,fast food,AE
6026,6026,45+,1.0,Expats,High School,9200,1485789793.38,fast food,AE
6027,6027,18-24,2.0,Expats,High School,24000,1485789793.38,fast food,AE
6028,6028,25-44,2.0,Expats,High School,55000,1485789793.38,fast food,AE
6029,6029,45+,2.0,Expats,High School,9100,1485789793.38,fast food,AE
6030,6030,18-24,1.0,Locals,Graduated,3800,1485789793.38,fast food,AE
6031,6031,25-44,1.0,Locals,Graduated,9200,1485789793.38,fast food,AE
6032,6032,45+,1.0,Locals,Graduated,810,1485789793.38,fast food,AE
6033,6033,18-24,2.0,Locals,Graduated,1700,1485789793.38,fast food,AE
6034,6034,25-44,2.0,Locals,Graduated,4600,1485789793.38,fast food,AE
6035,6035,45+,2.0,Locals,Graduated,350,1485789793.38,fast food,AE
6036,6036,18-24,1.0,Locals,No Degree,3600,1485789793.38,fast food,AE
6037,6037,25-44,1.0,Locals,No Degree,6800,1485789793.38,fast food,AE
6038,6038,45+,1.0,Locals,No Degree,850,1485789793.38,fast food,AE
6039,6039,18-24,2.0,Locals,No Degree,2000,1485789793.38,fast food,AE
6040,6040,25-44,2.0,Locals,No Degree,3800,1485789793.38,fast food,AE
6041,6041,45+,2.0,Locals,No Degree,700,1485789793.38,fast food,AE
6042,6042,18-24,1.0,Locals,High School,2600,1485789793.38,fast food,AE
6043,6043,25-44,1.0,Locals,High School,2300,1485789793.38,fast food,AE
6044,6044,45+,1.0,Locals,High School,220,1485789793.38,fast food,AE
6045,6045,18-24,2.0,Locals,High School,1700,1485789793.38,fast food,AE
6046,6046,25-44,2.0,Locals,High School,1200,1485789793.38,fast food,AE
6047,6047,45+,2.0,Locals,High School,160,1485789793.38,fast food,AE
6048,6048,18-24,1.0,Expats,Graduated,1200,1485789793.38,fast food,YE
6049,6049,25-44,1.0,Expats,Graduated,2100,1485789793.38,fast food,YE
6050,6050,45+,1.0,Expats,Graduated,170,1485789793.38,fast food,YE
6051,6051,18-24,2.0,Expats,Graduated,380,1485789793.38,fast food,YE
6052,6052,25-44,2.0,Expats,Graduated,580,1485789793.38,fast food,YE
6053,6053,45+,2.0,Expats,Graduated,70,1485789793.38,fast food,YE
6054,6054,18-24,1.0,Expats,No Degree,540,1485789793.38,fast food,YE
6055,6055,25-44,1.0,Expats,No Degree,640,1485789793.38,fast food,YE
6056,6056,45+,1.0,Expats,No Degree,60,1485789793.38,fast food,YE
6057,6057,18-24,2.0,Expats,No Degree,220,1485789793.38,fast food,YE
6058,6058,25-44,2.0,Expats,No Degree,250,1485789793.38,fast food,YE
6059,6059,45+,2.0,Expats,No Degree,110,1485789793.38,fast food,YE
6060,6060,18-24,1.0,Expats,High School,590,1485789793.38,fast food,YE
6061,6061,25-44,1.0,Expats,High School,610,1485789793.38,fast food,YE
6062,6062,45+,1.0,Expats,High School,60,1485789793.38,fast food,YE
6063,6063,18-24,2.0,Expats,High School,410,1485789793.38,fast food,YE
6064,6064,25-44,2.0,Expats,High School,180,1485789793.38,fast food,YE
6065,6065,45+,2.0,Expats,High School,20,1485789793.38,fast food,YE
6066,6066,18-24,1.0,Locals,Graduated,9200,1485789793.38,fast food,YE
6067,6067,25-44,1.0,Locals,Graduated,17000,1485789793.38,fast food,YE
6068,6068,45+,1.0,Locals,Graduated,1600,1485789793.38,fast food,YE
6069,6069,18-24,2.0,Locals,Graduated,2800,1485789793.38,fast food,YE
6070,6070,25-44,2.0,Locals,Graduated,5400,1485789793.38,fast food,YE
6071,6071,45+,2.0,Locals,Graduated,360,1485789793.38,fast food,YE
6072,6072,18-24,1.0,Locals,No Degree,7200,1485789793.38,fast food,YE
6073,6073,25-44,1.0,Locals,No Degree,10000,1485789793.38,fast food,YE
6074,6074,45+,1.0,Locals,No Degree,1700,1485789793.38,fast food,YE
6075,6075,18-24,2.0,Locals,No Degree,2000,1485789793.38,fast food,YE
6076,6076,25-44,2.0,Locals,No Degree,2400,1485789793.38,fast food,YE
6077,6077,45+,2.0,Locals,No Degree,390,1485789793.38,fast food,YE
6078,6078,18-24,1.0,Locals,High School,6200,1485789793.38,fast food,YE
6079,6079,25-44,1.0,Locals,High School,4700,1485789793.38,fast food,YE
6080,6080,45+,1.0,Locals,High School,560,1485789793.38,fast food,YE
6081,6081,18-24,2.0,Locals,High School,3400,1485789793.38,fast food,YE
6082,6082,25-44,2.0,Locals,High School,1400,1485789793.38,fast food,YE
6083,6083,45+,2.0,Locals,High School,100,1485789793.38,fast food,YE
6084,6084,18-24,1.0,Expats,Graduated,3500,1485789793.38,fast food,PS
6085,6085,25-44,1.0,Expats,Graduated,4700,1485789793.38,fast food,PS
6086,6086,45+,1.0,Expats,Graduated,460,1485789793.38,fast food,PS
6087,6087,18-24,2.0,Expats,Graduated,3100,1485789793.38,fast food,PS
6088,6088,25-44,2.0,Expats,Graduated,5200,1485789793.38,fast food,PS
6089,6089,45+,2.0,Expats,Graduated,640,1485789793.38,fast food,PS
6090,6090,18-24,1.0,Expats,No Degree,890,1485789793.38,fast food,PS
6091,6091,25-44,1.0,Expats,No Degree,1100,1485789793.38,fast food,PS
6092,6092,45+,1.0,Expats,No Degree,180,1485789793.38,fast food,PS
6093,6093,18-24,2.0,Expats,No Degree,950,1485789793.38,fast food,PS
6094,6094,25-44,2.0,Expats,No Degree,1500,1485789793.38,fast food,PS
6095,6095,45+,2.0,Expats,No Degree,570,1485789793.38,fast food,PS
6096,6096,18-24,1.0,Expats,High School,2000,1485789793.38,fast food,PS
6097,6097,25-44,1.0,Expats,High School,980,1485789793.38,fast food,PS
6098,6098,45+,1.0,Expats,High School,170,1485789793.38,fast food,PS
6099,6099,18-24,2.0,Expats,High School,2900,1485789793.38,fast food,PS
6100,6100,25-44,2.0,Expats,High School,1300,1485789793.38,fast food,PS
6101,6101,45+,2.0,Expats,High School,250,1485789793.38,fast food,PS
6102,6102,18-24,1.0,Locals,Graduated,13000,1485789793.38,fast food,PS
6103,6103,25-44,1.0,Locals,Graduated,21000,1485789793.38,fast food,PS
6104,6104,45+,1.0,Locals,Graduated,2200,1485789793.38,fast food,PS
6105,6105,18-24,2.0,Locals,Graduated,15000,1485789793.38,fast food,PS
6106,6106,25-44,2.0,Locals,Graduated,24000,1485789793.38,fast food,PS
6107,6107,45+,2.0,Locals,Graduated,2000,1485789793.38,fast food,PS
6108,6108,18-24,1.0,Locals,No Degree,5600,1485789793.38,fast food,PS
6109,6109,25-44,1.0,Locals,No Degree,7000,1485789793.38,fast food,PS
6110,6110,45+,1.0,Locals,No Degree,1700,1485789793.38,fast food,PS
6111,6111,18-24,2.0,Locals,No Degree,6200,1485789793.38,fast food,PS
6112,6112,25-44,2.0,Locals,No Degree,11000,1485789793.38,fast food,PS
6113,6113,45+,2.0,Locals,No Degree,3400,1485789793.38,fast food,PS
6114,6114,18-24,1.0,Locals,High School,8400,1485789793.38,fast food,PS
6115,6115,25-44,1.0,Locals,High School,4600,1485789793.38,fast food,PS
6116,6116,45+,1.0,Locals,High School,610,1485789793.38,fast food,PS
6117,6117,18-24,2.0,Locals,High School,13000,1485789793.38,fast food,PS
6118,6118,25-44,2.0,Locals,High School,6300,1485789793.38,fast food,PS
6119,6119,45+,2.0,Locals,High School,980,1485789793.38,fast food,PS
