,topic,audience,country_code,citizenship,gender,is_denominator,scholarity,age_range
129812,shopping,730000,DZ,Locals,Male,False,GRAD,18-24
129813,shopping,9800,BH,Locals,Male,False,GRAD,18-24
129814,shopping,1900000,EG,Locals,Male,False,GRAD,18-24
129815,shopping,740000,IQ,Locals,Male,False,GRAD,18-24
129816,shopping,190000,JO,Locals,Male,False,GRAD,18-24
129817,shopping,11000,KW,Locals,Male,False,GRAD,18-24
129818,shopping,75000,LB,Locals,Male,False,GRAD,18-24
129819,shopping,110000,LY,Locals,Male,False,GRAD,18-24
129820,shopping,830000,MA,Locals,Male,False,GRAD,18-24
129821,shopping,24000,OM,Locals,Male,False,GRAD,18-24
129822,shopping,18000,QA,Locals,Male,False,GRAD,18-24
129823,shopping,300000,SA,Locals,Male,False,GRAD,18-24
129824,shopping,37000,SO,Locals,Male,False,GRAD,18-24
129825,shopping,260000,TN,Locals,Male,False,GRAD,18-24
129826,shopping,62000,AE,Locals,Male,False,GRAD,18-24
129827,shopping,99000,YE,Locals,Male,False,GRAD,18-24
129828,shopping,73000,PS,Locals,Male,False,GRAD,18-24
129931,shopping,1100000,DZ,Locals,Male,False,ND,18-24
129932,shopping,21000,BH,Locals,Male,False,ND,18-24
129933,shopping,1600000,EG,Locals,Male,False,ND,18-24
129934,shopping,1300000,IQ,Locals,Male,False,ND,18-24
129935,shopping,230000,JO,Locals,Male,False,ND,18-24
129936,shopping,49000,KW,Locals,Male,False,ND,18-24
129937,shopping,150000,LB,Locals,Male,False,ND,18-24
129938,shopping,120000,LY,Locals,Male,False,ND,18-24
129939,shopping,820000,MA,Locals,Male,False,ND,18-24
129940,shopping,54000,OM,Locals,Male,False,ND,18-24
129941,shopping,39000,QA,Locals,Male,False,ND,18-24
129942,shopping,1400000,SA,Locals,Male,False,ND,18-24
129943,shopping,48000,SO,Locals,Male,False,ND,18-24
129944,shopping,290000,TN,Locals,Male,False,ND,18-24
129945,shopping,140000,AE,Locals,Male,False,ND,18-24
129946,shopping,130000,YE,Locals,Male,False,ND,18-24
129947,shopping,54000,PS,Locals,Male,False,ND,18-24
130050,shopping,330000,DZ,Locals,Male,False,HS,18-24
130051,shopping,6100,BH,Locals,Male,False,HS,18-24
130052,shopping,1100000,EG,Locals,Male,False,HS,18-24
130053,shopping,450000,IQ,Locals,Male,False,HS,18-24
130054,shopping,140000,JO,Locals,Male,False,HS,18-24
130055,shopping,6800,KW,Locals,Male,False,HS,18-24
130056,shopping,58000,LB,Locals,Male,False,HS,18-24
130057,shopping,60000,LY,Locals,Male,False,HS,18-24
130058,shopping,350000,MA,Locals,Male,False,HS,18-24
130059,shopping,12000,OM,Locals,Male,False,HS,18-24
130060,shopping,7200,QA,Locals,Male,False,HS,18-24
130061,shopping,170000,SA,Locals,Male,False,HS,18-24
130062,shopping,13000,SO,Locals,Male,False,HS,18-24
130063,shopping,140000,TN,Locals,Male,False,HS,18-24
130064,shopping,26000,AE,Locals,Male,False,HS,18-24
130065,shopping,61000,YE,Locals,Male,False,HS,18-24
130066,shopping,45000,PS,Locals,Male,False,HS,18-24
131002,shopping,550000,DZ,Locals,Female,False,GRAD,18-24
131003,shopping,5200,BH,Locals,Female,False,GRAD,18-24
131004,shopping,1300000,EG,Locals,Female,False,GRAD,18-24
131005,shopping,240000,IQ,Locals,Female,False,GRAD,18-24
131006,shopping,130000,JO,Locals,Female,False,GRAD,18-24
131007,shopping,5700,KW,Locals,Female,False,GRAD,18-24
131008,shopping,69000,LB,Locals,Female,False,GRAD,18-24
131009,shopping,91000,LY,Locals,Female,False,GRAD,18-24
131010,shopping,510000,MA,Locals,Female,False,GRAD,18-24
131011,shopping,6500,OM,Locals,Female,False,GRAD,18-24
131012,shopping,6400,QA,Locals,Female,False,GRAD,18-24
131013,shopping,110000,SA,Locals,Female,False,GRAD,18-24
131014,shopping,24000,SO,Locals,Female,False,GRAD,18-24
131015,shopping,270000,TN,Locals,Female,False,GRAD,18-24
131016,shopping,25000,AE,Locals,Female,False,GRAD,18-24
131017,shopping,20000,YE,Locals,Female,False,GRAD,18-24
131018,shopping,67000,PS,Locals,Female,False,GRAD,18-24
131121,shopping,920000,DZ,Locals,Female,False,ND,18-24
131122,shopping,11000,BH,Locals,Female,False,ND,18-24
131123,shopping,1100000,EG,Locals,Female,False,ND,18-24
131124,shopping,550000,IQ,Locals,Female,False,ND,18-24
131125,shopping,200000,JO,Locals,Female,False,ND,18-24
131126,shopping,27000,KW,Locals,Female,False,ND,18-24
131127,shopping,120000,LB,Locals,Female,False,ND,18-24
131128,shopping,110000,LY,Locals,Female,False,ND,18-24
131129,shopping,650000,MA,Locals,Female,False,ND,18-24
131130,shopping,19000,OM,Locals,Female,False,ND,18-24
131131,shopping,13000,QA,Locals,Female,False,ND,18-24
131132,shopping,490000,SA,Locals,Female,False,ND,18-24
131133,shopping,53000,SO,Locals,Female,False,ND,18-24
131134,shopping,310000,TN,Locals,Female,False,ND,18-24
131135,shopping,58000,AE,Locals,Female,False,ND,18-24
131136,shopping,30000,YE,Locals,Female,False,ND,18-24
131137,shopping,56000,PS,Locals,Female,False,ND,18-24
131240,shopping,270000,DZ,Locals,Female,False,HS,18-24
131241,shopping,5200,BH,Locals,Female,False,HS,18-24
131242,shopping,900000,EG,Locals,Female,False,HS,18-24
131243,shopping,210000,IQ,Locals,Female,False,HS,18-24
131244,shopping,140000,JO,Locals,Female,False,HS,18-24
131245,shopping,5300,KW,Locals,Female,False,HS,18-24
131246,shopping,67000,LB,Locals,Female,False,HS,18-24
131247,shopping,64000,LY,Locals,Female,False,HS,18-24
131248,shopping,260000,MA,Locals,Female,False,HS,18-24
131249,shopping,4500,OM,Locals,Female,False,HS,18-24
131250,shopping,3800,QA,Locals,Female,False,HS,18-24
131251,shopping,86000,SA,Locals,Female,False,HS,18-24
131252,shopping,9200,SO,Locals,Female,False,HS,18-24
131253,shopping,150000,TN,Locals,Female,False,HS,18-24
131254,shopping,15000,AE,Locals,Female,False,HS,18-24
131255,shopping,18000,YE,Locals,Female,False,HS,18-24
131256,shopping,53000,PS,Locals,Female,False,HS,18-24
136952,shopping,1100000,DZ,Locals,Male,False,GRAD,25-44
136953,shopping,27000,BH,Locals,Male,False,GRAD,25-44
136954,shopping,3300000,EG,Locals,Male,False,GRAD,25-44
136955,shopping,1400000,IQ,Locals,Male,False,GRAD,25-44
136956,shopping,350000,JO,Locals,Male,False,GRAD,25-44
136957,shopping,48000,KW,Locals,Male,False,GRAD,25-44
136958,shopping,170000,LB,Locals,Male,False,GRAD,25-44
136959,shopping,250000,LY,Locals,Male,False,GRAD,25-44
136960,shopping,930000,MA,Locals,Male,False,GRAD,25-44
136961,shopping,58000,OM,Locals,Male,False,GRAD,25-44
136962,shopping,46000,QA,Locals,Male,False,GRAD,25-44
136963,shopping,1100000,SA,Locals,Male,False,GRAD,25-44
136964,shopping,36000,SO,Locals,Male,False,GRAD,25-44
136965,shopping,500000,TN,Locals,Male,False,GRAD,25-44
136966,shopping,160000,AE,Locals,Male,False,GRAD,25-44
136967,shopping,190000,YE,Locals,Male,False,GRAD,25-44
136968,shopping,110000,PS,Locals,Male,False,GRAD,25-44
137071,shopping,1500000,DZ,Locals,Male,False,ND,25-44
137072,shopping,37000,BH,Locals,Male,False,ND,25-44
137073,shopping,2500000,EG,Locals,Male,False,ND,25-44
137074,shopping,1500000,IQ,Locals,Male,False,ND,25-44
137075,shopping,310000,JO,Locals,Male,False,ND,25-44
137076,shopping,100000,KW,Locals,Male,False,ND,25-44
137077,shopping,220000,LB,Locals,Male,False,ND,25-44
137078,shopping,240000,LY,Locals,Male,False,ND,25-44
137079,shopping,1100000,MA,Locals,Male,False,ND,25-44
137080,shopping,79000,OM,Locals,Male,False,ND,25-44
137081,shopping,61000,QA,Locals,Male,False,ND,25-44
137082,shopping,2600000,SA,Locals,Male,False,ND,25-44
137083,shopping,35000,SO,Locals,Male,False,ND,25-44
137084,shopping,480000,TN,Locals,Male,False,ND,25-44
137085,shopping,230000,AE,Locals,Male,False,ND,25-44
137086,shopping,160000,YE,Locals,Male,False,ND,25-44
137087,shopping,62000,PS,Locals,Male,False,ND,25-44
137190,shopping,300000,DZ,Locals,Male,False,HS,25-44
137191,shopping,8100,BH,Locals,Male,False,HS,25-44
137192,shopping,760000,EG,Locals,Male,False,HS,25-44
137193,shopping,410000,IQ,Locals,Male,False,HS,25-44
137194,shopping,110000,JO,Locals,Male,False,HS,25-44
137195,shopping,14000,KW,Locals,Male,False,HS,25-44
137196,shopping,48000,LB,Locals,Male,False,HS,25-44
137197,shopping,58000,LY,Locals,Male,False,HS,25-44
137198,shopping,260000,MA,Locals,Male,False,HS,25-44
137199,shopping,16000,OM,Locals,Male,False,HS,25-44
137200,shopping,12000,QA,Locals,Male,False,HS,25-44
137201,shopping,350000,SA,Locals,Male,False,HS,25-44
137202,shopping,7700,SO,Locals,Male,False,HS,25-44
137203,shopping,160000,TN,Locals,Male,False,HS,25-44
137204,shopping,38000,AE,Locals,Male,False,HS,25-44
137205,shopping,55000,YE,Locals,Male,False,HS,25-44
137206,shopping,28000,PS,Locals,Male,False,HS,25-44
138142,shopping,540000,DZ,Locals,Female,False,GRAD,25-44
138143,shopping,16000,BH,Locals,Female,False,GRAD,25-44
138144,shopping,1800000,EG,Locals,Female,False,GRAD,25-44
138145,shopping,350000,IQ,Locals,Female,False,GRAD,25-44
138146,shopping,220000,JO,Locals,Female,False,GRAD,25-44
138147,shopping,26000,KW,Locals,Female,False,GRAD,25-44
138148,shopping,160000,LB,Locals,Female,False,GRAD,25-44
138149,shopping,150000,LY,Locals,Female,False,GRAD,25-44
138150,shopping,430000,MA,Locals,Female,False,GRAD,25-44
138151,shopping,14000,OM,Locals,Female,False,GRAD,25-44
138152,shopping,18000,QA,Locals,Female,False,GRAD,25-44
138153,shopping,300000,SA,Locals,Female,False,GRAD,25-44
138154,shopping,13000,SO,Locals,Female,False,GRAD,25-44
138155,shopping,420000,TN,Locals,Female,False,GRAD,25-44
138156,shopping,62000,AE,Locals,Female,False,GRAD,25-44
138157,shopping,32000,YE,Locals,Female,False,GRAD,25-44
138158,shopping,84000,PS,Locals,Female,False,GRAD,25-44
138261,shopping,770000,DZ,Locals,Female,False,ND,25-44
138262,shopping,19000,BH,Locals,Female,False,ND,25-44
138263,shopping,1400000,EG,Locals,Female,False,ND,25-44
138264,shopping,520000,IQ,Locals,Female,False,ND,25-44
138265,shopping,240000,JO,Locals,Female,False,ND,25-44
138266,shopping,50000,KW,Locals,Female,False,ND,25-44
138267,shopping,200000,LB,Locals,Female,False,ND,25-44
138268,shopping,180000,LY,Locals,Female,False,ND,25-44
138269,shopping,560000,MA,Locals,Female,False,ND,25-44
138270,shopping,22000,OM,Locals,Female,False,ND,25-44
138271,shopping,22000,QA,Locals,Female,False,ND,25-44
138272,shopping,640000,SA,Locals,Female,False,ND,25-44
138273,shopping,23000,SO,Locals,Female,False,ND,25-44
138274,shopping,370000,TN,Locals,Female,False,ND,25-44
138275,shopping,89000,AE,Locals,Female,False,ND,25-44
138276,shopping,29000,YE,Locals,Female,False,ND,25-44
138277,shopping,61000,PS,Locals,Female,False,ND,25-44
138380,shopping,130000,DZ,Locals,Female,False,HS,25-44
138381,shopping,4400,BH,Locals,Female,False,HS,25-44
138382,shopping,360000,EG,Locals,Female,False,HS,25-44
138383,shopping,120000,IQ,Locals,Female,False,HS,25-44
138384,shopping,71000,JO,Locals,Female,False,HS,25-44
138385,shopping,8500,KW,Locals,Female,False,HS,25-44
138386,shopping,45000,LB,Locals,Female,False,HS,25-44
138387,shopping,37000,LY,Locals,Female,False,HS,25-44
138388,shopping,130000,MA,Locals,Female,False,HS,25-44
138389,shopping,3700,OM,Locals,Female,False,HS,25-44
138390,shopping,5200,QA,Locals,Female,False,HS,25-44
138391,shopping,99000,SA,Locals,Female,False,HS,25-44
138392,shopping,3300,SO,Locals,Female,False,HS,25-44
138393,shopping,110000,TN,Locals,Female,False,HS,25-44
138394,shopping,16000,AE,Locals,Female,False,HS,25-44
138395,shopping,8800,YE,Locals,Female,False,HS,25-44
138396,shopping,23000,PS,Locals,Female,False,HS,25-44
140522,shopping,120000,DZ,Locals,Male,False,GRAD,45+
140523,shopping,4400,BH,Locals,Male,False,GRAD,45+
140524,shopping,520000,EG,Locals,Male,False,GRAD,45+
140525,shopping,190000,IQ,Locals,Male,False,GRAD,45+
140526,shopping,67000,JO,Locals,Male,False,GRAD,45+
140527,shopping,7800,KW,Locals,Male,False,GRAD,45+
140528,shopping,46000,LB,Locals,Male,False,GRAD,45+
140529,shopping,41000,LY,Locals,Male,False,GRAD,45+
140530,shopping,130000,MA,Locals,Male,False,GRAD,45+
140531,shopping,4100,OM,Locals,Male,False,GRAD,45+
140532,shopping,4600,QA,Locals,Male,False,GRAD,45+
140533,shopping,120000,SA,Locals,Male,False,GRAD,45+
140534,shopping,2900,SO,Locals,Male,False,GRAD,45+
140535,shopping,110000,TN,Locals,Male,False,GRAD,45+
140536,shopping,15000,AE,Locals,Male,False,GRAD,45+
140537,shopping,16000,YE,Locals,Male,False,GRAD,45+
140538,shopping,18000,PS,Locals,Male,False,GRAD,45+
140641,shopping,220000,DZ,Locals,Male,False,ND,45+
140642,shopping,8300,BH,Locals,Male,False,ND,45+
140643,shopping,710000,EG,Locals,Male,False,ND,45+
140644,shopping,340000,IQ,Locals,Male,False,ND,45+
140645,shopping,110000,JO,Locals,Male,False,ND,45+
140646,shopping,19000,KW,Locals,Male,False,ND,45+
140647,shopping,99000,LB,Locals,Male,False,ND,45+
140648,shopping,54000,LY,Locals,Male,False,ND,45+
140649,shopping,230000,MA,Locals,Male,False,ND,45+
140650,shopping,8600,OM,Locals,Male,False,ND,45+
140651,shopping,9400,QA,Locals,Male,False,ND,45+
140652,shopping,390000,SA,Locals,Male,False,ND,45+
140653,shopping,5400,SO,Locals,Male,False,ND,45+
140654,shopping,130000,TN,Locals,Male,False,ND,45+
140655,shopping,32000,AE,Locals,Male,False,ND,45+
140656,shopping,21000,YE,Locals,Male,False,ND,45+
140657,shopping,19000,PS,Locals,Male,False,ND,45+
140760,shopping,45000,DZ,Locals,Male,False,HS,45+
140761,shopping,1400,BH,Locals,Male,False,HS,45+
140762,shopping,140000,EG,Locals,Male,False,HS,45+
140763,shopping,66000,IQ,Locals,Male,False,HS,45+
140764,shopping,26000,JO,Locals,Male,False,HS,45+
140765,shopping,2300,KW,Locals,Male,False,HS,45+
140766,shopping,15000,LB,Locals,Male,False,HS,45+
140767,shopping,12000,LY,Locals,Male,False,HS,45+
140768,shopping,45000,MA,Locals,Male,False,HS,45+
140769,shopping,1400,OM,Locals,Male,False,HS,45+
140770,shopping,1400,QA,Locals,Male,False,HS,45+
140771,shopping,44000,SA,Locals,Male,False,HS,45+
140772,shopping,800,SO,Locals,Male,False,HS,45+
140773,shopping,45000,TN,Locals,Male,False,HS,45+
140774,shopping,4700,AE,Locals,Male,False,HS,45+
140775,shopping,4700,YE,Locals,Male,False,HS,45+
140776,shopping,5900,PS,Locals,Male,False,HS,45+
141712,shopping,48000,DZ,Locals,Female,False,GRAD,45+
141713,shopping,1700,BH,Locals,Female,False,GRAD,45+
141714,shopping,250000,EG,Locals,Female,False,GRAD,45+
141715,shopping,53000,IQ,Locals,Female,False,GRAD,45+
141716,shopping,34000,JO,Locals,Female,False,GRAD,45+
141717,shopping,3500,KW,Locals,Female,False,GRAD,45+
141718,shopping,39000,LB,Locals,Female,False,GRAD,45+
141719,shopping,19000,LY,Locals,Female,False,GRAD,45+
141720,shopping,53000,MA,Locals,Female,False,GRAD,45+
141721,shopping,1100,OM,Locals,Female,False,GRAD,45+
141722,shopping,1700,QA,Locals,Female,False,GRAD,45+
141723,shopping,31000,SA,Locals,Female,False,GRAD,45+
141724,shopping,1500,SO,Locals,Female,False,GRAD,45+
141725,shopping,53000,TN,Locals,Female,False,GRAD,45+
141726,shopping,6900,AE,Locals,Female,False,GRAD,45+
141727,shopping,1900,YE,Locals,Female,False,GRAD,45+
141728,shopping,8500,PS,Locals,Female,False,GRAD,45+
141831,shopping,110000,DZ,Locals,Female,False,ND,45+
141832,shopping,3700,BH,Locals,Female,False,ND,45+
141833,shopping,450000,EG,Locals,Female,False,ND,45+
141834,shopping,130000,IQ,Locals,Female,False,ND,45+
141835,shopping,87000,JO,Locals,Female,False,ND,45+
141836,shopping,8900,KW,Locals,Female,False,ND,45+
141837,shopping,110000,LB,Locals,Female,False,ND,45+
141838,shopping,45000,LY,Locals,Female,False,ND,45+
141839,shopping,110000,MA,Locals,Female,False,ND,45+
141840,shopping,2300,OM,Locals,Female,False,ND,45+
141841,shopping,3500,QA,Locals,Female,False,ND,45+
141842,shopping,100000,SA,Locals,Female,False,ND,45+
141843,shopping,2300,SO,Locals,Female,False,ND,45+
141844,shopping,89000,TN,Locals,Female,False,ND,45+
141845,shopping,14000,AE,Locals,Female,False,ND,45+
141846,shopping,3700,YE,Locals,Female,False,ND,45+
141847,shopping,19000,PS,Locals,Female,False,ND,45+
141950,shopping,21000,DZ,Locals,Female,False,HS,45+
141951,shopping,540,BH,Locals,Female,False,HS,45+
141952,shopping,62000,EG,Locals,Female,False,HS,45+
141953,shopping,19000,IQ,Locals,Female,False,HS,45+
141954,shopping,14000,JO,Locals,Female,False,HS,45+
141955,shopping,1000,KW,Locals,Female,False,HS,45+
141956,shopping,15000,LB,Locals,Female,False,HS,45+
141957,shopping,6000,LY,Locals,Female,False,HS,45+
141958,shopping,22000,MA,Locals,Female,False,HS,45+
141959,shopping,390,OM,Locals,Female,False,HS,45+
141960,shopping,610,QA,Locals,Female,False,HS,45+
141961,shopping,12000,SA,Locals,Female,False,HS,45+
141962,shopping,450,SO,Locals,Female,False,HS,45+
141963,shopping,30000,TN,Locals,Female,False,HS,45+
141964,shopping,2700,AE,Locals,Female,False,HS,45+
141965,shopping,700,YE,Locals,Female,False,HS,45+
141966,shopping,3800,PS,Locals,Female,False,HS,45+
172652,mental disease depression,56000,DZ,Locals,Male,False,GRAD,18-24
172653,mental disease depression,200,BH,Locals,Male,False,GRAD,18-24
172654,mental disease depression,120000,EG,Locals,Male,False,GRAD,18-24
172655,mental disease depression,55000,IQ,Locals,Male,False,GRAD,18-24
172656,mental disease depression,11000,JO,Locals,Male,False,GRAD,18-24
172657,mental disease depression,360,KW,Locals,Male,False,GRAD,18-24
172658,mental disease depression,4900,LB,Locals,Male,False,GRAD,18-24
172659,mental disease depression,10000,LY,Locals,Male,False,GRAD,18-24
172660,mental disease depression,120000,MA,Locals,Male,False,GRAD,18-24
172661,mental disease depression,330,OM,Locals,Male,False,GRAD,18-24
172662,mental disease depression,720,QA,Locals,Male,False,GRAD,18-24
172663,mental disease depression,9800,SA,Locals,Male,False,GRAD,18-24
172664,mental disease depression,4700,SO,Locals,Male,False,GRAD,18-24
172665,mental disease depression,21000,TN,Locals,Male,False,GRAD,18-24
172666,mental disease depression,2100,AE,Locals,Male,False,GRAD,18-24
172667,mental disease depression,21000,YE,Locals,Male,False,GRAD,18-24
172668,mental disease depression,2600,PS,Locals,Male,False,GRAD,18-24
172771,mental disease depression,51000,DZ,Locals,Male,False,ND,18-24
172772,mental disease depression,180,BH,Locals,Male,False,ND,18-24
172773,mental disease depression,60000,EG,Locals,Male,False,ND,18-24
172774,mental disease depression,100000,IQ,Locals,Male,False,ND,18-24
172775,mental disease depression,10000,JO,Locals,Male,False,ND,18-24
172776,mental disease depression,1200,KW,Locals,Male,False,ND,18-24
172777,mental disease depression,6100,LB,Locals,Male,False,ND,18-24
172778,mental disease depression,7700,LY,Locals,Male,False,ND,18-24
172779,mental disease depression,95000,MA,Locals,Male,False,ND,18-24
172780,mental disease depression,330,OM,Locals,Male,False,ND,18-24
172781,mental disease depression,410,QA,Locals,Male,False,ND,18-24
172782,mental disease depression,40000,SA,Locals,Male,False,ND,18-24
172783,mental disease depression,5700,SO,Locals,Male,False,ND,18-24
172784,mental disease depression,13000,TN,Locals,Male,False,ND,18-24
172785,mental disease depression,2100,AE,Locals,Male,False,ND,18-24
172786,mental disease depression,22000,YE,Locals,Male,False,ND,18-24
172787,mental disease depression,1300,PS,Locals,Male,False,ND,18-24
172890,mental disease depression,25000,DZ,Locals,Male,False,HS,18-24
172891,mental disease depression,80,BH,Locals,Male,False,HS,18-24
172892,mental disease depression,82000,EG,Locals,Male,False,HS,18-24
172893,mental disease depression,31000,IQ,Locals,Male,False,HS,18-24
172894,mental disease depression,8800,JO,Locals,Male,False,HS,18-24
172895,mental disease depression,230,KW,Locals,Male,False,HS,18-24
172896,mental disease depression,3500,LB,Locals,Male,False,HS,18-24
172897,mental disease depression,5900,LY,Locals,Male,False,HS,18-24
172898,mental disease depression,43000,MA,Locals,Male,False,HS,18-24
172899,mental disease depression,110,OM,Locals,Male,False,HS,18-24
172900,mental disease depression,230,QA,Locals,Male,False,HS,18-24
172901,mental disease depression,4900,SA,Locals,Male,False,HS,18-24
172902,mental disease depression,1900,SO,Locals,Male,False,HS,18-24
172903,mental disease depression,11000,TN,Locals,Male,False,HS,18-24
172904,mental disease depression,750,AE,Locals,Male,False,HS,18-24
172905,mental disease depression,15000,YE,Locals,Male,False,HS,18-24
172906,mental disease depression,1600,PS,Locals,Male,False,HS,18-24
173842,mental disease depression,51000,DZ,Locals,Female,False,GRAD,18-24
173843,mental disease depression,120,BH,Locals,Female,False,GRAD,18-24
173844,mental disease depression,140000,EG,Locals,Female,False,GRAD,18-24
173845,mental disease depression,8100,IQ,Locals,Female,False,GRAD,18-24
173846,mental disease depression,5700,JO,Locals,Female,False,GRAD,18-24
173847,mental disease depression,200,KW,Locals,Female,False,GRAD,18-24
173848,mental disease depression,8300,LB,Locals,Female,False,GRAD,18-24
173849,mental disease depression,8600,LY,Locals,Female,False,GRAD,18-24
173850,mental disease depression,56000,MA,Locals,Female,False,GRAD,18-24
173851,mental disease depression,90,OM,Locals,Female,False,GRAD,18-24
173852,mental disease depression,340,QA,Locals,Female,False,GRAD,18-24
173853,mental disease depression,3700,SA,Locals,Female,False,GRAD,18-24
173854,mental disease depression,2500,SO,Locals,Female,False,GRAD,18-24
173855,mental disease depression,33000,TN,Locals,Female,False,GRAD,18-24
173856,mental disease depression,1300,AE,Locals,Female,False,GRAD,18-24
173857,mental disease depression,4800,YE,Locals,Female,False,GRAD,18-24
173858,mental disease depression,2100,PS,Locals,Female,False,GRAD,18-24
173961,mental disease depression,44000,DZ,Locals,Female,False,ND,18-24
173962,mental disease depression,70,BH,Locals,Female,False,ND,18-24
173963,mental disease depression,50000,EG,Locals,Female,False,ND,18-24
173964,mental disease depression,12000,IQ,Locals,Female,False,ND,18-24
173965,mental disease depression,4900,JO,Locals,Female,False,ND,18-24
173966,mental disease depression,280,KW,Locals,Female,False,ND,18-24
173967,mental disease depression,6500,LB,Locals,Female,False,ND,18-24
173968,mental disease depression,6000,LY,Locals,Female,False,ND,18-24
173969,mental disease depression,46000,MA,Locals,Female,False,ND,18-24
173970,mental disease depression,100,OM,Locals,Female,False,ND,18-24
173971,mental disease depression,200,QA,Locals,Female,False,ND,18-24
173972,mental disease depression,9500,SA,Locals,Female,False,ND,18-24
173973,mental disease depression,5300,SO,Locals,Female,False,ND,18-24
173974,mental disease depression,19000,TN,Locals,Female,False,ND,18-24
173975,mental disease depression,590,AE,Locals,Female,False,ND,18-24
173976,mental disease depression,4600,YE,Locals,Female,False,ND,18-24
173977,mental disease depression,1000,PS,Locals,Female,False,ND,18-24
174080,mental disease depression,24000,DZ,Locals,Female,False,HS,18-24
174081,mental disease depression,120,BH,Locals,Female,False,HS,18-24
174082,mental disease depression,110000,EG,Locals,Female,False,HS,18-24
174083,mental disease depression,7000,IQ,Locals,Female,False,HS,18-24
174084,mental disease depression,6200,JO,Locals,Female,False,HS,18-24
174085,mental disease depression,180,KW,Locals,Female,False,HS,18-24
174086,mental disease depression,6700,LB,Locals,Female,False,HS,18-24
174087,mental disease depression,6500,LY,Locals,Female,False,HS,18-24
174088,mental disease depression,26000,MA,Locals,Female,False,HS,18-24
174089,mental disease depression,40,OM,Locals,Female,False,HS,18-24
174090,mental disease depression,140,QA,Locals,Female,False,HS,18-24
174091,mental disease depression,2500,SA,Locals,Female,False,HS,18-24
174092,mental disease depression,1100,SO,Locals,Female,False,HS,18-24
174093,mental disease depression,19000,TN,Locals,Female,False,HS,18-24
174094,mental disease depression,590,AE,Locals,Female,False,HS,18-24
174095,mental disease depression,4900,YE,Locals,Female,False,HS,18-24
174096,mental disease depression,2100,PS,Locals,Female,False,HS,18-24
179792,mental disease depression,79000,DZ,Locals,Male,False,GRAD,25-44
179793,mental disease depression,440,BH,Locals,Male,False,GRAD,25-44
179794,mental disease depression,190000,EG,Locals,Male,False,GRAD,25-44
179795,mental disease depression,90000,IQ,Locals,Male,False,GRAD,25-44
179796,mental disease depression,18000,JO,Locals,Male,False,GRAD,25-44
179797,mental disease depression,1600,KW,Locals,Male,False,GRAD,25-44
179798,mental disease depression,15000,LB,Locals,Male,False,GRAD,25-44
179799,mental disease depression,24000,LY,Locals,Male,False,GRAD,25-44
179800,mental disease depression,230000,MA,Locals,Male,False,GRAD,25-44
179801,mental disease depression,750,OM,Locals,Male,False,GRAD,25-44
179802,mental disease depression,1800,QA,Locals,Male,False,GRAD,25-44
179803,mental disease depression,37000,SA,Locals,Male,False,GRAD,25-44
179804,mental disease depression,4000,SO,Locals,Male,False,GRAD,25-44
179805,mental disease depression,33000,TN,Locals,Male,False,GRAD,25-44
179806,mental disease depression,4300,AE,Locals,Male,False,GRAD,25-44
179807,mental disease depression,42000,YE,Locals,Male,False,GRAD,25-44
179808,mental disease depression,5400,PS,Locals,Male,False,GRAD,25-44
179911,mental disease depression,92000,DZ,Locals,Male,False,ND,25-44
179912,mental disease depression,240,BH,Locals,Male,False,ND,25-44
179913,mental disease depression,110000,EG,Locals,Male,False,ND,25-44
179914,mental disease depression,120000,IQ,Locals,Male,False,ND,25-44
179915,mental disease depression,14000,JO,Locals,Male,False,ND,25-44
179916,mental disease depression,2200,KW,Locals,Male,False,ND,25-44
179917,mental disease depression,16000,LB,Locals,Male,False,ND,25-44
179918,mental disease depression,19000,LY,Locals,Male,False,ND,25-44
179919,mental disease depression,310000,MA,Locals,Male,False,ND,25-44
179920,mental disease depression,580,OM,Locals,Male,False,ND,25-44
179921,mental disease depression,870,QA,Locals,Male,False,ND,25-44
179922,mental disease depression,73000,SA,Locals,Male,False,ND,25-44
179923,mental disease depression,3900,SO,Locals,Male,False,ND,25-44
179924,mental disease depression,23000,TN,Locals,Male,False,ND,25-44
179925,mental disease depression,3200,AE,Locals,Male,False,ND,25-44
179926,mental disease depression,29000,YE,Locals,Male,False,ND,25-44
179927,mental disease depression,2400,PS,Locals,Male,False,ND,25-44
180030,mental disease depression,22000,DZ,Locals,Male,False,HS,25-44
180031,mental disease depression,150,BH,Locals,Male,False,HS,25-44
180032,mental disease depression,43000,EG,Locals,Male,False,HS,25-44
180033,mental disease depression,29000,IQ,Locals,Male,False,HS,25-44
180034,mental disease depression,5600,JO,Locals,Male,False,HS,25-44
180035,mental disease depression,410,KW,Locals,Male,False,HS,25-44
180036,mental disease depression,4500,LB,Locals,Male,False,HS,25-44
180037,mental disease depression,5300,LY,Locals,Male,False,HS,25-44
180038,mental disease depression,64000,MA,Locals,Male,False,HS,25-44
180039,mental disease depression,270,OM,Locals,Male,False,HS,25-44
180040,mental disease depression,450,QA,Locals,Male,False,HS,25-44
180041,mental disease depression,13000,SA,Locals,Male,False,HS,25-44
180042,mental disease depression,930,SO,Locals,Male,False,HS,25-44
180043,mental disease depression,9600,TN,Locals,Male,False,HS,25-44
180044,mental disease depression,990,AE,Locals,Male,False,HS,25-44
180045,mental disease depression,12000,YE,Locals,Male,False,HS,25-44
180046,mental disease depression,1300,PS,Locals,Male,False,HS,25-44
180982,mental disease depression,50000,DZ,Locals,Female,False,GRAD,25-44
180983,mental disease depression,360,BH,Locals,Female,False,GRAD,25-44
180984,mental disease depression,200000,EG,Locals,Female,False,GRAD,25-44
180985,mental disease depression,17000,IQ,Locals,Female,False,GRAD,25-44
180986,mental disease depression,9300,JO,Locals,Female,False,GRAD,25-44
180987,mental disease depression,1000,KW,Locals,Female,False,GRAD,25-44
180988,mental disease depression,34000,LB,Locals,Female,False,GRAD,25-44
180989,mental disease depression,17000,LY,Locals,Female,False,GRAD,25-44
180990,mental disease depression,76000,MA,Locals,Female,False,GRAD,25-44
180991,mental disease depression,570,OM,Locals,Female,False,GRAD,25-44
180992,mental disease depression,1200,QA,Locals,Female,False,GRAD,25-44
180993,mental disease depression,12000,SA,Locals,Female,False,GRAD,25-44
180994,mental disease depression,1400,SO,Locals,Female,False,GRAD,25-44
180995,mental disease depression,44000,TN,Locals,Female,False,GRAD,25-44
180996,mental disease depression,3700,AE,Locals,Female,False,GRAD,25-44
180997,mental disease depression,7600,YE,Locals,Female,False,GRAD,25-44
180998,mental disease depression,3200,PS,Locals,Female,False,GRAD,25-44
181101,mental disease depression,47000,DZ,Locals,Female,False,ND,25-44
181102,mental disease depression,210,BH,Locals,Female,False,ND,25-44
181103,mental disease depression,71000,EG,Locals,Female,False,ND,25-44
181104,mental disease depression,16000,IQ,Locals,Female,False,ND,25-44
181105,mental disease depression,6300,JO,Locals,Female,False,ND,25-44
181106,mental disease depression,680,KW,Locals,Female,False,ND,25-44
181107,mental disease depression,31000,LB,Locals,Female,False,ND,25-44
181108,mental disease depression,15000,LY,Locals,Female,False,ND,25-44
181109,mental disease depression,88000,MA,Locals,Female,False,ND,25-44
181110,mental disease depression,200,OM,Locals,Female,False,ND,25-44
181111,mental disease depression,350,QA,Locals,Female,False,ND,25-44
181112,mental disease depression,15000,SA,Locals,Female,False,ND,25-44
181113,mental disease depression,2600,SO,Locals,Female,False,ND,25-44
181114,mental disease depression,20000,TN,Locals,Female,False,ND,25-44
181115,mental disease depression,2200,AE,Locals,Female,False,ND,25-44
181116,mental disease depression,4400,YE,Locals,Female,False,ND,25-44
181117,mental disease depression,1900,PS,Locals,Female,False,ND,25-44
181220,mental disease depression,11000,DZ,Locals,Female,False,HS,25-44
181221,mental disease depression,90,BH,Locals,Female,False,HS,25-44
181222,mental disease depression,32000,EG,Locals,Female,False,HS,25-44
181223,mental disease depression,4400,IQ,Locals,Female,False,HS,25-44
181224,mental disease depression,2800,JO,Locals,Female,False,HS,25-44
181225,mental disease depression,300,KW,Locals,Female,False,HS,25-44
181226,mental disease depression,8400,LB,Locals,Female,False,HS,25-44
181227,mental disease depression,4100,LY,Locals,Female,False,HS,25-44
181228,mental disease depression,21000,MA,Locals,Female,False,HS,25-44
181229,mental disease depression,150,OM,Locals,Female,False,HS,25-44
181230,mental disease depression,180,QA,Locals,Female,False,HS,25-44
181231,mental disease depression,3700,SA,Locals,Female,False,HS,25-44
181232,mental disease depression,330,SO,Locals,Female,False,HS,25-44
181233,mental disease depression,9600,TN,Locals,Female,False,HS,25-44
181234,mental disease depression,880,AE,Locals,Female,False,HS,25-44
181235,mental disease depression,2100,YE,Locals,Female,False,HS,25-44
181236,mental disease depression,920,PS,Locals,Female,False,HS,25-44
183362,mental disease depression,7000,DZ,Locals,Male,False,GRAD,45+
183363,mental disease depression,120,BH,Locals,Male,False,GRAD,45+
183364,mental disease depression,36000,EG,Locals,Male,False,GRAD,45+
183365,mental disease depression,16000,IQ,Locals,Male,False,GRAD,45+
183366,mental disease depression,4700,JO,Locals,Male,False,GRAD,45+
183367,mental disease depression,340,KW,Locals,Male,False,GRAD,45+
183368,mental disease depression,4500,LB,Locals,Male,False,GRAD,45+
183369,mental disease depression,3200,LY,Locals,Male,False,GRAD,45+
183370,mental disease depression,61000,MA,Locals,Male,False,GRAD,45+
183371,mental disease depression,110,OM,Locals,Male,False,GRAD,45+
183372,mental disease depression,160,QA,Locals,Male,False,GRAD,45+
183373,mental disease depression,5500,SA,Locals,Male,False,GRAD,45+
183374,mental disease depression,220,SO,Locals,Male,False,GRAD,45+
183375,mental disease depression,7800,TN,Locals,Male,False,GRAD,45+
183376,mental disease depression,530,AE,Locals,Male,False,GRAD,45+
183377,mental disease depression,3600,YE,Locals,Male,False,GRAD,45+
183378,mental disease depression,1300,PS,Locals,Male,False,GRAD,45+
183481,mental disease depression,12000,DZ,Locals,Male,False,ND,45+
183482,mental disease depression,100,BH,Locals,Male,False,ND,45+
183483,mental disease depression,40000,EG,Locals,Male,False,ND,45+
183484,mental disease depression,31000,IQ,Locals,Male,False,ND,45+
183485,mental disease depression,7600,JO,Locals,Male,False,ND,45+
183486,mental disease depression,570,KW,Locals,Male,False,ND,45+
183487,mental disease depression,8700,LB,Locals,Male,False,ND,45+
183488,mental disease depression,3700,LY,Locals,Male,False,ND,45+
183489,mental disease depression,100000,MA,Locals,Male,False,ND,45+
183490,mental disease depression,110,OM,Locals,Male,False,ND,45+
183491,mental disease depression,110,QA,Locals,Male,False,ND,45+
183492,mental disease depression,12000,SA,Locals,Male,False,ND,45+
183493,mental disease depression,990,SO,Locals,Male,False,ND,45+
183494,mental disease depression,6000,TN,Locals,Male,False,ND,45+
183495,mental disease depression,630,AE,Locals,Male,False,ND,45+
183496,mental disease depression,4500,YE,Locals,Male,False,ND,45+
183497,mental disease depression,1200,PS,Locals,Male,False,ND,45+
183600,mental disease depression,2800,DZ,Locals,Male,False,HS,45+
183601,mental disease depression,0,BH,Locals,Male,False,HS,45+
183602,mental disease depression,9900,EG,Locals,Male,False,HS,45+
183603,mental disease depression,5500,IQ,Locals,Male,False,HS,45+
183604,mental disease depression,2200,JO,Locals,Male,False,HS,45+
183605,mental disease depression,70,KW,Locals,Male,False,HS,45+
183606,mental disease depression,1600,LB,Locals,Male,False,HS,45+
183607,mental disease depression,890,LY,Locals,Male,False,HS,45+
183608,mental disease depression,21000,MA,Locals,Male,False,HS,45+
183609,mental disease depression,0,OM,Locals,Male,False,HS,45+
183610,mental disease depression,60,QA,Locals,Male,False,HS,45+
183611,mental disease depression,2000,SA,Locals,Male,False,HS,45+
183612,mental disease depression,100,SO,Locals,Male,False,HS,45+
183613,mental disease depression,2500,TN,Locals,Male,False,HS,45+
183614,mental disease depression,180,AE,Locals,Male,False,HS,45+
183615,mental disease depression,1200,YE,Locals,Male,False,HS,45+
183616,mental disease depression,370,PS,Locals,Male,False,HS,45+
184552,mental disease depression,4600,DZ,Locals,Female,False,GRAD,45+
184553,mental disease depression,100,BH,Locals,Female,False,GRAD,45+
184554,mental disease depression,22000,EG,Locals,Female,False,GRAD,45+
184555,mental disease depression,4200,IQ,Locals,Female,False,GRAD,45+
184556,mental disease depression,2600,JO,Locals,Female,False,GRAD,45+
184557,mental disease depression,190,KW,Locals,Female,False,GRAD,45+
184558,mental disease depression,7100,LB,Locals,Female,False,GRAD,45+
184559,mental disease depression,2500,LY,Locals,Female,False,GRAD,45+
184560,mental disease depression,20000,MA,Locals,Female,False,GRAD,45+
184561,mental disease depression,90,OM,Locals,Female,False,GRAD,45+
184562,mental disease depression,160,QA,Locals,Female,False,GRAD,45+
184563,mental disease depression,2400,SA,Locals,Female,False,GRAD,45+
184564,mental disease depression,180,SO,Locals,Female,False,GRAD,45+
184565,mental disease depression,5200,TN,Locals,Female,False,GRAD,45+
184566,mental disease depression,660,AE,Locals,Female,False,GRAD,45+
184567,mental disease depression,500,YE,Locals,Female,False,GRAD,45+
184568,mental disease depression,620,PS,Locals,Female,False,GRAD,45+
184671,mental disease depression,7100,DZ,Locals,Female,False,ND,45+
184672,mental disease depression,0,BH,Locals,Female,False,ND,45+
184673,mental disease depression,25000,EG,Locals,Female,False,ND,45+
184674,mental disease depression,8000,IQ,Locals,Female,False,ND,45+
184675,mental disease depression,5500,JO,Locals,Female,False,ND,45+
184676,mental disease depression,270,KW,Locals,Female,False,ND,45+
184677,mental disease depression,17000,LB,Locals,Female,False,ND,45+
184678,mental disease depression,4200,LY,Locals,Female,False,ND,45+
184679,mental disease depression,36000,MA,Locals,Female,False,ND,45+
184680,mental disease depression,0,OM,Locals,Female,False,ND,45+
184681,mental disease depression,140,QA,Locals,Female,False,ND,45+
184682,mental disease depression,4800,SA,Locals,Female,False,ND,45+
184683,mental disease depression,330,SO,Locals,Female,False,ND,45+
184684,mental disease depression,5100,TN,Locals,Female,False,ND,45+
184685,mental disease depression,780,AE,Locals,Female,False,ND,45+
184686,mental disease depression,680,YE,Locals,Female,False,ND,45+
184687,mental disease depression,1300,PS,Locals,Female,False,ND,45+
184790,mental disease depression,1900,DZ,Locals,Female,False,HS,45+
184791,mental disease depression,0,BH,Locals,Female,False,HS,45+
184792,mental disease depression,4600,EG,Locals,Female,False,HS,45+
184793,mental disease depression,1300,IQ,Locals,Female,False,HS,45+
184794,mental disease depression,960,JO,Locals,Female,False,HS,45+
184795,mental disease depression,30,KW,Locals,Female,False,HS,45+
184796,mental disease depression,2600,LB,Locals,Female,False,HS,45+
184797,mental disease depression,700,LY,Locals,Female,False,HS,45+
184798,mental disease depression,8000,MA,Locals,Female,False,HS,45+
184799,mental disease depression,30,OM,Locals,Female,False,HS,45+
184800,mental disease depression,30,QA,Locals,Female,False,HS,45+
184801,mental disease depression,850,SA,Locals,Female,False,HS,45+
184802,mental disease depression,100,SO,Locals,Female,False,HS,45+
184803,mental disease depression,2400,TN,Locals,Female,False,HS,45+
184804,mental disease depression,310,AE,Locals,Female,False,HS,45+
184805,mental disease depression,230,YE,Locals,Female,False,HS,45+
184806,mental disease depression,210,PS,Locals,Female,False,HS,45+
130407,shopping,140000,DZ,Expats,Male,False,GRAD,18-24
130408,shopping,23200,BH,Expats,Male,False,GRAD,18-24
130409,shopping,100000,EG,Expats,Male,False,GRAD,18-24
130410,shopping,80000,IQ,Expats,Male,False,GRAD,18-24
130411,shopping,50000,JO,Expats,Male,False,GRAD,18-24
130412,shopping,40000,KW,Expats,Male,False,GRAD,18-24
130413,shopping,35000,LB,Expats,Male,False,GRAD,18-24
130414,shopping,20000,LY,Expats,Male,False,GRAD,18-24
130415,shopping,130000,MA,Expats,Male,False,GRAD,18-24
130416,shopping,41000,OM,Expats,Male,False,GRAD,18-24
130417,shopping,92000,QA,Expats,Male,False,GRAD,18-24
130418,shopping,310000,SA,Expats,Male,False,GRAD,18-24
130419,shopping,12000,SO,Expats,Male,False,GRAD,18-24
130420,shopping,50000,TN,Expats,Male,False,GRAD,18-24
130421,shopping,318000,AE,Expats,Male,False,GRAD,18-24
130422,shopping,11000,YE,Expats,Male,False,GRAD,18-24
130423,shopping,20000,PS,Expats,Male,False,GRAD,18-24
130526,shopping,0,DZ,Expats,Male,False,ND,18-24
130527,shopping,36000,BH,Expats,Male,False,ND,18-24
130528,shopping,0,EG,Expats,Male,False,ND,18-24
130529,shopping,0,IQ,Expats,Male,False,ND,18-24
130530,shopping,60000,JO,Expats,Male,False,ND,18-24
130531,shopping,91000,KW,Expats,Male,False,ND,18-24
130532,shopping,60000,LB,Expats,Male,False,ND,18-24
130533,shopping,20000,LY,Expats,Male,False,ND,18-24
130534,shopping,50000,MA,Expats,Male,False,ND,18-24
130535,shopping,106000,OM,Expats,Male,False,ND,18-24
130536,shopping,151000,QA,Expats,Male,False,ND,18-24
130537,shopping,100000,SA,Expats,Male,False,ND,18-24
130538,shopping,3000,SO,Expats,Male,False,ND,18-24
130539,shopping,20000,TN,Expats,Male,False,ND,18-24
130540,shopping,370000,AE,Expats,Male,False,ND,18-24
130541,shopping,10000,YE,Expats,Male,False,ND,18-24
130542,shopping,8000,PS,Expats,Male,False,ND,18-24
130645,shopping,50000,DZ,Expats,Male,False,HS,18-24
130646,shopping,9900,BH,Expats,Male,False,HS,18-24
130647,shopping,0,EG,Expats,Male,False,HS,18-24
130648,shopping,30000,IQ,Expats,Male,False,HS,18-24
130649,shopping,40000,JO,Expats,Male,False,HS,18-24
130650,shopping,20200,KW,Expats,Male,False,HS,18-24
130651,shopping,21000,LB,Expats,Male,False,HS,18-24
130652,shopping,9000,LY,Expats,Male,False,HS,18-24
130653,shopping,40000,MA,Expats,Male,False,HS,18-24
130654,shopping,16000,OM,Expats,Male,False,HS,18-24
130655,shopping,35800,QA,Expats,Male,False,HS,18-24
130656,shopping,100000,SA,Expats,Male,False,HS,18-24
130657,shopping,3000,SO,Expats,Male,False,HS,18-24
130658,shopping,10000,TN,Expats,Male,False,HS,18-24
130659,shopping,114000,AE,Expats,Male,False,HS,18-24
130660,shopping,6000,YE,Expats,Male,False,HS,18-24
130661,shopping,11000,PS,Expats,Male,False,HS,18-24
131597,shopping,60000,DZ,Expats,Female,False,GRAD,18-24
131598,shopping,6800,BH,Expats,Female,False,GRAD,18-24
131599,shopping,100000,EG,Expats,Female,False,GRAD,18-24
131600,shopping,20000,IQ,Expats,Female,False,GRAD,18-24
131601,shopping,30000,JO,Expats,Female,False,GRAD,18-24
131602,shopping,17300,KW,Expats,Female,False,GRAD,18-24
131603,shopping,15000,LB,Expats,Female,False,GRAD,18-24
131604,shopping,7000,LY,Expats,Female,False,GRAD,18-24
131605,shopping,40000,MA,Expats,Female,False,GRAD,18-24
131606,shopping,7500,OM,Expats,Female,False,GRAD,18-24
131607,shopping,20600,QA,Expats,Female,False,GRAD,18-24
131608,shopping,70000,SA,Expats,Female,False,GRAD,18-24
131609,shopping,5000,SO,Expats,Female,False,GRAD,18-24
131610,shopping,20000,TN,Expats,Female,False,GRAD,18-24
131611,shopping,95000,AE,Expats,Female,False,GRAD,18-24
131612,shopping,3000,YE,Expats,Female,False,GRAD,18-24
131613,shopping,15000,PS,Expats,Female,False,GRAD,18-24
131716,shopping,50000,DZ,Expats,Female,False,ND,18-24
131717,shopping,9000,BH,Expats,Female,False,ND,18-24
131718,shopping,100000,EG,Expats,Female,False,ND,18-24
131719,shopping,20000,IQ,Expats,Female,False,ND,18-24
131720,shopping,40000,JO,Expats,Female,False,ND,18-24
131721,shopping,40000,KW,Expats,Female,False,ND,18-24
131722,shopping,40000,LB,Expats,Female,False,ND,18-24
131723,shopping,0,LY,Expats,Female,False,ND,18-24
131724,shopping,30000,MA,Expats,Female,False,ND,18-24
131725,shopping,24000,OM,Expats,Female,False,ND,18-24
131726,shopping,30000,QA,Expats,Female,False,ND,18-24
131727,shopping,40000,SA,Expats,Female,False,ND,18-24
131728,shopping,2000,SO,Expats,Female,False,ND,18-24
131729,shopping,10000,TN,Expats,Female,False,ND,18-24
131730,shopping,102000,AE,Expats,Female,False,ND,18-24
131731,shopping,5000,YE,Expats,Female,False,ND,18-24
131732,shopping,9000,PS,Expats,Female,False,ND,18-24
131835,shopping,20000,DZ,Expats,Female,False,HS,18-24
131836,shopping,4300,BH,Expats,Female,False,HS,18-24
131837,shopping,30000,EG,Expats,Female,False,HS,18-24
131838,shopping,10000,IQ,Expats,Female,False,HS,18-24
131839,shopping,40000,JO,Expats,Female,False,HS,18-24
131840,shopping,12700,KW,Expats,Female,False,HS,18-24
131841,shopping,13000,LB,Expats,Female,False,HS,18-24
131842,shopping,4000,LY,Expats,Female,False,HS,18-24
131843,shopping,20000,MA,Expats,Female,False,HS,18-24
131844,shopping,5400,OM,Expats,Female,False,HS,18-24
131845,shopping,11200,QA,Expats,Female,False,HS,18-24
131846,shopping,44000,SA,Expats,Female,False,HS,18-24
131847,shopping,1800,SO,Expats,Female,False,HS,18-24
131848,shopping,10000,TN,Expats,Female,False,HS,18-24
131849,shopping,55000,AE,Expats,Female,False,HS,18-24
131850,shopping,2000,YE,Expats,Female,False,HS,18-24
131851,shopping,13000,PS,Expats,Female,False,HS,18-24
137547,shopping,100000,DZ,Expats,Male,False,GRAD,25-44
137548,shopping,123000,BH,Expats,Male,False,GRAD,25-44
137549,shopping,200000,EG,Expats,Male,False,GRAD,25-44
137550,shopping,100000,IQ,Expats,Male,False,GRAD,25-44
137551,shopping,120000,JO,Expats,Male,False,GRAD,25-44
137552,shopping,342000,KW,Expats,Male,False,GRAD,25-44
137553,shopping,70000,LB,Expats,Male,False,GRAD,25-44
137554,shopping,60000,LY,Expats,Male,False,GRAD,25-44
137555,shopping,170000,MA,Expats,Male,False,GRAD,25-44
137556,shopping,212000,OM,Expats,Male,False,GRAD,25-44
137557,shopping,444000,QA,Expats,Male,False,GRAD,25-44
137558,shopping,1600000,SA,Expats,Male,False,GRAD,25-44
137559,shopping,14000,SO,Expats,Male,False,GRAD,25-44
137560,shopping,60000,TN,Expats,Male,False,GRAD,25-44
137561,shopping,1640000,AE,Expats,Male,False,GRAD,25-44
137562,shopping,30000,YE,Expats,Male,False,GRAD,25-44
137563,shopping,40000,PS,Expats,Male,False,GRAD,25-44
137666,shopping,100000,DZ,Expats,Male,False,ND,25-44
137667,shopping,113000,BH,Expats,Male,False,ND,25-44
137668,shopping,100000,EG,Expats,Male,False,ND,25-44
137669,shopping,100000,IQ,Expats,Male,False,ND,25-44
137670,shopping,110000,JO,Expats,Male,False,ND,25-44
137671,shopping,360000,KW,Expats,Male,False,ND,25-44
137672,shopping,100000,LB,Expats,Male,False,ND,25-44
137673,shopping,60000,LY,Expats,Male,False,ND,25-44
137674,shopping,100000,MA,Expats,Male,False,ND,25-44
137675,shopping,241000,OM,Expats,Male,False,ND,25-44
137676,shopping,319000,QA,Expats,Male,False,ND,25-44
137677,shopping,400000,SA,Expats,Male,False,ND,25-44
137678,shopping,5000,SO,Expats,Male,False,ND,25-44
137679,shopping,40000,TN,Expats,Male,False,ND,25-44
137680,shopping,970000,AE,Expats,Male,False,ND,25-44
137681,shopping,20000,YE,Expats,Male,False,ND,25-44
137682,shopping,12000,PS,Expats,Male,False,ND,25-44
137785,shopping,40000,DZ,Expats,Male,False,HS,25-44
137786,shopping,32900,BH,Expats,Male,False,HS,25-44
137787,shopping,50000,EG,Expats,Male,False,HS,25-44
137788,shopping,40000,IQ,Expats,Male,False,HS,25-44
137789,shopping,40000,JO,Expats,Male,False,HS,25-44
137790,shopping,96000,KW,Expats,Male,False,HS,25-44
137791,shopping,26000,LB,Expats,Male,False,HS,25-44
137792,shopping,15000,LY,Expats,Male,False,HS,25-44
137793,shopping,30000,MA,Expats,Male,False,HS,25-44
137794,shopping,52000,OM,Expats,Male,False,HS,25-44
137795,shopping,108000,QA,Expats,Male,False,HS,25-44
137796,shopping,370000,SA,Expats,Male,False,HS,25-44
137797,shopping,2300,SO,Expats,Male,False,HS,25-44
137798,shopping,10000,TN,Expats,Male,False,HS,25-44
137799,shopping,362000,AE,Expats,Male,False,HS,25-44
137800,shopping,6000,YE,Expats,Male,False,HS,25-44
137801,shopping,7000,PS,Expats,Male,False,HS,25-44
138737,shopping,40000,DZ,Expats,Female,False,GRAD,25-44
138738,shopping,44000,BH,Expats,Female,False,GRAD,25-44
138739,shopping,100000,EG,Expats,Female,False,GRAD,25-44
138740,shopping,30000,IQ,Expats,Female,False,GRAD,25-44
138741,shopping,70000,JO,Expats,Female,False,GRAD,25-44
138742,shopping,154000,KW,Expats,Female,False,GRAD,25-44
138743,shopping,40000,LB,Expats,Female,False,GRAD,25-44
138744,shopping,20000,LY,Expats,Female,False,GRAD,25-44
138745,shopping,40000,MA,Expats,Female,False,GRAD,25-44
138746,shopping,50000,OM,Expats,Female,False,GRAD,25-44
138747,shopping,132000,QA,Expats,Female,False,GRAD,25-44
138748,shopping,360000,SA,Expats,Female,False,GRAD,25-44
138749,shopping,4000,SO,Expats,Female,False,GRAD,25-44
138750,shopping,30000,TN,Expats,Female,False,GRAD,25-44
138751,shopping,628000,AE,Expats,Female,False,GRAD,25-44
138752,shopping,5000,YE,Expats,Female,False,GRAD,25-44
138753,shopping,26000,PS,Expats,Female,False,GRAD,25-44
138856,shopping,50000,DZ,Expats,Female,False,ND,25-44
138857,shopping,30000,BH,Expats,Female,False,ND,25-44
138858,shopping,0,EG,Expats,Female,False,ND,25-44
138859,shopping,20000,IQ,Expats,Female,False,ND,25-44
138860,shopping,60000,JO,Expats,Female,False,ND,25-44
138861,shopping,120000,KW,Expats,Female,False,ND,25-44
138862,shopping,50000,LB,Expats,Female,False,ND,25-44
138863,shopping,20000,LY,Expats,Female,False,ND,25-44
138864,shopping,40000,MA,Expats,Female,False,ND,25-44
138865,shopping,40000,OM,Expats,Female,False,ND,25-44
138866,shopping,69000,QA,Expats,Female,False,ND,25-44
138867,shopping,100000,SA,Expats,Female,False,ND,25-44
138868,shopping,2000,SO,Expats,Female,False,ND,25-44
138869,shopping,20000,TN,Expats,Female,False,ND,25-44
138870,shopping,281000,AE,Expats,Female,False,ND,25-44
138871,shopping,4000,YE,Expats,Female,False,ND,25-44
138872,shopping,12000,PS,Expats,Female,False,ND,25-44
138975,shopping,10000,DZ,Expats,Female,False,HS,25-44
138976,shopping,12600,BH,Expats,Female,False,HS,25-44
138977,shopping,20000,EG,Expats,Female,False,HS,25-44
138978,shopping,10000,IQ,Expats,Female,False,HS,25-44
138979,shopping,24000,JO,Expats,Female,False,HS,25-44
138980,shopping,54500,KW,Expats,Female,False,HS,25-44
138981,shopping,17000,LB,Expats,Female,False,HS,25-44
138982,shopping,4000,LY,Expats,Female,False,HS,25-44
138983,shopping,10000,MA,Expats,Female,False,HS,25-44
138984,shopping,12300,OM,Expats,Female,False,HS,25-44
138985,shopping,31800,QA,Expats,Female,False,HS,25-44
138986,shopping,101000,SA,Expats,Female,False,HS,25-44
138987,shopping,800,SO,Expats,Female,False,HS,25-44
138988,shopping,10000,TN,Expats,Female,False,HS,25-44
138989,shopping,134000,AE,Expats,Female,False,HS,25-44
138990,shopping,1200,YE,Expats,Female,False,HS,25-44
138991,shopping,6000,PS,Expats,Female,False,HS,25-44
141117,shopping,20000,DZ,Expats,Male,False,GRAD,45+
141118,shopping,17600,BH,Expats,Male,False,GRAD,45+
141119,shopping,40000,EG,Expats,Male,False,GRAD,45+
141120,shopping,30000,IQ,Expats,Male,False,GRAD,45+
141121,shopping,22000,JO,Expats,Male,False,GRAD,45+
141122,shopping,53200,KW,Expats,Male,False,GRAD,45+
141123,shopping,11000,LB,Expats,Male,False,GRAD,45+
141124,shopping,8000,LY,Expats,Male,False,GRAD,45+
141125,shopping,20000,MA,Expats,Male,False,GRAD,45+
141126,shopping,24900,OM,Expats,Male,False,GRAD,45+
141127,shopping,54400,QA,Expats,Male,False,GRAD,45+
141128,shopping,210000,SA,Expats,Male,False,GRAD,45+
141129,shopping,1700,SO,Expats,Male,False,GRAD,45+
141130,shopping,10000,TN,Expats,Male,False,GRAD,45+
141131,shopping,175000,AE,Expats,Male,False,GRAD,45+
141132,shopping,3000,YE,Expats,Male,False,GRAD,45+
141133,shopping,5000,PS,Expats,Male,False,GRAD,45+
141236,shopping,30000,DZ,Expats,Male,False,ND,45+
141237,shopping,20700,BH,Expats,Male,False,ND,45+
141238,shopping,30000,EG,Expats,Male,False,ND,45+
141239,shopping,20000,IQ,Expats,Male,False,ND,45+
141240,shopping,30000,JO,Expats,Male,False,ND,45+
141241,shopping,77000,KW,Expats,Male,False,ND,45+
141242,shopping,21000,LB,Expats,Male,False,ND,45+
141243,shopping,9000,LY,Expats,Male,False,ND,45+
141244,shopping,20000,MA,Expats,Male,False,ND,45+
141245,shopping,26400,OM,Expats,Male,False,ND,45+
141246,shopping,47600,QA,Expats,Male,False,ND,45+
141247,shopping,60000,SA,Expats,Male,False,ND,45+
141248,shopping,1000,SO,Expats,Male,False,ND,45+
141249,shopping,10000,TN,Expats,Male,False,ND,45+
141250,shopping,148000,AE,Expats,Male,False,ND,45+
141251,shopping,1000,YE,Expats,Male,False,ND,45+
141252,shopping,4000,PS,Expats,Male,False,ND,45+
141355,shopping,6000,DZ,Expats,Male,False,HS,45+
141356,shopping,6000,BH,Expats,Male,False,HS,45+
141357,shopping,10000,EG,Expats,Male,False,HS,45+
141358,shopping,5000,IQ,Expats,Male,False,HS,45+
141359,shopping,7000,JO,Expats,Male,False,HS,45+
141360,shopping,16700,KW,Expats,Male,False,HS,45+
141361,shopping,3000,LB,Expats,Male,False,HS,45+
141362,shopping,2000,LY,Expats,Male,False,HS,45+
141363,shopping,5000,MA,Expats,Male,False,HS,45+
141364,shopping,6700,OM,Expats,Male,False,HS,45+
141365,shopping,14600,QA,Expats,Male,False,HS,45+
141366,shopping,51000,SA,Expats,Male,False,HS,45+
141367,shopping,400,SO,Expats,Male,False,HS,45+
141368,shopping,4000,TN,Expats,Male,False,HS,45+
141369,shopping,49300,AE,Expats,Male,False,HS,45+
141370,shopping,600,YE,Expats,Male,False,HS,45+
141371,shopping,1500,PS,Expats,Male,False,HS,45+
142307,shopping,7000,DZ,Expats,Female,False,GRAD,45+
142308,shopping,7900,BH,Expats,Female,False,GRAD,45+
142309,shopping,20000,EG,Expats,Female,False,GRAD,45+
142310,shopping,4000,IQ,Expats,Female,False,GRAD,45+
142311,shopping,16000,JO,Expats,Female,False,GRAD,45+
142312,shopping,21500,KW,Expats,Female,False,GRAD,45+
142313,shopping,9000,LB,Expats,Female,False,GRAD,45+
142314,shopping,3000,LY,Expats,Female,False,GRAD,45+
142315,shopping,7000,MA,Expats,Female,False,GRAD,45+
142316,shopping,7800,OM,Expats,Female,False,GRAD,45+
142317,shopping,15300,QA,Expats,Female,False,GRAD,45+
142318,shopping,49000,SA,Expats,Female,False,GRAD,45+
142319,shopping,300,SO,Expats,Female,False,GRAD,45+
142320,shopping,5000,TN,Expats,Female,False,GRAD,45+
142321,shopping,77100,AE,Expats,Female,False,GRAD,45+
142322,shopping,400,YE,Expats,Female,False,GRAD,45+
142323,shopping,3500,PS,Expats,Female,False,GRAD,45+
142426,shopping,10000,DZ,Expats,Female,False,ND,45+
142427,shopping,7300,BH,Expats,Female,False,ND,45+
142428,shopping,10000,EG,Expats,Female,False,ND,45+
142429,shopping,10000,IQ,Expats,Female,False,ND,45+
142430,shopping,23000,JO,Expats,Female,False,ND,45+
142431,shopping,25100,KW,Expats,Female,False,ND,45+
142432,shopping,20000,LB,Expats,Female,False,ND,45+
142433,shopping,4000,LY,Expats,Female,False,ND,45+
142434,shopping,10000,MA,Expats,Female,False,ND,45+
142435,shopping,5900,OM,Expats,Female,False,ND,45+
142436,shopping,12500,QA,Expats,Female,False,ND,45+
142437,shopping,20000,SA,Expats,Female,False,ND,45+
142438,shopping,300,SO,Expats,Female,False,ND,45+
142439,shopping,6000,TN,Expats,Female,False,ND,45+
142440,shopping,57000,AE,Expats,Female,False,ND,45+
142441,shopping,600,YE,Expats,Female,False,ND,45+
142442,shopping,4000,PS,Expats,Female,False,ND,45+
142545,shopping,2000,DZ,Expats,Female,False,HS,45+
142546,shopping,2660,BH,Expats,Female,False,HS,45+
142547,shopping,5000,EG,Expats,Female,False,HS,45+
142548,shopping,1000,IQ,Expats,Female,False,HS,45+
142549,shopping,6000,JO,Expats,Female,False,HS,45+
142550,shopping,7700,KW,Expats,Female,False,HS,45+
142551,shopping,3000,LB,Expats,Female,False,HS,45+
142552,shopping,800,LY,Expats,Female,False,HS,45+
142553,shopping,3000,MA,Expats,Female,False,HS,45+
142554,shopping,2210,OM,Expats,Female,False,HS,45+
142555,shopping,4190,QA,Expats,Female,False,HS,45+
142556,shopping,14000,SA,Expats,Female,False,HS,45+
142557,shopping,90,SO,Expats,Female,False,HS,45+
142558,shopping,2000,TN,Expats,Female,False,HS,45+
142559,shopping,22300,AE,Expats,Female,False,HS,45+
142560,shopping,120,YE,Expats,Female,False,HS,45+
142561,shopping,1400,PS,Expats,Female,False,HS,45+
173247,mental disease depression,13000,DZ,Expats,Male,False,GRAD,18-24
173248,mental disease depression,580,BH,Expats,Male,False,GRAD,18-24
173249,mental disease depression,10000,EG,Expats,Male,False,GRAD,18-24
173250,mental disease depression,5000,IQ,Expats,Male,False,GRAD,18-24
173251,mental disease depression,3000,JO,Expats,Male,False,GRAD,18-24
173252,mental disease depression,2040,KW,Expats,Male,False,GRAD,18-24
173253,mental disease depression,1500,LB,Expats,Male,False,GRAD,18-24
173254,mental disease depression,2000,LY,Expats,Male,False,GRAD,18-24
173255,mental disease depression,10000,MA,Expats,Male,False,GRAD,18-24
173256,mental disease depression,670,OM,Expats,Male,False,GRAD,18-24
173257,mental disease depression,2680,QA,Expats,Male,False,GRAD,18-24
173258,mental disease depression,15200,SA,Expats,Male,False,GRAD,18-24
173259,mental disease depression,1500,SO,Expats,Male,False,GRAD,18-24
173260,mental disease depression,4000,TN,Expats,Male,False,GRAD,18-24
173261,mental disease depression,7600,AE,Expats,Male,False,GRAD,18-24
173262,mental disease depression,3000,YE,Expats,Male,False,GRAD,18-24
173263,mental disease depression,800,PS,Expats,Male,False,GRAD,18-24
173366,mental disease depression,6000,DZ,Expats,Male,False,ND,18-24
173367,mental disease depression,570,BH,Expats,Male,False,ND,18-24
173368,mental disease depression,3000,EG,Expats,Male,False,ND,18-24
173369,mental disease depression,0,IQ,Expats,Male,False,ND,18-24
173370,mental disease depression,3000,JO,Expats,Male,False,ND,18-24
173371,mental disease depression,4700,KW,Expats,Male,False,ND,18-24
173372,mental disease depression,1900,LB,Expats,Male,False,ND,18-24
173373,mental disease depression,1500,LY,Expats,Male,False,ND,18-24
173374,mental disease depression,5000,MA,Expats,Male,False,ND,18-24
173375,mental disease depression,970,OM,Expats,Male,False,ND,18-24
173376,mental disease depression,2290,QA,Expats,Male,False,ND,18-24
173377,mental disease depression,4000,SA,Expats,Male,False,ND,18-24
173378,mental disease depression,300,SO,Expats,Male,False,ND,18-24
173379,mental disease depression,2000,TN,Expats,Male,False,ND,18-24
173380,mental disease depression,5600,AE,Expats,Male,False,ND,18-24
173381,mental disease depression,1000,YE,Expats,Male,False,ND,18-24
173382,mental disease depression,300,PS,Expats,Male,False,ND,18-24
173485,mental disease depression,5000,DZ,Expats,Male,False,HS,18-24
173486,mental disease depression,270,BH,Expats,Male,False,HS,18-24
173487,mental disease depression,4000,EG,Expats,Male,False,HS,18-24
173488,mental disease depression,2000,IQ,Expats,Male,False,HS,18-24
173489,mental disease depression,2200,JO,Expats,Male,False,HS,18-24
173490,mental disease depression,970,KW,Expats,Male,False,HS,18-24
173491,mental disease depression,900,LB,Expats,Male,False,HS,18-24
173492,mental disease depression,800,LY,Expats,Male,False,HS,18-24
173493,mental disease depression,6000,MA,Expats,Male,False,HS,18-24
173494,mental disease depression,210,OM,Expats,Male,False,HS,18-24
173495,mental disease depression,870,QA,Expats,Male,False,HS,18-24
173496,mental disease depression,5100,SA,Expats,Male,False,HS,18-24
173497,mental disease depression,400,SO,Expats,Male,False,HS,18-24
173498,mental disease depression,2000,TN,Expats,Male,False,HS,18-24
173499,mental disease depression,3150,AE,Expats,Male,False,HS,18-24
173500,mental disease depression,1000,YE,Expats,Male,False,HS,18-24
173501,mental disease depression,500,PS,Expats,Male,False,HS,18-24
174437,mental disease depression,5000,DZ,Expats,Female,False,GRAD,18-24
174438,mental disease depression,260,BH,Expats,Female,False,GRAD,18-24
174439,mental disease depression,0,EG,Expats,Female,False,GRAD,18-24
174440,mental disease depression,600,IQ,Expats,Female,False,GRAD,18-24
174441,mental disease depression,1600,JO,Expats,Female,False,GRAD,18-24
174442,mental disease depression,1000,KW,Expats,Female,False,GRAD,18-24
174443,mental disease depression,1200,LB,Expats,Female,False,GRAD,18-24
174444,mental disease depression,700,LY,Expats,Female,False,GRAD,18-24
174445,mental disease depression,5000,MA,Expats,Female,False,GRAD,18-24
174446,mental disease depression,250,OM,Expats,Female,False,GRAD,18-24
174447,mental disease depression,1260,QA,Expats,Female,False,GRAD,18-24
174448,mental disease depression,4400,SA,Expats,Female,False,GRAD,18-24
174449,mental disease depression,600,SO,Expats,Female,False,GRAD,18-24
174450,mental disease depression,2000,TN,Expats,Female,False,GRAD,18-24
174451,mental disease depression,5400,AE,Expats,Female,False,GRAD,18-24
174452,mental disease depression,400,YE,Expats,Female,False,GRAD,18-24
174453,mental disease depression,600,PS,Expats,Female,False,GRAD,18-24
174556,mental disease depression,3000,DZ,Expats,Female,False,ND,18-24
174557,mental disease depression,160,BH,Expats,Female,False,ND,18-24
174558,mental disease depression,1000,EG,Expats,Female,False,ND,18-24
174559,mental disease depression,0,IQ,Expats,Female,False,ND,18-24
174560,mental disease depression,1100,JO,Expats,Female,False,ND,18-24
174561,mental disease depression,1320,KW,Expats,Female,False,ND,18-24
174562,mental disease depression,1300,LB,Expats,Female,False,ND,18-24
174563,mental disease depression,500,LY,Expats,Female,False,ND,18-24
174564,mental disease depression,2000,MA,Expats,Female,False,ND,18-24
174565,mental disease depression,320,OM,Expats,Female,False,ND,18-24
174566,mental disease depression,510,QA,Expats,Female,False,ND,18-24
174567,mental disease depression,1500,SA,Expats,Female,False,ND,18-24
174568,mental disease depression,200,SO,Expats,Female,False,ND,18-24
174569,mental disease depression,1000,TN,Expats,Female,False,ND,18-24
174570,mental disease depression,2310,AE,Expats,Female,False,ND,18-24
174571,mental disease depression,400,YE,Expats,Female,False,ND,18-24
174572,mental disease depression,300,PS,Expats,Female,False,ND,18-24
174675,mental disease depression,2000,DZ,Expats,Female,False,HS,18-24
174676,mental disease depression,180,BH,Expats,Female,False,HS,18-24
174677,mental disease depression,10000,EG,Expats,Female,False,HS,18-24
174678,mental disease depression,600,IQ,Expats,Female,False,HS,18-24
174679,mental disease depression,1800,JO,Expats,Female,False,HS,18-24
174680,mental disease depression,710,KW,Expats,Female,False,HS,18-24
174681,mental disease depression,900,LB,Expats,Female,False,HS,18-24
174682,mental disease depression,500,LY,Expats,Female,False,HS,18-24
174683,mental disease depression,2000,MA,Expats,Female,False,HS,18-24
174684,mental disease depression,160,OM,Expats,Female,False,HS,18-24
174685,mental disease depression,500,QA,Expats,Female,False,HS,18-24
174686,mental disease depression,2600,SA,Expats,Female,False,HS,18-24
174687,mental disease depression,200,SO,Expats,Female,False,HS,18-24
174688,mental disease depression,1000,TN,Expats,Female,False,HS,18-24
174689,mental disease depression,3110,AE,Expats,Female,False,HS,18-24
174690,mental disease depression,400,YE,Expats,Female,False,HS,18-24
174691,mental disease depression,600,PS,Expats,Female,False,HS,18-24
180387,mental disease depression,10000,DZ,Expats,Male,False,GRAD,25-44
180388,mental disease depression,2160,BH,Expats,Male,False,GRAD,25-44
180389,mental disease depression,10000,EG,Expats,Male,False,GRAD,25-44
180390,mental disease depression,9000,IQ,Expats,Male,False,GRAD,25-44
180391,mental disease depression,6000,JO,Expats,Male,False,GRAD,25-44
180392,mental disease depression,14400,KW,Expats,Male,False,GRAD,25-44
180393,mental disease depression,4000,LB,Expats,Male,False,GRAD,25-44
180394,mental disease depression,4000,LY,Expats,Male,False,GRAD,25-44
180395,mental disease depression,20000,MA,Expats,Male,False,GRAD,25-44
180396,mental disease depression,2550,OM,Expats,Male,False,GRAD,25-44
180397,mental disease depression,13200,QA,Expats,Male,False,GRAD,25-44
180398,mental disease depression,73000,SA,Expats,Male,False,GRAD,25-44
180399,mental disease depression,1200,SO,Expats,Male,False,GRAD,25-44
180400,mental disease depression,4000,TN,Expats,Male,False,GRAD,25-44
180401,mental disease depression,36700,AE,Expats,Male,False,GRAD,25-44
180402,mental disease depression,4000,YE,Expats,Male,False,GRAD,25-44
180403,mental disease depression,1200,PS,Expats,Male,False,GRAD,25-44
180506,mental disease depression,8000,DZ,Expats,Male,False,ND,25-44
180507,mental disease depression,1660,BH,Expats,Male,False,ND,25-44
180508,mental disease depression,0,EG,Expats,Male,False,ND,25-44
180509,mental disease depression,0,IQ,Expats,Male,False,ND,25-44
180510,mental disease depression,5000,JO,Expats,Male,False,ND,25-44
180511,mental disease depression,13800,KW,Expats,Male,False,ND,25-44
180512,mental disease depression,5000,LB,Expats,Male,False,ND,25-44
180513,mental disease depression,4000,LY,Expats,Male,False,ND,25-44
180514,mental disease depression,20000,MA,Expats,Male,False,ND,25-44
180515,mental disease depression,2320,OM,Expats,Male,False,ND,25-44
180516,mental disease depression,5930,QA,Expats,Male,False,ND,25-44
180517,mental disease depression,13000,SA,Expats,Male,False,ND,25-44
180518,mental disease depression,400,SO,Expats,Male,False,ND,25-44
180519,mental disease depression,2000,TN,Expats,Male,False,ND,25-44
180520,mental disease depression,21800,AE,Expats,Male,False,ND,25-44
180521,mental disease depression,2000,YE,Expats,Male,False,ND,25-44
180522,mental disease depression,500,PS,Expats,Male,False,ND,25-44
180625,mental disease depression,3000,DZ,Expats,Male,False,HS,25-44
180626,mental disease depression,720,BH,Expats,Male,False,HS,25-44
180627,mental disease depression,3000,EG,Expats,Male,False,HS,25-44
180628,mental disease depression,3000,IQ,Expats,Male,False,HS,25-44
180629,mental disease depression,2300,JO,Expats,Male,False,HS,25-44
180630,mental disease depression,4290,KW,Expats,Male,False,HS,25-44
180631,mental disease depression,1700,LB,Expats,Male,False,HS,25-44
180632,mental disease depression,1300,LY,Expats,Male,False,HS,25-44
180633,mental disease depression,6000,MA,Expats,Male,False,HS,25-44
180634,mental disease depression,670,OM,Expats,Male,False,HS,25-44
180635,mental disease depression,2850,QA,Expats,Male,False,HS,25-44
180636,mental disease depression,16000,SA,Expats,Male,False,HS,25-44
180637,mental disease depression,270,SO,Expats,Male,False,HS,25-44
180638,mental disease depression,1400,TN,Expats,Male,False,HS,25-44
180639,mental disease depression,7810,AE,Expats,Male,False,HS,25-44
180640,mental disease depression,1000,YE,Expats,Male,False,HS,25-44
180641,mental disease depression,300,PS,Expats,Male,False,HS,25-44
181577,mental disease depression,4000,DZ,Expats,Female,False,GRAD,25-44
181578,mental disease depression,1940,BH,Expats,Female,False,GRAD,25-44
181579,mental disease depression,0,EG,Expats,Female,False,GRAD,25-44
181580,mental disease depression,1000,IQ,Expats,Female,False,GRAD,25-44
181581,mental disease depression,3700,JO,Expats,Female,False,GRAD,25-44
181582,mental disease depression,9000,KW,Expats,Female,False,GRAD,25-44
181583,mental disease depression,5000,LB,Expats,Female,False,GRAD,25-44
181584,mental disease depression,2000,LY,Expats,Female,False,GRAD,25-44
181585,mental disease depression,7000,MA,Expats,Female,False,GRAD,25-44
181586,mental disease depression,2930,OM,Expats,Female,False,GRAD,25-44
181587,mental disease depression,8800,QA,Expats,Female,False,GRAD,25-44
181588,mental disease depression,25000,SA,Expats,Female,False,GRAD,25-44
181589,mental disease depression,300,SO,Expats,Female,False,GRAD,25-44
181590,mental disease depression,3000,TN,Expats,Female,False,GRAD,25-44
181591,mental disease depression,44300,AE,Expats,Female,False,GRAD,25-44
181592,mental disease depression,900,YE,Expats,Female,False,GRAD,25-44
181593,mental disease depression,1100,PS,Expats,Female,False,GRAD,25-44
181696,mental disease depression,4000,DZ,Expats,Female,False,ND,25-44
181697,mental disease depression,660,BH,Expats,Female,False,ND,25-44
181698,mental disease depression,3000,EG,Expats,Female,False,ND,25-44
181699,mental disease depression,1000,IQ,Expats,Female,False,ND,25-44
181700,mental disease depression,1800,JO,Expats,Female,False,ND,25-44
181701,mental disease depression,4120,KW,Expats,Female,False,ND,25-44
181702,mental disease depression,3000,LB,Expats,Female,False,ND,25-44
181703,mental disease depression,1000,LY,Expats,Female,False,ND,25-44
181704,mental disease depression,5000,MA,Expats,Female,False,ND,25-44
181705,mental disease depression,1000,OM,Expats,Female,False,ND,25-44
181706,mental disease depression,2550,QA,Expats,Female,False,ND,25-44
181707,mental disease depression,6000,SA,Expats,Female,False,ND,25-44
181708,mental disease depression,100,SO,Expats,Female,False,ND,25-44
181709,mental disease depression,2000,TN,Expats,Female,False,ND,25-44
181710,mental disease depression,15800,AE,Expats,Female,False,ND,25-44
181711,mental disease depression,600,YE,Expats,Female,False,ND,25-44
181712,mental disease depression,400,PS,Expats,Female,False,ND,25-44
181815,mental disease depression,1000,DZ,Expats,Female,False,HS,25-44
181816,mental disease depression,680,BH,Expats,Female,False,HS,25-44
181817,mental disease depression,2000,EG,Expats,Female,False,HS,25-44
181818,mental disease depression,300,IQ,Expats,Female,False,HS,25-44
181819,mental disease depression,900,JO,Expats,Female,False,HS,25-44
181820,mental disease depression,3300,KW,Expats,Female,False,HS,25-44
181821,mental disease depression,1600,LB,Expats,Female,False,HS,25-44
181822,mental disease depression,300,LY,Expats,Female,False,HS,25-44
181823,mental disease depression,3000,MA,Expats,Female,False,HS,25-44
181824,mental disease depression,500,OM,Expats,Female,False,HS,25-44
181825,mental disease depression,1920,QA,Expats,Female,False,HS,25-44
181826,mental disease depression,6300,SA,Expats,Female,False,HS,25-44
181827,mental disease depression,110,SO,Expats,Female,False,HS,25-44
181828,mental disease depression,400,TN,Expats,Female,False,HS,25-44
181829,mental disease depression,9120,AE,Expats,Female,False,HS,25-44
181830,mental disease depression,300,YE,Expats,Female,False,HS,25-44
181831,mental disease depression,380,PS,Expats,Female,False,HS,25-44
183957,mental disease depression,1500,DZ,Expats,Male,False,GRAD,45+
183958,mental disease depression,540,BH,Expats,Male,False,GRAD,45+
183959,mental disease depression,3000,EG,Expats,Male,False,GRAD,45+
183960,mental disease depression,1000,IQ,Expats,Male,False,GRAD,45+
183961,mental disease depression,1600,JO,Expats,Male,False,GRAD,45+
183962,mental disease depression,2060,KW,Expats,Male,False,GRAD,45+
183963,mental disease depression,900,LB,Expats,Male,False,GRAD,45+
183964,mental disease depression,500,LY,Expats,Male,False,GRAD,45+
183965,mental disease depression,6000,MA,Expats,Male,False,GRAD,45+
183966,mental disease depression,430,OM,Expats,Male,False,GRAD,45+
183967,mental disease depression,2340,QA,Expats,Male,False,GRAD,45+
183968,mental disease depression,10500,SA,Expats,Male,False,GRAD,45+
183969,mental disease depression,180,SO,Expats,Male,False,GRAD,45+
183970,mental disease depression,900,TN,Expats,Male,False,GRAD,45+
183971,mental disease depression,5570,AE,Expats,Male,False,GRAD,45+
183972,mental disease depression,400,YE,Expats,Male,False,GRAD,45+
183973,mental disease depression,300,PS,Expats,Male,False,GRAD,45+
184076,mental disease depression,2000,DZ,Expats,Male,False,ND,45+
184077,mental disease depression,460,BH,Expats,Male,False,ND,45+
184078,mental disease depression,2000,EG,Expats,Male,False,ND,45+
184079,mental disease depression,1000,IQ,Expats,Male,False,ND,45+
184080,mental disease depression,2300,JO,Expats,Male,False,ND,45+
184081,mental disease depression,3030,KW,Expats,Male,False,ND,45+
184082,mental disease depression,1200,LB,Expats,Male,False,ND,45+
184083,mental disease depression,700,LY,Expats,Male,False,ND,45+
184084,mental disease depression,10000,MA,Expats,Male,False,ND,45+
184085,mental disease depression,320,OM,Expats,Male,False,ND,45+
184086,mental disease depression,1090,QA,Expats,Male,False,ND,45+
184087,mental disease depression,3000,SA,Expats,Male,False,ND,45+
184088,mental disease depression,110,SO,Expats,Male,False,ND,45+
184089,mental disease depression,500,TN,Expats,Male,False,ND,45+
184090,mental disease depression,5170,AE,Expats,Male,False,ND,45+
184091,mental disease depression,100,YE,Expats,Male,False,ND,45+
184092,mental disease depression,200,PS,Expats,Male,False,ND,45+
184195,mental disease depression,500,DZ,Expats,Male,False,HS,45+
184196,mental disease depression,230,BH,Expats,Male,False,HS,45+
184197,mental disease depression,1100,EG,Expats,Male,False,HS,45+
184198,mental disease depression,400,IQ,Expats,Male,False,HS,45+
184199,mental disease depression,600,JO,Expats,Male,False,HS,45+
184200,mental disease depression,850,KW,Expats,Male,False,HS,45+
184201,mental disease depression,400,LB,Expats,Male,False,HS,45+
184202,mental disease depression,110,LY,Expats,Male,False,HS,45+
184203,mental disease depression,2000,MA,Expats,Male,False,HS,45+
184204,mental disease depression,120,OM,Expats,Male,False,HS,45+
184205,mental disease depression,580,QA,Expats,Male,False,HS,45+
184206,mental disease depression,2300,SA,Expats,Male,False,HS,45+
184207,mental disease depression,90,SO,Expats,Male,False,HS,45+
184208,mental disease depression,300,TN,Expats,Male,False,HS,45+
184209,mental disease depression,1720,AE,Expats,Male,False,HS,45+
184210,mental disease depression,100,YE,Expats,Male,False,HS,45+
184211,mental disease depression,80,PS,Expats,Male,False,HS,45+
185147,mental disease depression,700,DZ,Expats,Female,False,GRAD,45+
185148,mental disease depression,410,BH,Expats,Female,False,GRAD,45+
185149,mental disease depression,1000,EG,Expats,Female,False,GRAD,45+
185150,mental disease depression,400,IQ,Expats,Female,False,GRAD,45+
185151,mental disease depression,1200,JO,Expats,Female,False,GRAD,45+
185152,mental disease depression,1410,KW,Expats,Female,False,GRAD,45+
185153,mental disease depression,1300,LB,Expats,Female,False,GRAD,45+
185154,mental disease depression,200,LY,Expats,Female,False,GRAD,45+
185155,mental disease depression,2000,MA,Expats,Female,False,GRAD,45+
185156,mental disease depression,530,OM,Expats,Female,False,GRAD,45+
185157,mental disease depression,1240,QA,Expats,Female,False,GRAD,45+
185158,mental disease depression,5000,SA,Expats,Female,False,GRAD,45+
185159,mental disease depression,80,SO,Expats,Female,False,GRAD,45+
185160,mental disease depression,600,TN,Expats,Female,False,GRAD,45+
185161,mental disease depression,8740,AE,Expats,Female,False,GRAD,45+
185162,mental disease depression,120,YE,Expats,Female,False,GRAD,45+
185163,mental disease depression,240,PS,Expats,Female,False,GRAD,45+
185266,mental disease depression,900,DZ,Expats,Female,False,ND,45+
185267,mental disease depression,150,BH,Expats,Female,False,ND,45+
185268,mental disease depression,1000,EG,Expats,Female,False,ND,45+
185269,mental disease depression,400,IQ,Expats,Female,False,ND,45+
185270,mental disease depression,1700,JO,Expats,Female,False,ND,45+
185271,mental disease depression,1330,KW,Expats,Female,False,ND,45+
185272,mental disease depression,1000,LB,Expats,Female,False,ND,45+
185273,mental disease depression,400,LY,Expats,Female,False,ND,45+
185274,mental disease depression,2000,MA,Expats,Female,False,ND,45+
185275,mental disease depression,410,OM,Expats,Female,False,ND,45+
185276,mental disease depression,710,QA,Expats,Female,False,ND,45+
185277,mental disease depression,1800,SA,Expats,Female,False,ND,45+
185278,mental disease depression,20,SO,Expats,Female,False,ND,45+
185279,mental disease depression,600,TN,Expats,Female,False,ND,45+
185280,mental disease depression,5720,AE,Expats,Female,False,ND,45+
185281,mental disease depression,100,YE,Expats,Female,False,ND,45+
185282,mental disease depression,200,PS,Expats,Female,False,ND,45+
185385,mental disease depression,300,DZ,Expats,Female,False,HS,45+
185386,mental disease depression,100,BH,Expats,Female,False,HS,45+
185387,mental disease depression,400,EG,Expats,Female,False,HS,45+
185388,mental disease depression,100,IQ,Expats,Female,False,HS,45+
185389,mental disease depression,440,JO,Expats,Female,False,HS,45+
185390,mental disease depression,570,KW,Expats,Female,False,HS,45+
185391,mental disease depression,500,LB,Expats,Female,False,HS,45+
185392,mental disease depression,110,LY,Expats,Female,False,HS,45+
185393,mental disease depression,900,MA,Expats,Female,False,HS,45+
185394,mental disease depression,110,OM,Expats,Female,False,HS,45+
185395,mental disease depression,340,QA,Expats,Female,False,HS,45+
185396,mental disease depression,1350,SA,Expats,Female,False,HS,45+
185397,mental disease depression,20,SO,Expats,Female,False,HS,45+
185398,mental disease depression,300,TN,Expats,Female,False,HS,45+
185399,mental disease depression,2490,AE,Expats,Female,False,HS,45+
185400,mental disease depression,20,YE,Expats,Female,False,HS,45+
185401,mental disease depression,90,PS,Expats,Female,False,HS,45+
